title,description,source,onet_code,collection_domain,skills,technology_skills,unified_domain
Software Developers,"Software Developers. Core skills: Programming, Critical Thinking, Judgment and Decision Making, Active Learning, Reading Comprehension, Systems Analysis, Active Listening, Complex Problem Solving, Systems Evaluation, Technology Design, Operations Analysis, Writing. Technology skills: Apache Kafka, Apache Maven, Oracle Java 2 Platform Enterprise Edition J2EE, Oracle SQL Developer, Airtable, Blackboard software, GraphQL, Prometheus, Apache Spark, jQuery, Scala, TypeScript.",onet,15-1252.00,computer_science,"[""Programming"", ""Critical Thinking"", ""Judgment and Decision Making"", ""Active Learning"", ""Reading Comprehension"", ""Systems Analysis"", ""Active Listening"", ""Complex Problem Solving"", ""Systems Evaluation"", ""Technology Design"", ""Operations Analysis"", ""Writing"", ""Speaking"", ""Time Management"", ""Coordination"", ""Monitoring"", ""Instructing"", ""Service Orientation"", ""Social Perceptiveness"", ""Mathematics"", ""Operations Monitoring"", ""Persuasion"", ""Quality Control Analysis"", ""Learning Strategies"", ""Negotiation"", ""Troubleshooting"", ""Management of Personnel Resources"", ""Equipment Selection"", ""Science"", ""Operation and Control"", ""Installation"", ""Management of Financial Resources"", ""Management of Material Resources"", ""Equipment Maintenance"", ""Repairing""]","[""Apache Kafka"", ""Apache Maven"", ""Oracle Java 2 Platform Enterprise Edition J2EE"", ""Oracle SQL Developer"", ""Airtable"", ""Blackboard software"", ""GraphQL"", ""Prometheus"", ""Apache Spark"", ""jQuery"", ""Scala"", ""TypeScript"", ""Bootstrap"", ""React"", ""Spring Framework"", ""Vue.js"", ""Apple iOS"", ""Google Android"", ""Microsoft Windows Server"", ""UNIX Shell"", ""Amazon DynamoDB"", ""Oracle Database"", ""Oracle PL/SQL"", ""Redis"", ""Hewlett Packard LoadRunner"", ""JUnit"", ""Selenium"", ""SonarQube"", ""Oracle PeopleSoft"", ""SAP ERP"", ""SAP software"", ""Workday software"", ""Atlassian Bitbucket"", ""GitLab"", ""Red Hat OpenShift"", ""Spring Boot"", ""Jenkins CI"", ""Microsoft Power Automate"", ""Microsoft Power Platform software"", ""Microsoft SQL Server Integration Services SSIS"", ""Chef"", ""IBM Terraform"", ""Perforce Helix software"", ""Puppet"", ""IBM SPSS Statistics"", ""SAS"", ""TensorFlow"", ""The MathWorks MATLAB"", ""Adobe Creative Cloud software"", ""Adobe Illustrator"", ""JamBoard"", ""Trimble SketchUp Pro"", ""Alteryx software"", ""Google Looker Analytics"", ""Microsoft Power BI"", ""Tableau"", ""Microsoft SQL Server Reporting Services SSRS"", ""Oracle Business Intelligence Discoverer"", ""SAP Business Intelligence"", ""SAP Crystal Reports"", ""Amazon Web Services AWS CloudFormation"", ""IBM WebSphere MQ"", ""Oracle Cloud software"", ""Splunk Enterprise"", ""Cisco Webex"", ""Google Meet"", ""LogMeIn GoToMeeting"", ""Zoom"", ""Adobe After Effects"", ""Flipgrid"", ""Screencastify"", ""YouTube"", ""Customer information control system CICS"", ""IBM Middleware"", ""Microsoft Internet Information Services (IIS)"", ""Object Management Group Object Request Broker"", ""3M Post-it App"", ""Google Docs"", ""Microsoft OneNote"", ""Microsoft Word"", ""Figma"", ""Grafana Labs Grafana Cloud"", ""Graphical user interface GUI builder software"", ""Salesforce Visualforce"", ""Adobe Dreamweaver"", ""Google Sites"", ""Social media sites"", ""WordPress"", ""Atlassian Confluence"", ""Microsoft Team Foundation Server"", ""Microsoft Teams"", ""Oracle Primavera Enterprise Project Portfolio Management"", ""Google Gmail"", ""IBM Notes"", ""Microsoft Exchange"", ""Microsoft Outlook"", ""Dropbox"", ""Google Drive"", ""Platform as a service PaaS"", ""Slack"", ""Informatica software"", ""Quest Erwin Data Modeler"", ""Talend Data Fabric"", ""Adobe Acrobat"", ""Document management system software"", ""Microsoft SharePoint"", ""Apache Subversion SVN"", ""Git"", ""Version control software"", ""Blackbaud The Raiser's Edge"", ""Oracle Eloqua"", ""Salesforce software"", ""Encryption software"", ""McAfee"", ""NortonLifeLock cybersecurity software"", ""IBM Rational RequisitePro"", ""Requirements management software"", ""Unified modeling language UML"", ""Google Sheets"", ""Microsoft Excel"", ""Atlassian JIRA"", ""Emerald Software Group Emerald Green Office"", ""Nagios"", ""Wireshark"", ""Citrix cloud computing software"", ""PuTTY"", ""Hibernate ORM"", ""PostgreSQL"", ""Adobe InDesign"", ""Microsoft Publisher"", ""LibreOffice"", ""Microsoft Office software"", ""Firewall software"", ""Virtual private networking VPN software"", ""Blink"", ""GroupMe"", ""Delphi Technology"", ""Oracle E-Business Suite Financials"", ""Backup and archival software"", ""Veritas NetBackup"", ""Google Slides"", ""Microsoft PowerPoint"", ""Google Analytics"", ""Snowflake"", ""Amazon Simple Storage Service S3"", ""Storage area network SAN software"", ""Apache Avro"", ""LexisNexis"", ""File server software"", ""Single sign-on SSO"", ""IBM Power Systems software"", ""Ansible software"", ""IBM z/OS operating systems"", ""VMware"", ""Moodle"", ""Skype"", ""IBM Domino"", ""Apache HTTP Server"", ""LogMeIn GoToWebinar"", ""Microsoft Active Directory"", ""Software distribution management software"", ""Marketo Marketing Automation"", ""Microsoft DirectX"", ""Voice over internet protocol VoIP system software"", ""Migration software"", ""ESRI ArcGIS software"", ""Apache Airflow"", ""Border Gateway Protocol BGP"", ""Microsoft Visio""]",computer_science
Computer Programmers,"Computer Programmers. Core skills: Programming, Active Listening, Complex Problem Solving, Critical Thinking, Quality Control Analysis, Reading Comprehension, Systems Analysis, Judgment and Decision Making, Writing, Active Learning, Mathematics, Operations Analysis. Technology skills: Apache Kafka, Apache Maven, Go, Microsoft PowerShell, Microsoft PowerPoint, Apache Spark, jQuery, Scala, Swift, Django, Google Angular, React.",onet,15-1251.00,computer_science,"[""Programming"", ""Active Listening"", ""Complex Problem Solving"", ""Critical Thinking"", ""Quality Control Analysis"", ""Reading Comprehension"", ""Systems Analysis"", ""Judgment and Decision Making"", ""Writing"", ""Active Learning"", ""Mathematics"", ""Operations Analysis"", ""Social Perceptiveness"", ""Speaking"", ""Systems Evaluation"", ""Time Management"", ""Coordination"", ""Monitoring"", ""Science"", ""Technology Design"", ""Management of Personnel Resources"", ""Persuasion"", ""Instructing"", ""Learning Strategies"", ""Operations Monitoring"", ""Service Orientation"", ""Troubleshooting"", ""Negotiation"", ""Management of Financial Resources"", ""Management of Material Resources"", ""Installation"", ""Operation and Control"", ""Equipment Maintenance"", ""Equipment Selection"", ""Repairing""]","[""Apache Kafka"", ""Apache Maven"", ""Go"", ""Microsoft PowerShell"", ""Microsoft PowerPoint"", ""Apache Spark"", ""jQuery"", ""Scala"", ""Swift"", ""Django"", ""Google Angular"", ""React"", ""Spring Framework"", ""Amazon DynamoDB"", ""Elasticsearch"", ""MongoDB"", ""Oracle PL/SQL"", ""Bash"", ""Microsoft Windows Server"", ""Red Hat Enterprise Linux"", ""UNIX Shell"", ""Amazon Elastic Compute Cloud EC2"", ""Apache Hive"", ""IBM DB2"", ""Transact-SQL"", ""Command interpreters"", ""Inline code expander software"", ""Retargetable compiler"", ""Threaded code compiler"", ""Microsoft Dynamics"", ""Oracle Fusion Applications"", ""Oracle PeopleSoft"", ""SAP software"", ""Extensible markup language XML"", ""IBM InfoSphere DataStage"", ""Microsoft SQL Server Integration Services SSIS"", ""SAP NetWeaver BW"", ""Hewlett Packard LoadRunner"", ""JUnit"", ""Selenium"", ""Symbolic debugger software"", ""Docker"", ""GitHub"", ""Red Hat OpenShift"", ""Spring Boot"", ""IBM SPSS Statistics"", ""Minitab"", ""SAS"", ""The MathWorks MATLAB"", ""Chef"", ""Perforce Helix software"", ""Puppet"", ""Revision control software"", ""IBM Cognos Impromptu"", ""Oracle Business Intelligence Enterprise Edition"", ""Qlik Tech QlikView"", ""Tableau"", ""Nagios"", ""Network intrusion prevention systems NIPS"", ""Snort"", ""Wireshark"", ""Atlassian JIRA"", ""Emerald Software Group Emerald Green Office"", ""Workflow software"", ""Hibernate ORM"", ""Microsoft Visual FoxPro"", ""PostgreSQL"", ""Adobe Illustrator"", ""Adobe Photoshop"", ""Corel CorelDraw Graphics Suite"", ""Adobe Acrobat"", ""Microsoft SharePoint"", ""Virage VS Archive"", ""Basis BBx VisualPRO/5"", ""Graphical user interface GUI design software"", ""Salesforce Visualforce"", ""Bentley MicroStation"", ""Computer aided design and drafting CADD software"", ""Dassault Systemes CATIA"", ""Microsoft SQL Server Reporting Services SSRS"", ""ReCrystallize Crystal Reports"", ""SAP Crystal Reports"", ""Amazon Web Services AWS CloudFormation"", ""IBM WebSphere"", ""Splunk Enterprise"", ""Adobe Dreamweaver"", ""CoffeeCup The HTML Editor"", ""Microsoft FrontPage"", ""ESRI ArcGIS software"", ""Geographic information system GIS software"", ""IBM Notes"", ""Microsoft Exchange"", ""IBM Power Systems software"", ""Microsoft Systems Management Server"", ""Apache Subversion SVN"", ""Git"", ""Delphi Technology"", ""Oracle E-Business Suite Financials"", ""Atlassian Confluence"", ""Microsoft Project"", ""Microsoft Excel"", ""Quest Erwin Data Modeler"", ""Epic Systems"", ""Tax software"", ""Citrix cloud computing software"", ""Ansible software"", ""VMware"", ""IBM Domino"", ""Microsoft Publisher"", ""Apache HTTP Server"", ""Customer information control system CICS"", ""Microsoft Office software"", ""Microsoft Word"", ""Virtual private networking VPN software"", ""McAfee"", ""Human resource management software HRMS"", ""Veritas NetBackup"", ""Google Analytics"", ""Unified modeling language UML"", ""Amazon Simple Storage Service S3"", ""Supervisory control and data acquisition SCADA software"", ""Microsoft Visio""]",computer_science
Software Quality Assurance Analysts and Testers,"Software Quality Assurance Analysts and Testers. Core skills: Reading Comprehension, Active Listening, Critical Thinking, Speaking, Writing, Monitoring, Programming, Complex Problem Solving, Quality Control Analysis, Systems Evaluation, Active Learning, Judgment and Decision Making. Technology skills: Apache Kafka, Apache Maven, Apache Subversion SVN, Oracle Java 2 Platform Enterprise Edition J2EE, Airtable, Apache Hive, Blackboard software, IBM DB2, Hewlett Packard LoadRunner, IBM Rational Robot, JUnit, Selenium.",onet,15-1253.00,computer_science,"[""Reading Comprehension"", ""Active Listening"", ""Critical Thinking"", ""Speaking"", ""Writing"", ""Monitoring"", ""Programming"", ""Complex Problem Solving"", ""Quality Control Analysis"", ""Systems Evaluation"", ""Active Learning"", ""Judgment and Decision Making"", ""Operations Analysis"", ""Systems Analysis"", ""Coordination"", ""Operations Monitoring"", ""Time Management"", ""Learning Strategies"", ""Social Perceptiveness"", ""Troubleshooting"", ""Mathematics"", ""Science"", ""Instructing"", ""Technology Design"", ""Persuasion"", ""Service Orientation"", ""Management of Personnel Resources"", ""Negotiation"", ""Installation"", ""Operation and Control"", ""Equipment Selection"", ""Management of Financial Resources"", ""Management of Material Resources"", ""Repairing"", ""Equipment Maintenance""]","[""Apache Kafka"", ""Apache Maven"", ""Apache Subversion SVN"", ""Oracle Java 2 Platform Enterprise Edition J2EE"", ""Airtable"", ""Apache Hive"", ""Blackboard software"", ""IBM DB2"", ""Hewlett Packard LoadRunner"", ""IBM Rational Robot"", ""JUnit"", ""Selenium"", ""Apache Spark"", ""jQuery"", ""Scala"", ""Swift"", ""Django"", ""Google Angular"", ""React"", ""Spring Framework"", ""Google Android"", ""Microsoft Windows Server"", ""Red Hat Enterprise Linux"", ""UNIX Shell"", ""Amazon DynamoDB"", ""Elasticsearch"", ""MongoDB"", ""Oracle PL/SQL"", ""Chef"", ""Perforce Helix software"", ""Puppet"", ""Visible Razor"", ""Atlassian Bitbucket"", ""GitLab"", ""Red Hat OpenShift"", ""Spring Boot"", ""Microsoft Dynamics"", ""Oracle Fusion Applications"", ""Oracle PeopleSoft"", ""SAP software"", ""IBM SPSS Statistics"", ""Minitab"", ""SAS"", ""The MathWorks MATLAB"", ""Adobe Creative Cloud software"", ""Adobe Illustrator"", ""JamBoard"", ""Trimble SketchUp Pro"", ""Extensible markup language XML"", ""IBM InfoSphere DataStage"", ""Jenkins CI"", ""Microsoft SQL Server Integration Services SSIS"", ""Microsoft SQL Server Reporting Services SSRS"", ""Oracle Business Intelligence Discoverer"", ""SAP Business Intelligence"", ""SAP Crystal Reports"", ""Atlassian Confluence"", ""Atlassian JIRA"", ""Microsoft Team Foundation Server"", ""Microsoft Teams"", ""Cisco Webex"", ""Google Meet"", ""LogMeIn GoToMeeting"", ""Zoom"", ""Adobe After Effects"", ""Flipgrid"", ""Screencastify"", ""YouTube"", ""Customer information control system CICS"", ""IBM Middleware"", ""Microsoft Internet Information Services (IIS)"", ""Object Management Group Object Request Broker"", ""3M Post-it App"", ""Google Docs"", ""Microsoft OneNote"", ""Microsoft Word"", ""IBM Cognos Impromptu"", ""Oracle Business Intelligence Enterprise Edition"", ""Qlik Tech QlikView"", ""Tableau"", ""Anti-spyware software"", ""Antivirus software"", ""McAfee"", ""NortonLifeLock cybersecurity software"", ""Google Gmail"", ""IBM Notes"", ""Microsoft Exchange"", ""Microsoft Outlook"", ""Apple Safari"", ""Microsoft Internet Explorer"", ""Mozilla Firefox"", ""Web browser software"", ""Adobe Dreamweaver"", ""Google Sites"", ""LinkedIn"", ""Social media sites"", ""Emerald Software Group Emerald Green Office"", ""Twiki"", ""Workflow software"", ""Adobe Acrobat"", ""Document management system software"", ""Microsoft SharePoint"", ""Blackbaud The Raiser's Edge"", ""Oracle Eloqua"", ""Salesforce software"", ""Dropbox"", ""Google Drive"", ""Slack"", ""Firewall software"", ""Network intrusion detection software"", ""Virtual private networking VPN software"", ""Graphical user interface GUI builder software"", ""Graphical user interface GUI design software"", ""Salesforce Visualforce"", ""Autodesk AutoCAD"", ""Bentley MicroStation"", ""Dassault Systemes CATIA"", ""Amazon Web Services AWS CloudFormation"", ""IBM WebSphere"", ""Splunk Enterprise"", ""IBM Rational RequisitePro"", ""Requirements management software"", ""Unified modeling language UML"", ""Google Sheets"", ""Microsoft Excel"", ""Quest Erwin Data Modeler"", ""Talend Data Fabric"", ""ESRI ArcGIS software"", ""Geographic information system GIS software"", ""Nagios"", ""Wireshark"", ""Citrix cloud computing software"", ""PuTTY"", ""Hibernate ORM"", ""PostgreSQL"", ""Adobe InDesign"", ""Microsoft Publisher"", ""Git"", ""Version control software"", ""LibreOffice"", ""Microsoft Office software"", ""Blink"", ""GroupMe"", ""Delphi Technology"", ""Oracle E-Business Suite Financials"", ""Backup and archival software"", ""Veritas NetBackup"", ""Google Slides"", ""Microsoft PowerPoint"", ""Amazon Simple Storage Service S3"", ""Storage area network SAN software"", ""Apache Avro"", ""LexisNexis"", ""Epic Systems"", ""File server software"", ""Tax software"", ""IBM Power Systems software"", ""Ansible software"", ""IBM z/OS operating systems"", ""VMware"", ""Moodle"", ""Skype"", ""IBM Domino"", ""Apache HTTP Server"", ""LogMeIn GoToWebinar"", ""Software distribution management software"", ""Microsoft DirectX"", ""Human resource management software HRMS"", ""Voice over internet protocol VoIP system software"", ""Migration software"", ""Google Analytics"", ""Supervisory control and data acquisition SCADA software"", ""Microsoft Visio""]",computer_science
Computer Systems Analysts,"Computer Systems Analysts. Core skills: Speaking, Reading Comprehension, Active Listening, Critical Thinking, Systems Analysis, Systems Evaluation, Active Learning, Judgment and Decision Making, Complex Problem Solving, Monitoring, Writing, Programming. Technology skills: Apache Kafka, Apache Maven, Oracle Java 2 Platform Enterprise Edition J2EE, Oracle SQL Developer, Blackboard software, IBM DB2, ServiceNow, Transact-SQL, Django, Google Angular, React, Spring Framework.",onet,15-1211.00,computer_science,"[""Speaking"", ""Reading Comprehension"", ""Active Listening"", ""Critical Thinking"", ""Systems Analysis"", ""Systems Evaluation"", ""Active Learning"", ""Judgment and Decision Making"", ""Complex Problem Solving"", ""Monitoring"", ""Writing"", ""Programming"", ""Coordination"", ""Learning Strategies"", ""Social Perceptiveness"", ""Time Management"", ""Troubleshooting"", ""Mathematics"", ""Operations Analysis"", ""Operations Monitoring"", ""Quality Control Analysis"", ""Service Orientation"", ""Instructing"", ""Management of Personnel Resources"", ""Technology Design"", ""Persuasion"", ""Negotiation"", ""Operation and Control"", ""Equipment Selection"", ""Science"", ""Management of Financial Resources"", ""Management of Material Resources"", ""Equipment Maintenance"", ""Repairing"", ""Installation""]","[""Apache Kafka"", ""Apache Maven"", ""Oracle Java 2 Platform Enterprise Edition J2EE"", ""Oracle SQL Developer"", ""Blackboard software"", ""IBM DB2"", ""ServiceNow"", ""Transact-SQL"", ""Django"", ""Google Angular"", ""React"", ""Spring Framework"", ""Functional testing software"", ""Hewlett Packard LoadRunner"", ""JUnit"", ""Selenium"", ""C#"", ""jQuery"", ""Scala"", ""Swift"", ""Amazon DynamoDB"", ""Apache Hive"", ""Oracle Database"", ""Oracle PL/SQL"", ""Bash"", ""Microsoft Windows Server"", ""Red Hat Enterprise Linux"", ""UNIX Shell"", ""Chef"", ""HyperSpace"", ""Perforce Helix software"", ""Puppet"", ""Microsoft Dynamics"", ""Oracle PeopleSoft"", ""SAP ERP"", ""SAP software"", ""Extensible markup language XML"", ""IBM InfoSphere DataStage"", ""Microsoft SQL Server Integration Services SSIS"", ""WebFOCUS"", ""Apache Spark"", ""IBM Cognos Impromptu"", ""Microsoft Power BI"", ""Tableau"", ""Docker"", ""GitHub"", ""Red Hat OpenShift"", ""Spring Boot"", ""IBM SPSS Statistics"", ""Minitab"", ""SAS"", ""The MathWorks MATLAB"", ""Epic Systems"", ""Medical condition coding software"", ""Medical procedure coding software"", ""MEDITECH software"", ""Remote control software"", ""Skype"", ""Stac Software ReachOut"", ""Symantec pcAnywhere"", ""Dassault Systemes CATIA"", ""Electronic design automation EDA software"", ""OrCAD Capture"", ""SpectraQuest"", ""Architecture description language ADL"", ""Popkin System Architect"", ""Requirements management software"", ""Unified modeling language UML"", ""Atlassian Confluence"", ""Microsoft Team Foundation Server"", ""Microsoft Teams"", ""Oracle Primavera Enterprise Project Portfolio Management"", ""Informatica Corporation PowerCenter"", ""Oracle Master Data Management MDM Suite"", ""Quest Erwin Data Modeler"", ""SAP Master Data Management MDM"", ""Nagios"", ""Network intrusion prevention systems NIPS"", ""Snort"", ""Wireshark"", ""Customer information control system CICS"", ""Microsoft Internet Information Services (IIS)"", ""Sun Microsystems Sun ONE"", ""Web server software"", ""Amazon Web Services AWS CloudFormation"", ""IBM WebSphere"", ""Oracle Cloud software"", ""Splunk Enterprise"", ""IBM Notes"", ""Microsoft Exchange"", ""Microsoft Outlook"", ""Hibernate ORM"", ""Microsoft Visual FoxPro"", ""PostgreSQL"", ""Apache Subversion SVN"", ""Git"", ""Version control software"", ""Blackbaud The Raiser's Edge"", ""Oracle Eloqua"", ""Salesforce software"", ""3M Post-it App"", ""Google Docs"", ""Microsoft Word"", ""Cost estimating software"", ""Delphi Technology"", ""Oracle E-Business Suite Financials"", ""McAfee"", ""NortonLifeLock cybersecurity software"", ""Virus scanning software"", ""Microsoft SQL Server Reporting Services SSRS"", ""Oracle Business Intelligence Suite"", ""SAP Crystal Reports"", ""ADP Workforce Now"", ""Human resource management software HRMS"", ""Oracle Taleo"", ""ESRI ArcGIS software"", ""Geographic information system GIS software"", ""Diagramming software"", ""Omni Group OmniGraffle"", ""Fund accounting software"", ""Tax software"", ""Access management software"", ""Citrix cloud computing software"", ""Adobe Illustrator"", ""Adobe Photoshop"", ""Adobe Acrobat"", ""Microsoft SharePoint"", ""Cisco Systems CiscoWorks"", ""Element management software"", ""System and data disaster recovery software"", ""Veritas NetBackup"", ""Flow chart software"", ""Microsoft Visio"", ""Microsoft Excel"", ""Atlassian JIRA"", ""Help desk software"", ""IBM Power Systems software"", ""Ansible software"", ""VMware"", ""Cisco Webex"", ""IBM Domino"", ""Microsoft Publisher"", ""Apache HTTP Server"", ""YouTube"", ""Virtual private networking VPN software"", ""Slido interaction software"", ""Microsoft Office software"", ""Slack"", ""Salesforce Visualforce"", ""Blink"", ""Active directory software"", ""Marketo Marketing Automation"", ""Voice over internet protocol VoIP system software"", ""Microsoft PowerPoint"", ""Adobe Dreamweaver"", ""Google Analytics"", ""Amazon Simple Storage Service S3"", ""Supervisory control and data acquisition SCADA software"", ""LexisNexis"", ""Time sharing option TSO software""]",computer_science
Computer Systems Engineers/Architects,"Computer Systems Engineers/Architects. Core skills: Active Listening, Critical Thinking, Reading Comprehension, Speaking, Systems Analysis, Systems Evaluation, Writing, Complex Problem Solving, Operations Analysis, Active Learning, Monitoring, Programming. Technology skills: Django, Google Angular, React, Spring Framework, Atlassian Confluence, Microsoft Project, Microsoft Teams, Oracle Primavera Enterprise Project Portfolio Management, Apache Kafka, Apache Maven, Go, Oracle Java 2 Platform Enterprise Edition J2EE.",onet,15-1299.08,computer_science,"[""Active Listening"", ""Critical Thinking"", ""Reading Comprehension"", ""Speaking"", ""Systems Analysis"", ""Systems Evaluation"", ""Writing"", ""Complex Problem Solving"", ""Operations Analysis"", ""Active Learning"", ""Monitoring"", ""Programming"", ""Judgment and Decision Making"", ""Quality Control Analysis"", ""Coordination"", ""Instructing"", ""Learning Strategies"", ""Management of Personnel Resources"", ""Mathematics"", ""Operations Monitoring"", ""Science"", ""Service Orientation"", ""Social Perceptiveness"", ""Time Management"", ""Persuasion"", ""Negotiation"", ""Technology Design"", ""Troubleshooting"", ""Equipment Selection"", ""Management of Financial Resources"", ""Management of Material Resources"", ""Operation and Control"", ""Equipment Maintenance"", ""Repairing"", ""Installation""]","[""Django"", ""Google Angular"", ""React"", ""Spring Framework"", ""Atlassian Confluence"", ""Microsoft Project"", ""Microsoft Teams"", ""Oracle Primavera Enterprise Project Portfolio Management"", ""Apache Kafka"", ""Apache Maven"", ""Go"", ""Oracle Java 2 Platform Enterprise Edition J2EE"", ""Bash"", ""Microsoft Windows Server"", ""Red Hat Enterprise Linux"", ""UNIX Shell"", ""Amazon DynamoDB"", ""Apache Hive"", ""Oracle PL/SQL"", ""Redis"", ""jQuery"", ""Scala"", ""Swift"", ""TypeScript"", ""GraphQL"", ""IBM DB2"", ""Prometheus"", ""ServiceNow"", ""Atlassian Bitbucket"", ""GitLab"", ""Red Hat OpenShift"", ""Spring Boot"", ""Clarity Systems IBM Clarity"", ""Microsoft Dynamics"", ""Oracle PeopleSoft"", ""SAP software"", ""Extensible markup language XML"", ""Jenkins CI"", ""Microsoft Power Platform software"", ""Microsoft SQL Server Integration Services SSIS"", ""Autodesk AutoCAD"", ""Autodesk Revit"", ""Bentley MicroStation"", ""Dassault Systemes SolidWorks"", ""Chef"", ""IBM Terraform"", ""Perforce Helix software"", ""Puppet"", ""Apache Spark"", ""IBM Cognos Impromptu"", ""Oracle Business Intelligence Enterprise Edition"", ""Tableau"", ""Amazon Web Services AWS CloudFormation"", ""IBM WebSphere MQ"", ""Oracle Cloud software"", ""Splunk Enterprise"", ""IBM SPSS Statistics"", ""Minitab"", ""SAS"", ""The MathWorks MATLAB"", ""Nagios"", ""Network intrusion prevention systems NIPS"", ""Snort"", ""Wireshark"", ""Adobe Creative Cloud software"", ""Adobe Photoshop"", ""Trimble SketchUp Pro"", ""BEA Tuxedo"", ""Customer information control system CICS"", ""Microsoft Internet Information Services (IIS)"", ""Dropbox"", ""Slack"", ""Software as a service SaaS"", ""Altia Design"", ""Grafana Labs Grafana Cloud"", ""Salesforce Visualforce"", ""Hewlett Packard LoadRunner"", ""JUnit"", ""Selenium"", ""ESRI ArcGIS software"", ""Geographic information system GIS software"", ""Epic Systems"", ""MEDITECH software"", ""IBM Notes"", ""Microsoft Exchange"", ""Citrix cloud computing software"", ""Symark PowerBroker"", ""Hibernate ORM"", ""PostgreSQL"", ""Adobe Acrobat"", ""Microsoft SharePoint"", ""Eko"", ""Skype"", ""Apache Subversion SVN"", ""Git"", ""Intrusion detection system IDS"", ""Virtual private networking VPN software"", ""Oracle Eloqua"", ""Salesforce software"", ""Delphi Technology"", ""Oracle E-Business Suite Financials"", ""Google Ads"", ""Marketo Marketing Automation"", ""McAfee"", ""NortonLifeLock cybersecurity software"", ""Microsoft SQL Server Reporting Services SSRS"", ""SAP Crystal Reports"", ""Human resource management software HRMS"", ""Oracle Taleo"", ""Amazon Simple Storage Service S3"", ""Storage area network SAN software"", ""Microsoft Excel"", ""Quest Erwin Data Modeler"", ""Atlassian JIRA"", ""IBM Power Systems software"", ""Ansible software"", ""VMware"", ""InScribe"", ""Cisco Webex"", ""IBM Domino"", ""Adobe FrameMaker"", ""Apache HTTP Server"", ""Apple Final Cut Pro"", ""IBM Lotus SameTime"", ""Microsoft Office software"", ""3M Post-it App"", ""Firewall software"", ""Blink"", ""Microsoft Active Directory"", ""Web browser software"", ""Voice over internet protocol VoIP system software"", ""Local area network LAN software"", ""Veritas NetBackup"", ""Microsoft PowerPoint"", ""Adobe Dreamweaver"", ""Google Analytics"", ""Unified modeling language UML"", ""Apache Airflow"", ""Supervisory control and data acquisition SCADA software"", ""Border Gateway Protocol BGP"", ""Microsoft Visio"", ""LexisNexis"", ""Wide area network WAN software""]",computer_science
Web and Digital Interface Designers,"Web and Digital Interface Designers. Core skills: . Technology skills: Bootstrap, React, Spring Framework, Vue.js, Airtable, Amazon Elastic Compute Cloud EC2, Blackboard software, Transact-SQL, Apache Kafka, Apache Maven, Go, Oracle Java 2 Platform Enterprise Edition J2EE.",onet,15-1255.00,computer_science,[],"[""Bootstrap"", ""React"", ""Spring Framework"", ""Vue.js"", ""Airtable"", ""Amazon Elastic Compute Cloud EC2"", ""Blackboard software"", ""Transact-SQL"", ""Apache Kafka"", ""Apache Maven"", ""Go"", ""Oracle Java 2 Platform Enterprise Edition J2EE"", ""Apache Spark"", ""jQuery"", ""Scala"", ""TypeScript"", ""Apple iOS"", ""Google Android"", ""Microsoft Windows Server"", ""UNIX Shell"", ""Amazon DynamoDB"", ""Apache Hive"", ""Elasticsearch"", ""Oracle PL/SQL"", ""Microsoft Dynamics"", ""Oracle Fusion Applications"", ""Oracle PeopleSoft"", ""SAP software"", ""Adobe Creative Cloud software"", ""Adobe Illustrator"", ""JamBoard"", ""Trimble SketchUp Pro"", ""Adobe After Effects"", ""Flipgrid"", ""Screencastify"", ""YouTube"", ""Common gateway interface CGI"", ""Extensible markup language XML"", ""IBM InfoSphere DataStage"", ""Microsoft SQL Server Integration Services SSIS"", ""Docker"", ""GitHub"", ""Red Hat OpenShift"", ""Spring Boot"", ""IBM Cognos Impromptu"", ""Oracle Business Intelligence Enterprise Edition"", ""Qlik Tech QlikView"", ""Tableau"", ""Hewlett Packard LoadRunner"", ""JUnit"", ""Selenium"", ""UserZoom"", ""Adobe Dreamweaver"", ""Axure RP"", ""Google Sites"", ""Social media sites"", ""Chef"", ""Perforce Helix software"", ""Puppet"", ""Dropbox"", ""Google Drive"", ""Slack"", ""3M Post-it App"", ""Evernote"", ""Google Docs"", ""IBM SPSS Statistics"", ""SAS"", ""The MathWorks MATLAB"", ""Amazon Web Services AWS CloudFormation"", ""IBM WebSphere"", ""Splunk Enterprise"", ""Atlassian Confluence"", ""Microsoft Project"", ""Oracle Primavera Enterprise Project Portfolio Management"", ""Atlassian JIRA"", ""Sitecore CMS"", ""Nagios"", ""Wireshark"", ""Hibernate ORM"", ""PostgreSQL"", ""Adobe Acrobat"", ""Microsoft SharePoint"", ""Cisco Webex"", ""Google Meet"", ""Adobe InDesign"", ""Microsoft Publisher"", ""Apache Subversion SVN"", ""Git"", ""Oracle Eloqua"", ""Salesforce software"", ""Customer information control system CICS"", ""Microsoft Internet Information Services (IIS)"", ""Figma"", ""Salesforce Visualforce"", ""Google Ads"", ""HubSpot software"", ""Microsoft SQL Server Reporting Services SSRS"", ""SAP Crystal Reports"", ""Apple Keynote"", ""Google Slides"", ""InVision software"", ""Microsoft Visio"", ""Microsoft Excel"", ""Quest Erwin Data Modeler"", ""IBM Notes"", ""IBM Power Systems software"", ""Ansible software"", ""Moodle"", ""Skype"", ""IBM Domino"", ""Apache HTTP Server"", ""Microsoft Office software"", ""Blink"", ""Delphi Technology"", ""NortonLifeLock cybersecurity software"", ""Nearpod"", ""Google Analytics"", ""Unified modeling language UML"", ""Amazon Simple Storage Service S3"", ""Chatbot software""]",computer_science
Web Developers,"Web Developers. Core skills: Programming, Critical Thinking, Complex Problem Solving, Operations Analysis, Reading Comprehension, Active Learning, Active Listening, Judgment and Decision Making, Speaking, Systems Analysis, Writing, Coordination. Technology skills: Bootstrap, React, Spring Framework, Vue.js, Airtable, Blackboard software, GraphQL, Transact-SQL, Apache Kafka, Apache Maven, Apache Subversion SVN, Oracle Java 2 Platform Enterprise Edition J2EE.",onet,15-1254.00,computer_science,"[""Programming"", ""Critical Thinking"", ""Complex Problem Solving"", ""Operations Analysis"", ""Reading Comprehension"", ""Active Learning"", ""Active Listening"", ""Judgment and Decision Making"", ""Speaking"", ""Systems Analysis"", ""Writing"", ""Coordination"", ""Monitoring"", ""Systems Evaluation"", ""Time Management"", ""Learning Strategies"", ""Persuasion"", ""Service Orientation"", ""Social Perceptiveness"", ""Instructing"", ""Mathematics"", ""Negotiation"", ""Quality Control Analysis"", ""Technology Design"", ""Management of Personnel Resources"", ""Operations Monitoring"", ""Troubleshooting"", ""Equipment Selection"", ""Science"", ""Management of Financial Resources"", ""Management of Material Resources"", ""Operation and Control"", ""Installation"", ""Equipment Maintenance"", ""Repairing""]","[""Bootstrap"", ""React"", ""Spring Framework"", ""Vue.js"", ""Airtable"", ""Blackboard software"", ""GraphQL"", ""Transact-SQL"", ""Apache Kafka"", ""Apache Maven"", ""Apache Subversion SVN"", ""Oracle Java 2 Platform Enterprise Edition J2EE"", ""Apache Spark"", ""jQuery"", ""Scala"", ""TypeScript"", ""Amazon DynamoDB"", ""Apache Hive"", ""Oracle PL/SQL"", ""Redis"", ""Google Android"", ""Microsoft Windows Server"", ""Red Hat Enterprise Linux"", ""UNIX Shell"", ""Atlassian Bitbucket"", ""Kubernetes"", ""Red Hat OpenShift"", ""Spring Boot"", ""Extensible markup language XML"", ""IBM InfoSphere DataStage"", ""Jenkins CI"", ""Microsoft SQL Server Integration Services SSIS"", ""Adobe After Effects"", ""Flipgrid"", ""Screencastify"", ""YouTube"", ""Adobe Dreamweaver"", ""Facebook"", ""Google Sites"", ""WordPress"", ""Adobe Creative Cloud software"", ""Adobe Illustrator"", ""JamBoard"", ""Trimble SketchUp Pro"", ""Microsoft Dynamics"", ""Oracle Fusion Applications"", ""Oracle JD Edwards EnterpriseOne"", ""SAP software"", ""IBM Cognos Impromptu"", ""Oracle Business Intelligence Enterprise Edition"", ""Qlik Tech QlikView"", ""Tableau"", ""Hewlett Packard LoadRunner"", ""Jest"", ""JUnit"", ""Selenium"", ""Amazon Web Services AWS CloudFormation"", ""Google Cloud software"", ""IBM WebSphere"", ""Splunk Enterprise"", ""Chef"", ""Perforce Helix software"", ""Puppet"", ""Dropbox"", ""Google Drive"", ""Slack"", ""3M Post-it App"", ""Evernote"", ""Google Docs"", ""Google Ads"", ""HubSpot software"", ""Marketo Marketing Automation"", ""IBM SPSS Statistics"", ""SAS"", ""The MathWorks MATLAB"", ""ESRI ArcGIS software"", ""Geographic information system GIS software"", ""Atlassian JIRA"", ""Sitecore CMS"", ""Nagios"", ""Wireshark"", ""Hibernate ORM"", ""PostgreSQL"", ""Adobe Acrobat"", ""Microsoft SharePoint"", ""Cisco Webex"", ""Google Meet"", ""Adobe InDesign"", ""Microsoft Publisher"", ""Oracle Eloqua"", ""Salesforce software"", ""Customer information control system CICS"", ""Microsoft Internet Information Services (IIS)"", ""Figma"", ""Salesforce Visualforce"", ""Atlassian HipChat"", ""Blink"", ""Microsoft SQL Server Reporting Services SSRS"", ""SAP Crystal Reports"", ""Apple Keynote"", ""Google Slides"", ""Atlassian Confluence"", ""Microsoft Project"", ""InVision software"", ""Microsoft Visio"", ""Microsoft Excel"", ""Quest Erwin Data Modeler"", ""Epic Systems"", ""IBM Notes"", ""IBM Power Systems software"", ""Ansible software"", ""Moodle"", ""Skype"", ""IBM Domino"", ""Apache HTTP Server"", ""Git"", ""Microsoft Office software"", ""Delphi Technology"", ""NortonLifeLock cybersecurity software"", ""Google Analytics"", ""Unified modeling language UML"", ""Amazon Simple Storage Service S3""]",computer_science
Database Architects,"Database Architects. Core skills: Complex Problem Solving, Critical Thinking, Judgment and Decision Making, Reading Comprehension, Systems Analysis, Active Listening, Speaking, Programming, Active Learning, Systems Evaluation, Monitoring, Operations Analysis. Technology skills: Amazon DynamoDB, Elasticsearch, MongoDB, Oracle PL/SQL, Apache Hive, Blackboard software, IBM DB2, Transact-SQL, Django, Google Angular, React, Spring Framework.",onet,15-1243.00,computer_science,"[""Complex Problem Solving"", ""Critical Thinking"", ""Judgment and Decision Making"", ""Reading Comprehension"", ""Systems Analysis"", ""Active Listening"", ""Speaking"", ""Programming"", ""Active Learning"", ""Systems Evaluation"", ""Monitoring"", ""Operations Analysis"", ""Writing"", ""Coordination"", ""Mathematics"", ""Service Orientation"", ""Social Perceptiveness"", ""Technology Design"", ""Time Management"", ""Instructing"", ""Learning Strategies"", ""Persuasion"", ""Negotiation"", ""Management of Personnel Resources"", ""Operations Monitoring"", ""Management of Financial Resources"", ""Management of Material Resources"", ""Quality Control Analysis"", ""Science"", ""Troubleshooting"", ""Operation and Control"", ""Equipment Selection"", ""Installation"", ""Equipment Maintenance"", ""Repairing""]","[""Amazon DynamoDB"", ""Elasticsearch"", ""MongoDB"", ""Oracle PL/SQL"", ""Apache Hive"", ""Blackboard software"", ""IBM DB2"", ""Transact-SQL"", ""Django"", ""Google Angular"", ""React"", ""Spring Framework"", ""Apache Kafka"", ""Apache Maven"", ""Go"", ""Oracle SQL Developer"", ""Informatica software"", ""Quest Erwin Data Modeler"", ""SAP PowerDesigner"", ""Talend Data Fabric"", ""Bash"", ""Microsoft Windows Server"", ""Red Hat Enterprise Linux"", ""UNIX Shell"", ""Apache Spark"", ""jQuery"", ""Scala"", ""Swift"", ""Ellucian Banner ERP"", ""Microsoft Dynamics"", ""Oracle PeopleSoft"", ""SAP software"", ""Data Recovery Software SQL Server Data Recovery"", ""EMC NetWorker"", ""Oracle Recovery Manager"", ""Veritas NetBackup"", ""Extensible markup language XML"", ""IBM InfoSphere DataStage"", ""Microsoft SQL Server Integration Services SSIS"", ""SAS Data Integration Studio"", ""IBM SPSS Statistics"", ""Minitab"", ""SAS"", ""The MathWorks MATLAB"", ""Docker"", ""GitHub"", ""Red Hat OpenShift"", ""Spring Boot"", ""IBM Cognos Impromptu"", ""Micosoft SQL Server Analysis Services SSAS"", ""Microsoft Power BI"", ""Tableau"", ""Microsoft SQL Server Reporting Services SSRS"", ""Oracle Reports"", ""Oracle SQL Plus"", ""SAP Crystal Reports"", ""Chef"", ""Perforce Helix software"", ""Puppet"", ""Red Hat Ansible Engine"", ""Database testing software"", ""Hewlett Packard LoadRunner"", ""JUnit"", ""Selenium"", ""Hibernate ORM"", ""IBM Informix"", ""Object database management system ODBMS"", ""PostgreSQL"", ""Amazon Web Services AWS CloudFormation"", ""IBM WebSphere"", ""Jitterbit"", ""Splunk Enterprise"", ""Google Analytics"", ""IBM InfoSphere Warehouse"", ""Rapid-I RapidMiner"", ""Snowflake"", ""IBM Notes"", ""Microsoft Exchange"", ""Microsoft Outlook"", ""Nagios"", ""Wireshark"", ""Zabbix"", ""Adobe Acrobat"", ""IBM Content Manager"", ""Microsoft SharePoint"", ""Cluster server software"", ""Oracle Real Application Cluster RAC"", ""VMware"", ""Cisco Webex"", ""Google Meet"", ""LogMeIn GoToMeeting"", ""Blackbaud The Raiser's Edge"", ""Oracle Eloqua"", ""Salesforce software"", ""3M Post-it App"", ""Google Docs"", ""Microsoft Word"", ""Encryption software"", ""McAfee"", ""NortonLifeLock cybersecurity software"", ""Atlassian Confluence"", ""Microsoft Project"", ""Oracle Primavera Enterprise Project Portfolio Management"", ""Apache Avro"", ""Data validation software"", ""LexisNexis"", ""ESRI ArcGIS software"", ""Geographic information system GIS software"", ""Access management software"", ""Citrix cloud computing software"", ""Ansible software"", ""Apache Mahout"", ""Apache Subversion SVN"", ""Git"", ""Adobe Dreamweaver"", ""Google Sites"", ""Database capacity planning software"", ""Unified modeling language UML"", ""Amazon Simple Storage Service S3"", ""Storage area network SAN software"", ""Microsoft Visio"", ""Visual Paradigm DB Visual ARCHITECT"", ""Microsoft Excel"", ""Epic Systems"", ""Atlassian JIRA"", ""IBM Power Systems software"", ""Skype"", ""IBM Domino"", ""Microsoft Publisher"", ""Apache HTTP Server"", ""Database security software"", ""LogMeIn GoToWebinar"", ""Customer information control system CICS"", ""Microsoft Office software"", ""Google Drive"", ""CA Easytrieve Report Generator"", ""Virtual private networking VPN software"", ""Autodesk Revit"", ""Redgate SQL Server"", ""Intel Data Migration Software"", ""Nearpod"", ""Microsoft PowerPoint"", ""SolarWinds"", ""Apache Airflow""]",computer_science
Data Scientists,"Data Scientists. Core skills: . Technology skills: Amazon Elastic Compute Cloud EC2, Amazon Redshift, Amazon Web Services AWS software, PyTorch, Microsoft PowerPoint, C#, Oracle Java, Perl, Scala, Apache Kafka, Go, Microsoft Azure software.",onet,15-2051.00,computer_science,[],"[""Amazon Elastic Compute Cloud EC2"", ""Amazon Redshift"", ""Amazon Web Services AWS software"", ""PyTorch"", ""Microsoft PowerPoint"", ""C#"", ""Oracle Java"", ""Perl"", ""Scala"", ""Apache Kafka"", ""Go"", ""Microsoft Azure software"", ""Ruby"", ""IBM SPSS Statistics"", ""SAS"", ""TensorFlow"", ""The MathWorks MATLAB"", ""Apache Cassandra"", ""Apache Hive"", ""Elasticsearch"", ""MongoDB"", ""Alteryx software"", ""Apache Spark"", ""Google Looker Analytics"", ""Microsoft Power BI"", ""Bash"", ""Linux"", ""Shell script"", ""UNIX"", ""Docker"", ""GitHub"", ""Kubernetes"", ""JavaScript"", ""JavaScript Object Notation JSON"", ""RESTful API"", ""Amazon Web Services AWS SageMaker"", ""Google Cloud software"", ""Microsoft Excel"", ""Geographic information system GIS systems"", ""Atlassian JIRA"", ""Splunk Enterprise"", ""PostgreSQL"", ""Management information systems MIS"", ""Git"", ""Jenkins CI"", ""Microsoft Office software"", ""Reporting software"", ""Snowflake"", ""Atlassian Confluence"", ""Amazon Simple Storage Service S3"", ""Apache Airflow"", ""Apache MXNet""]",cloud_devops
Computer User Support Specialists,"Computer User Support Specialists. Core skills: Active Listening, Reading Comprehension, Speaking, Critical Thinking, Complex Problem Solving, Writing, Judgment and Decision Making, Active Learning, Learning Strategies, Monitoring, Service Orientation, Social Perceptiveness. Technology skills: Django, Google Angular, Microsoft ASP.NET, Spring Framework, Blackboard software, MySQL, ServiceNow, Transact-SQL, Apple iOS, Google Android, Microsoft Windows Server, UNIX Shell.",onet,15-1232.00,computer_science,"[""Active Listening"", ""Reading Comprehension"", ""Speaking"", ""Critical Thinking"", ""Complex Problem Solving"", ""Writing"", ""Judgment and Decision Making"", ""Active Learning"", ""Learning Strategies"", ""Monitoring"", ""Service Orientation"", ""Social Perceptiveness"", ""Instructing"", ""Operations Monitoring"", ""Systems Analysis"", ""Time Management"", ""Troubleshooting"", ""Coordination"", ""Operation and Control"", ""Quality Control Analysis"", ""Systems Evaluation"", ""Persuasion"", ""Management of Personnel Resources"", ""Negotiation"", ""Operations Analysis"", ""Installation"", ""Mathematics"", ""Programming"", ""Equipment Maintenance"", ""Repairing"", ""Technology Design"", ""Equipment Selection"", ""Management of Material Resources"", ""Science"", ""Management of Financial Resources""]","[""Django"", ""Google Angular"", ""Microsoft ASP.NET"", ""Spring Framework"", ""Blackboard software"", ""MySQL"", ""ServiceNow"", ""Transact-SQL"", ""Apple iOS"", ""Google Android"", ""Microsoft Windows Server"", ""UNIX Shell"", ""Apache Kafka"", ""Apache Maven"", ""Eclipse IDE"", ""Microsoft PowerShell"", ""Apache Hive"", ""Elasticsearch"", ""MongoDB"", ""Oracle PL/SQL"", ""C#"", ""jQuery"", ""Perl"", ""Swift"", ""Microsoft Dynamics"", ""Oracle Fusion Applications"", ""Oracle PeopleSoft"", ""SAP software"", ""Chef"", ""Patch management software"", ""Perforce Helix software"", ""Puppet"", ""ParentSquare"", ""Remote control software"", ""Skype"", ""Stac Software ReachOut"", ""Docker"", ""GitHub"", ""Oracle WebLogic Server"", ""Spring Boot"", ""Adobe Creative Cloud software"", ""Adobe Illustrator"", ""Adobe Photoshop"", ""Trimble SketchUp Pro"", ""Extensible markup language XML"", ""IBM InfoSphere DataStage"", ""Microsoft SQL Server Integration Services SSIS"", ""Oracle Fusion Middleware"", ""Autodesk AutoCAD"", ""Autodesk Revit"", ""Bentley MicroStation"", ""Dassault Systemes SolidWorks"", ""IBM Cognos Impromptu"", ""Oracle Business Intelligence Enterprise Edition"", ""Qlik Tech QlikView"", ""Tableau"", ""Atlassian Confluence"", ""Google Classroom"", ""Microsoft Teams"", ""Oracle Primavera Enterprise Project Portfolio Management"", ""Cisco Webex"", ""Google Meet"", ""LogMeIn GoToMeeting"", ""Zoom"", ""3M Post-it App"", ""Google Docs"", ""Microsoft OneNote"", ""Microsoft Word"", ""Active directory software"", ""Domain name system DNS"", ""Microsoft Active Directory"", ""Network directory services software"", ""Encryption software"", ""McAfee"", ""NortonLifeLock cybersecurity software"", ""Virus scanning software"", ""Disaster recovery software"", ""Microsoft Volume Shadow Copy Service"", ""Symantec LiveState"", ""Veritas NetBackup"", ""Defect tracking software"", ""Hewlett Packard LoadRunner"", ""JUnit"", ""Personal computer diagnostic software"", ""IBM Notes"", ""Microsoft Exchange"", ""Microsoft Outlook"", ""Fund accounting software"", ""Sage 50 Accounting"", ""Tax software"", ""Dartware InterMapper"", ""Nagios"", ""Wireshark"", ""Adobe Distiller"", ""Adobe InDesign"", ""Microsoft Publisher"", ""Apple Final Cut Pro"", ""Flipgrid"", ""YouTube"", ""Dropbox"", ""Google Drive"", ""Slack"", ""SAS"", ""StataCorp Stata"", ""The MathWorks MATLAB"", ""Adobe Dreamweaver"", ""Facebook"", ""Google Sites"", ""ESRI ArcGIS software"", ""Geographic information system GIS software"", ""Epic Systems"", ""MEDITECH software"", ""Desktop partitioning software"", ""Symantec Norton Utilities"", ""Call center software"", ""Help desk software"", ""Citrix cloud computing software"", ""Mac HelpMate"", ""Hibernate ORM"", ""PostgreSQL"", ""Adobe Acrobat"", ""Microsoft SharePoint"", ""Moodle"", ""Schoology"", ""Apache Subversion SVN"", ""Git"", ""Delphi Technology"", ""Oracle E-Business Suite Financials"", ""Microsoft SQL Server Reporting Services SSRS"", ""SAP Crystal Reports"", ""Human resource management software HRMS"", ""Oracle Taleo"", ""Nearpod"", ""Seesaw"", ""Microsoft PowerPoint"", ""Poll Everywhere"", ""IBM WebSphere"", ""Splunk Enterprise"", ""Information systems integration software"", ""LexisNexis"", ""Microsoft Excel"", ""Quest Erwin Data Modeler"", ""Atlassian JIRA"", ""Password management software"", ""IBM Power Systems software"", ""Ansible software"", ""Remote install server software"", ""VMware"", ""IBM Domino"", ""Apache HTTP Server"", ""Virtual private networking VPN software"", ""Salesforce software"", ""LogMeIn GoToWebinar"", ""Customer information control system CICS"", ""Microsoft Office software"", ""Firewall software"", ""Salesforce Visualforce"", ""Blink"", ""Element management software"", ""Marketo Marketing Automation"", ""Voice over internet protocol VoIP system software"", ""Migration software"", ""SolarWinds"", ""Unified modeling language UML"", ""Media storage management software"", ""Supervisory control and data acquisition SCADA software"", ""Microsoft Visio""]",computer_science
Database Administrators,"Database Administrators. Core skills: Complex Problem Solving, Critical Thinking, Active Listening, Judgment and Decision Making, Reading Comprehension, Active Learning, Programming, Speaking, Monitoring, Writing, Operations Analysis, Systems Analysis. Technology skills: Amazon DynamoDB, Elasticsearch, MongoDB, Oracle PL/SQL, Apache Hive, Blackboard software, IBM DB2, MySQL, Django, Google Angular, Microsoft ASP.NET, Spring Framework.",onet,15-1242.00,computer_science,"[""Complex Problem Solving"", ""Critical Thinking"", ""Active Listening"", ""Judgment and Decision Making"", ""Reading Comprehension"", ""Active Learning"", ""Programming"", ""Speaking"", ""Monitoring"", ""Writing"", ""Operations Analysis"", ""Systems Analysis"", ""Systems Evaluation"", ""Coordination"", ""Instructing"", ""Learning Strategies"", ""Mathematics"", ""Service Orientation"", ""Social Perceptiveness"", ""Time Management"", ""Management of Personnel Resources"", ""Operations Monitoring"", ""Persuasion"", ""Quality Control Analysis"", ""Troubleshooting"", ""Technology Design"", ""Negotiation"", ""Science"", ""Management of Material Resources"", ""Management of Financial Resources"", ""Equipment Selection"", ""Operation and Control"", ""Installation"", ""Repairing"", ""Equipment Maintenance""]","[""Amazon DynamoDB"", ""Elasticsearch"", ""MongoDB"", ""Oracle PL/SQL"", ""Apache Hive"", ""Blackboard software"", ""IBM DB2"", ""MySQL"", ""Django"", ""Google Angular"", ""Microsoft ASP.NET"", ""Spring Framework"", ""Apache Kafka"", ""Apache Maven"", ""Go"", ""Oracle SQL Developer"", ""C#"", ""jQuery"", ""Scala"", ""Swift"", ""Bash"", ""Microsoft Windows Server"", ""Red Hat Enterprise Linux"", ""UNIX Shell"", ""Ellucian Banner ERP"", ""Microsoft Dynamics"", ""Oracle PeopleSoft"", ""SAP software"", ""Acronis Recovery Expert"", ""EMC NetWorker"", ""HP DataProtector"", ""Veritas NetBackup"", ""Apache Spark"", ""IBM Cognos Impromptu"", ""Microsoft Power BI"", ""Tableau"", ""IBM Rational Data Architect"", ""Informatica software"", ""Pentaho Kettle"", ""Quest Erwin Data Modeler"", ""Docker"", ""Kubernetes"", ""Red Hat OpenShift"", ""Spring Boot"", ""Microsoft SQL Server Reporting Services SSRS"", ""Oracle Reports"", ""Oracle SQL Plus"", ""SAP Crystal Reports"", ""IBM SPSS Statistics"", ""Minitab"", ""SAS"", ""The MathWorks MATLAB"", ""Chef"", ""IBM Terraform"", ""Perforce Helix software"", ""Puppet"", ""BMC Software Control-M"", ""Extensible markup language XML"", ""IBM InfoSphere DataStage"", ""Microsoft SQL Server Integration Services SSIS"", ""Hibernate ORM"", ""IBM Informix"", ""PostgreSQL"", ""Transact-SQL"", ""Database testing software"", ""Hewlett Packard LoadRunner"", ""JUnit"", ""Selenium"", ""Amazon Web Services AWS CloudFormation"", ""IBM WebSphere"", ""Microsoft Azure Data Factory"", ""Splunk Enterprise"", ""IBM Notes"", ""Microsoft Exchange"", ""Microsoft Outlook"", ""Nagios"", ""Wireshark"", ""Zabbix"", ""Cluster server software"", ""Oracle Real Application Cluster RAC"", ""VMware"", ""Cisco Webex"", ""Google Meet"", ""LogMeIn GoToMeeting"", ""Blackbaud The Raiser's Edge"", ""Oracle Eloqua"", ""Salesforce software"", ""Encryption software"", ""McAfee"", ""NortonLifeLock cybersecurity software"", ""Human resource management software HRMS"", ""Oracle Learning Management"", ""Oracle Taleo"", ""Atlassian Confluence"", ""Microsoft Project"", ""Oracle Primavera Enterprise Project Portfolio Management"", ""ESRI ArcGIS software"", ""Geographic information system GIS software"", ""Access management software"", ""Citrix cloud computing software"", ""Ansible software"", ""Apache Mahout"", ""Apache Subversion SVN"", ""Git"", ""Delphi Technology"", ""Oracle E-Business Suite Financials"", ""Autodesk Revit"", ""Dassault Systemes CATIA"", ""Google Analytics"", ""Snowflake"", ""Database capacity planning software"", ""Unified modeling language UML"", ""Amazon Simple Storage Service S3"", ""Storage area network SAN software"", ""Microsoft Visio"", ""Visual Paradigm DB Visual ARCHITECT"", ""Data validation software"", ""LexisNexis"", ""Microsoft Excel"", ""Epic Systems"", ""Atlassian JIRA"", ""Fund accounting software"", ""IBM Power Systems software"", ""Microsoft SharePoint"", ""Skype"", ""IBM Domino"", ""Microsoft Publisher"", ""Apache HTTP Server"", ""Database security software"", ""LogMeIn GoToWebinar"", ""Customer information control system CICS"", ""Microsoft Office software"", ""CA Easytrieve Report Generator"", ""Microsoft Word"", ""Virtual private networking VPN software"", ""Salesforce Visualforce"", ""Redgate SQL Server"", ""Marketo Marketing Automation"", ""Nearpod"", ""Microsoft PowerPoint"", ""SolarWinds"", ""Adobe Dreamweaver"", ""Apache Airflow"", ""Supervisory control and data acquisition SCADA software""]",computer_science
Computer and Information Research Scientists,"Computer and Information Research Scientists. Core skills: Complex Problem Solving, Critical Thinking, Judgment and Decision Making, Active Listening, Reading Comprehension, Systems Analysis, Programming, Systems Evaluation, Active Learning, Speaking, Mathematics, Time Management. Technology skills: Apache Kafka, Eclipse IDE, Go, Oracle Java 2 Platform Enterprise Edition J2EE, Microsoft PowerPoint, IBM SPSS Statistics, SAS, TensorFlow, The MathWorks MATLAB, Amazon DynamoDB, Elasticsearch, Oracle Database.",onet,15-1221.00,computer_science,"[""Complex Problem Solving"", ""Critical Thinking"", ""Judgment and Decision Making"", ""Active Listening"", ""Reading Comprehension"", ""Systems Analysis"", ""Programming"", ""Systems Evaluation"", ""Active Learning"", ""Speaking"", ""Mathematics"", ""Time Management"", ""Writing"", ""Monitoring"", ""Operations Analysis"", ""Science"", ""Technology Design"", ""Coordination"", ""Instructing"", ""Learning Strategies"", ""Social Perceptiveness"", ""Management of Personnel Resources"", ""Persuasion"", ""Service Orientation"", ""Operations Monitoring"", ""Management of Financial Resources"", ""Negotiation"", ""Quality Control Analysis"", ""Troubleshooting"", ""Management of Material Resources"", ""Operation and Control"", ""Equipment Selection"", ""Equipment Maintenance"", ""Repairing"", ""Installation""]","[""Apache Kafka"", ""Eclipse IDE"", ""Go"", ""Oracle Java 2 Platform Enterprise Edition J2EE"", ""Microsoft PowerPoint"", ""IBM SPSS Statistics"", ""SAS"", ""TensorFlow"", ""The MathWorks MATLAB"", ""Amazon DynamoDB"", ""Elasticsearch"", ""Oracle Database"", ""Redis"", ""C#"", ""Oracle Java"", ""Perl"", ""Scala"", ""Apache Hive"", ""Prometheus"", ""PyTorch"", ""Transact-SQL"", ""Bash"", ""Shell script"", ""UNIX"", ""UNIX Shell"", ""Apache Spark"", ""IBM Cognos Impromptu"", ""Microsoft Power BI"", ""Tableau"", ""Chef"", ""IBM Rational Apex"", ""IBM Terraform"", ""Puppet"", ""Django"", ""JavaScript"", ""Node.js"", ""PHP"", ""Docker"", ""GitHub"", ""GitLab"", ""Kubernetes"", ""3D graphics software"", ""Graphics pipelines"", ""Open Graphics Library OpenGL"", ""Extensible markup language XML"", ""IBM InfoSphere DataStage"", ""Jenkins CI"", ""Amazon Web Services AWS CloudFormation"", ""Amazon Web Services AWS SageMaker"", ""Splunk Enterprise"", ""Greenhills Ada compilers"", ""Low-level virtual machine LLVM compilers"", ""Polaris parallelizing compilers"", ""ESRI ArcGIS software"", ""Geographic information system GIS software"", ""Clustermatic"", ""Parallel systems software"", ""Microsoft Dynamics"", ""SAP Business Objects"", ""Apache Subversion SVN"", ""Git"", ""Business software applications"", ""Microsoft Office software"", ""Grafana Labs Grafana Cloud"", ""Waikato Environment for Knowledge Analysis Weka"", ""Computer aided design and drafting CADD software"", ""PTC Creo Parametric"", ""Google Analytics"", ""Snowflake"", ""Microsoft Excel"", ""Quest Erwin Data Modeler"", ""PostgreSQL"", ""Ansible software"", ""IBM Domino"", ""Apache HTTP Server"", ""Video editing software"", ""Google Ads"", ""System testing software"", ""Plug-in file software"", ""Unified modeling language UML"", ""Microsoft Project"", ""Apache Airflow"", ""Chatbot software""]",data_science
Network and Computer Systems Administrators,"Network and Computer Systems Administrators. Core skills: Critical Thinking, Judgment and Decision Making, Reading Comprehension, Systems Analysis, Active Listening, Complex Problem Solving, Monitoring, Systems Evaluation, Troubleshooting, Programming, Operations Monitoring, Speaking. Technology skills: Apache Tomcat, Django, Microsoft ASP.NET, Node.js, Amazon Elastic Compute Cloud EC2, Blackboard software, ServiceNow, Transact-SQL, Nagios, Quest Foglight, Remote monitoring software, Wireshark.",onet,15-1244.00,computer_science,"[""Critical Thinking"", ""Judgment and Decision Making"", ""Reading Comprehension"", ""Systems Analysis"", ""Active Listening"", ""Complex Problem Solving"", ""Monitoring"", ""Systems Evaluation"", ""Troubleshooting"", ""Programming"", ""Operations Monitoring"", ""Speaking"", ""Quality Control Analysis"", ""Active Learning"", ""Operations Analysis"", ""Time Management"", ""Writing"", ""Coordination"", ""Equipment Maintenance"", ""Management of Personnel Resources"", ""Mathematics"", ""Operation and Control"", ""Repairing"", ""Service Orientation"", ""Social Perceptiveness"", ""Equipment Selection"", ""Instructing"", ""Learning Strategies"", ""Management of Material Resources"", ""Persuasion"", ""Technology Design"", ""Negotiation"", ""Installation"", ""Science"", ""Management of Financial Resources""]","[""Apache Tomcat"", ""Django"", ""Microsoft ASP.NET"", ""Node.js"", ""Amazon Elastic Compute Cloud EC2"", ""Blackboard software"", ""ServiceNow"", ""Transact-SQL"", ""Nagios"", ""Quest Foglight"", ""Remote monitoring software"", ""Wireshark"", ""Apache Kafka"", ""Apache Maven"", ""Go"", ""Microsoft PowerShell"", ""Bash"", ""Microsoft Windows Server"", ""Red Hat Enterprise Linux"", ""UNIX Shell"", ""Amazon DynamoDB"", ""Apache Hive"", ""Elasticsearch"", ""Oracle PL/SQL"", ""Microsoft Dynamics"", ""Microsoft Dynamics GP"", ""NetSuite ERP"", ""SAP software"", ""C#"", ""jQuery"", ""Perl"", ""Swift"", ""Cisco Systems CiscoWorks"", ""Hewlett-Packard HP Network Node Manager"", ""Network management software"", ""Network shutdown software"", ""Chef"", ""Patch and update management software"", ""Perforce Helix software"", ""Puppet"", ""Extensible markup language XML"", ""IBM InfoSphere DataStage"", ""Microsoft SQL Server Integration Services SSIS"", ""Systems integration software"", ""Honeypot"", ""McAfee"", ""NortonLifeLock cybersecurity software"", ""Root kit detection software"", ""Docker"", ""GitHub"", ""Oracle WebLogic Server"", ""Red Hat OpenShift"", ""Apache Spark"", ""IBM Cognos Impromptu"", ""Oracle Business Intelligence Enterprise Edition"", ""Tableau"", ""Access management software"", ""Citrix cloud computing software"", ""Mac HelpMate"", ""Remote desktop control software"", ""Intrusion prevention system IPS"", ""Network and system vulnerability assessment software"", ""OpenService Open NerveCenter"", ""Security incident management software"", ""Active directory software"", ""Domain name system DNS"", ""Microsoft Active Directory"", ""Network addressable storage NAS software"", ""Atlassian Confluence"", ""Microsoft Project"", ""Microsoft Teams"", ""Oracle Primavera Enterprise Project Portfolio Management"", ""IBM Notes"", ""Microsoft Exchange"", ""Microsoft Outlook"", ""ParentSquare"", ""Secure shell SSH software"", ""Skype"", ""Management information base MIB software"", ""Network, server and operating system optimization software"", ""Operating system process control software"", ""Firewall software"", ""Network intrusion detection software"", ""Virtual private networking VPN software"", ""Root cause analysis software"", ""SAS"", ""StataCorp Stata"", ""Amazon Web Services AWS CloudFormation"", ""IBM WebSphere"", ""Splunk Enterprise"", ""ESRI ArcGIS software"", ""Geographic information system GIS software"", ""Hibernate ORM"", ""PostgreSQL"", ""Adobe Acrobat"", ""Microsoft SharePoint"", ""Apache Subversion SVN"", ""Git"", ""Delphi Technology"", ""Oracle E-Business Suite Financials"", ""Computer aided design and drafting CADD software"", ""Dassault Systemes CATIA"", ""Microsoft SQL Server Reporting Services SSRS"", ""SAP Crystal Reports"", ""Human resource management software HRMS"", ""Oracle Taleo"", ""Open source routing protocols OSPF"", ""Voice over internet protocol VoIP system software"", ""System and data disaster recovery software"", ""Veritas NetBackup"", ""Computer system diagnostics software"", ""Hewlett Packard LoadRunner"", ""Adobe Dreamweaver"", ""Google Sites"", ""Amazon Simple Storage Service S3"", ""Storage area network SAN software"", ""Microsoft Excel"", ""Quest Erwin Data Modeler"", ""Epic Systems"", ""Diagramming software"", ""Atlassian JIRA"", ""Password management software"", ""Help desk software"", ""IBM Power Systems software"", ""Ansible software"", ""VMware"", ""Moodle"", ""Cisco Webex"", ""IBM Domino"", ""Microsoft Publisher"", ""Apache HTTP Server"", ""Microsoft Windows Terminal Services Access Manager"", ""Blackbaud The Raiser's Edge"", ""Customer information control system CICS"", ""Microsoft Office software"", ""TKSoftware RCM software"", ""Marketo Marketing Automation"", ""Virtual network computing VNC software"", ""Microsoft PowerPoint"", ""SolarWinds"", ""Symantec Ghost Solution Suite"", ""Requirements management software"", ""Supervisory control and data acquisition SCADA software"", ""Border Gateway Protocol BGP"", ""Microsoft Visio"", ""Command interpreters""]",computer_science
Information Security Engineers,"Information Security Engineers. Core skills: Reading Comprehension, Critical Thinking, Active Listening, Monitoring, Writing, Speaking, Quality Control Analysis, Systems Analysis, Systems Evaluation, Active Learning, Complex Problem Solving, Judgment and Decision Making. Technology skills: Apple iOS, Microsoft Windows Server, Red Hat Enterprise Linux, UNIX Shell, Atlassian Confluence, Microsoft Teams, Go, Microsoft Azure software, Microsoft PowerShell, Ruby, C#, Oracle Java.",onet,15-1299.05,computer_science,"[""Reading Comprehension"", ""Critical Thinking"", ""Active Listening"", ""Monitoring"", ""Writing"", ""Speaking"", ""Quality Control Analysis"", ""Systems Analysis"", ""Systems Evaluation"", ""Active Learning"", ""Complex Problem Solving"", ""Judgment and Decision Making"", ""Instructing"", ""Operations Monitoring"", ""Programming"", ""Coordination"", ""Social Perceptiveness"", ""Learning Strategies"", ""Persuasion"", ""Time Management"", ""Negotiation"", ""Management of Personnel Resources"", ""Service Orientation"", ""Troubleshooting"", ""Mathematics"", ""Technology Design"", ""Operation and Control"", ""Equipment Selection"", ""Management of Financial Resources"", ""Management of Material Resources"", ""Operations Analysis"", ""Installation"", ""Repairing"", ""Science"", ""Equipment Maintenance""]","[""Apple iOS"", ""Microsoft Windows Server"", ""Red Hat Enterprise Linux"", ""UNIX Shell"", ""Atlassian Confluence"", ""Microsoft Teams"", ""Go"", ""Microsoft Azure software"", ""Microsoft PowerShell"", ""Ruby"", ""C#"", ""Oracle Java"", ""Perl"", ""R"", ""Amazon Web Services AWS software"", ""IBM DB2"", ""Microsoft SQL Server"", ""ServiceNow"", ""JavaScript"", ""JavaScript Object Notation JSON"", ""PHP"", ""React"", ""IBM QRadar SIEM"", ""Microsoft Azure Sentinel"", ""Snort"", ""Wireshark"", ""Active directory software"", ""Microsoft Active Directory"", ""Network directory services software"", ""Oracle Unified Directory"", ""Chef"", ""IBM Terraform"", ""Puppet"", ""Docker"", ""GitHub"", ""Kubernetes"", ""Enterprise application integration EAI software"", ""Jenkins CI"", ""Microsoft SQL Server Integration Services SSIS"", ""Elasticsearch"", ""MongoDB"", ""NoSQL"", ""Microsoft Defender Antivirus"", ""Microsoft Security Esssentials"", ""Tenable Nessus"", ""ArcSight Enterprise Threat and Risk Management"", ""McAfee Enterprise Security Manager"", ""Splunk Enterprise"", ""Tanium software"", ""IBM Resource Access Control Facility RACF"", ""Intrusion detection system IDS"", ""Microsoft SQL Server Reporting Services SSRS"", ""Reporting software"", ""Amazon Web Services AWS CloudFormation"", ""Google Cloud software"", ""Microsoft Excel"", ""Geographic information system GIS systems"", ""Atlassian JIRA"", ""Single sign-on SSO"", ""Microsoft Outlook"", ""IBM Tivoli software"", ""Ansible software"", ""Microsoft Visio"", ""Microsoft SharePoint"", ""Management information systems MIS"", ""Git"", ""IBM Middleware"", ""Microsoft Office software"", ""Platform as a service PaaS"", ""Collaborative editing software"", ""Firewall software"", ""Microsoft PowerPoint"", ""Border Gateway Protocol BGP""]",computer_science
Remote Sensing Scientists and Technologists,"Remote Sensing Scientists and Technologists. Core skills: Critical Thinking, Reading Comprehension, Active Listening, Science, Speaking, Writing, Complex Problem Solving, Judgment and Decision Making, Mathematics, Systems Analysis, Systems Evaluation, Active Learning. Technology skills: Agisoft Metashape, Calibration software, Litchi, The MathWorks MATLAB, YouTube, C#, Perl, Scala, Swift, Apache Kafka, Go, Microsoft Visual Studio.",onet,19-2099.01,computer_science,"[""Critical Thinking"", ""Reading Comprehension"", ""Active Listening"", ""Science"", ""Speaking"", ""Writing"", ""Complex Problem Solving"", ""Judgment and Decision Making"", ""Mathematics"", ""Systems Analysis"", ""Systems Evaluation"", ""Active Learning"", ""Monitoring"", ""Operations Analysis"", ""Learning Strategies"", ""Coordination"", ""Instructing"", ""Management of Personnel Resources"", ""Programming"", ""Service Orientation"", ""Social Perceptiveness"", ""Time Management"", ""Persuasion"", ""Negotiation"", ""Operations Monitoring"", ""Quality Control Analysis"", ""Technology Design"", ""Operation and Control"", ""Management of Material Resources"", ""Management of Financial Resources"", ""Equipment Selection"", ""Troubleshooting"", ""Equipment Maintenance"", ""Installation"", ""Repairing""]","[""Agisoft Metashape"", ""Calibration software"", ""Litchi"", ""The MathWorks MATLAB"", ""YouTube"", ""C#"", ""Perl"", ""Scala"", ""Swift"", ""Apache Kafka"", ""Go"", ""Microsoft Visual Studio"", ""Ruby"", ""Amazon DynamoDB"", ""Apache Hive"", ""Elasticsearch"", ""Microsoft SQL Server"", ""ESRI Site Scan for ArcGIS"", ""Gamma remote sensing software"", ""Leica Geosystems ERDAS IMAGINE"", ""PCI Geomatics Geomatica"", ""Amazon Elastic Compute Cloud EC2"", ""Amazon Redshift"", ""Amazon Web Services AWS software"", ""Oracle Database"", ""JavaScript"", ""JavaScript Object Notation JSON"", ""Node.js"", ""Ruby on Rails"", ""Bash"", ""Linux"", ""Microsoft Windows"", ""UNIX"", ""Apache HTTP Server"", ""Docker"", ""GitHub"", ""Adobe Creative Cloud software"", ""Image processing software"", ""Microsoft Image Composite Editor"", ""Airdata"", ""Atlassian JIRA"", ""Microsoft Project"", ""ESRI ArcGIS software"", ""Geographic information system GIS systems"", ""Epic Systems"", ""Healthcare common procedure coding system HCPCS"", ""Microsoft Excel"", ""Puppet"", ""Microsoft Outlook"", ""ArduPilot Mission Planner"", ""PostgreSQL"", ""Ansible software"", ""Global positioning system GPS software"", ""Learning management system LMS"", ""Git"", ""Salesforce software"", ""Extensible markup language XML"", ""Microsoft Office software"", ""Microsoft Word"", ""Tableau"", ""Aeronautical charts"", ""Web browser software"", ""Microsoft PowerPoint"", ""Selenium"", ""Amazon Web Services AWS CloudFormation"", ""Amazon Simple Storage Service S3"", ""Microsoft Visio""]",
Radio Frequency Identification Device Specialists,"Radio Frequency Identification Device Specialists. Core skills: Critical Thinking, Active Listening, Speaking, Reading Comprehension, Complex Problem Solving, Judgment and Decision Making, Systems Analysis, Writing, Active Learning, Coordination, Monitoring, Instructing. Technology skills: FitNesse, JUnit, Selenium, Watir, Microsoft PowerPoint, C, Microsoft Visual Basic, Microsoft Visual Studio, Ruby, C#, C++, Oracle Java.",onet,17-2072.01,computer_science,"[""Critical Thinking"", ""Active Listening"", ""Speaking"", ""Reading Comprehension"", ""Complex Problem Solving"", ""Judgment and Decision Making"", ""Systems Analysis"", ""Writing"", ""Active Learning"", ""Coordination"", ""Monitoring"", ""Instructing"", ""Social Perceptiveness"", ""Time Management"", ""Persuasion"", ""Systems Evaluation"", ""Management of Personnel Resources"", ""Operations Monitoring"", ""Quality Control Analysis"", ""Service Orientation"", ""Learning Strategies"", ""Mathematics"", ""Operations Analysis"", ""Equipment Selection"", ""Negotiation"", ""Programming"", ""Technology Design"", ""Troubleshooting"", ""Operation and Control"", ""Equipment Maintenance"", ""Installation"", ""Repairing"", ""Science"", ""Management of Financial Resources"", ""Management of Material Resources""]","[""FitNesse"", ""JUnit"", ""Selenium"", ""Watir"", ""Microsoft PowerPoint"", ""C"", ""Microsoft Visual Basic"", ""Microsoft Visual Studio"", ""Ruby"", ""C#"", ""C++"", ""Oracle Java"", ""Perl"", ""Cygwin"", ""Linux"", ""Magellan Firmware"", ""UNIX"", ""Dassault Systemes SolidWorks"", ""Field programmable gate array FPGA design software"", ""Dynamic host configuration protocol DHCP"", ""Simple network management protocol SNMP software"", ""ANSYS simulation software"", ""The MathWorks MATLAB"", ""Microsoft SQL Server"", ""Structured query language SQL"", ""Microsoft Excel"", ""ESRI ArcGIS software"", ""IBM Notes"", ""Forsk Atoll"", ""SAP software"", ""Extensible markup language XML"", ""Microsoft Office software"", ""Microsoft SQL Server Compact"", ""Device driver software"", ""Web browser software"", ""MapInfo Professional"", ""Unified modeling language UML"", ""Microsoft Project"", ""Microsoft Visio"", ""Wide area network WAN software""]",computer_science
Computer Network Architects,"Computer Network Architects. Core skills: Critical Thinking, Reading Comprehension, Complex Problem Solving, Programming, Systems Evaluation, Active Listening, Judgment and Decision Making, Systems Analysis, Writing, Coordination, Speaking, Active Learning. Technology skills: Django, Google Angular, Microsoft ASP.NET, Spring Framework, Blink, Nagios, Packet analysis software, Symantec Intruder Alert, Wireshark, Apache Kafka, Apache Maven, Go.",onet,15-1241.00,computer_science,"[""Critical Thinking"", ""Reading Comprehension"", ""Complex Problem Solving"", ""Programming"", ""Systems Evaluation"", ""Active Listening"", ""Judgment and Decision Making"", ""Systems Analysis"", ""Writing"", ""Coordination"", ""Speaking"", ""Active Learning"", ""Quality Control Analysis"", ""Monitoring"", ""Technology Design"", ""Time Management"", ""Instructing"", ""Learning Strategies"", ""Mathematics"", ""Negotiation"", ""Operations Monitoring"", ""Persuasion"", ""Service Orientation"", ""Social Perceptiveness"", ""Operations Analysis"", ""Troubleshooting"", ""Management of Personnel Resources"", ""Equipment Selection"", ""Operation and Control"", ""Management of Financial Resources"", ""Management of Material Resources"", ""Equipment Maintenance"", ""Repairing"", ""Science"", ""Installation""]","[""Django"", ""Google Angular"", ""Microsoft ASP.NET"", ""Spring Framework"", ""Blink"", ""Nagios"", ""Packet analysis software"", ""Symantec Intruder Alert"", ""Wireshark"", ""Apache Kafka"", ""Apache Maven"", ""Go"", ""Microsoft PowerShell"", ""Bash"", ""Google Android"", ""Red Hat Enterprise Linux"", ""UNIX Shell"", ""Amazon DynamoDB"", ""Apache Hive"", ""Elasticsearch"", ""Oracle PL/SQL"", ""Cisco Systems CiscoWorks"", ""Element management software"", ""Netreo OmniCenter"", ""Riverbed Technology"", ""Intrusion prevention system IPS"", ""LogRhythm"", ""Microsoft Forefront Threat Management Gateway"", ""Virtual private networking VPN software"", ""C#"", ""jQuery"", ""Scala"", ""Swift"", ""Chef"", ""IBM Terraform"", ""Perforce Helix software"", ""Puppet"", ""CA eTrust"", ""McAfee VirusScan"", ""NortonLifeLock cybersecurity software"", ""Ping Identity"", ""Amazon Elastic Compute Cloud EC2"", ""Amazon Redshift"", ""Amazon Web Services AWS software"", ""Transact-SQL"", ""Docker"", ""Microsoft Windows Server"", ""Red Hat OpenShift"", ""Spring Boot"", ""Border Gateway Protocol BGP"", ""Cisco Systems Cisco Web Cache Communication Protocol WCCP"", ""Cisco Systems Gateway Load Balancing Protocol GLBP"", ""Virtual Router Redundancy Protocol VRRP"", ""EMC Smarts Network Protocol Manager"", ""Infoblox NetMRI"", ""Silver Peak"", ""Wide area network WAN optimization software"", ""Apache Spark"", ""IBM Cognos Impromptu"", ""Oracle Business Intelligence Enterprise Edition"", ""Tableau"", ""Hewlett Packard LoadRunner"", ""JUnit"", ""Segue SilkPerformer"", ""Selenium"", ""Atlassian Bamboo"", ""Extensible markup language XML"", ""IBM InfoSphere DataStage"", ""Oracle Fusion Middleware"", ""Autodesk AutoCAD"", ""Autodesk Revit"", ""Dassault Systemes CATIA"", ""Dassault Systemes SolidWorks"", ""Discrete event simulation software"", ""Minitab"", ""Root cause analysis software"", ""The MathWorks MATLAB"", ""Multiprotocol Label Switching MPLS"", ""Open Shortest Path First OSPF"", ""Session Initiation Protocol SIP"", ""Voice over internet protocol VoIP system software"", ""Amazon Web Services AWS CloudFormation"", ""IBM WebSphere"", ""IBM WebSphere MQ"", ""Splunk Enterprise"", ""Capacity planning software"", ""Network architecture design software"", ""Requirements management software"", ""Unified modeling language UML"", ""Amazon Simple Storage Service S3"", ""Network storage software"", ""Storage area network SAN software"", ""Storage management software"", ""Access management software"", ""Citrix cloud computing software"", ""Remote access software"", ""Microsoft Dynamics"", ""Oracle Fusion Applications"", ""SAP software"", ""Content filter software"", ""Firewall software"", ""Network intrusion detection software"", ""Computer Associates ArcServ Backup"", ""System and data disaster recovery software"", ""Veritas NetBackup"", ""Help desk software"", ""Ticket information tracking software"", ""IBM Notes"", ""Microsoft Exchange"", ""Hibernate ORM"", ""PostgreSQL"", ""Cisco Webex"", ""Videoconferencing software"", ""Email management software"", ""IBM Domino"", ""Apache Subversion SVN"", ""Git"", ""Domain name system DNS"", ""Microsoft Active Directory"", ""Microsoft SQL Server Reporting Services SSRS"", ""Network reporting software"", ""Atlassian Confluence"", ""Microsoft Project"", ""Microsoft Excel"", ""Quest Erwin Data Modeler"", ""ESRI ArcGIS software"", ""Diagramming software"", ""Atlassian JIRA"", ""Microsoft Forefront Identify Manager"", ""IBM Power Systems software"", ""Ansible software"", ""Trimble SketchUp Pro"", ""Microsoft SharePoint"", ""VMware"", ""BroadSoft BroadWorks"", ""Apache HTTP Server"", ""Adobe After Effects"", ""Customer information control system CICS"", ""Microsoft Office software"", ""Network bridge software"", ""Microsoft Word"", ""Oracle E-Business Suite Financials"", ""Human resource management software HRMS"", ""Time reporting software"", ""Web browser software"", ""Local area network LAN software"", ""Microsoft PowerPoint"", ""SolarWinds"", ""Supervisory control and data acquisition SCADA software"", ""Microsoft Visio"", ""Wide area network WAN software""]",computer_science
Blockchain Engineers,"Blockchain Engineers. Core skills: . Technology skills: Apache Kafka, C, Go, Microsoft Azure software, C#, C++, Oracle Java, TypeScript, Google Angular, Node.js, React, Spring Framework.",onet,15-1299.07,computer_science,[],"[""Apache Kafka"", ""C"", ""Go"", ""Microsoft Azure software"", ""C#"", ""C++"", ""Oracle Java"", ""TypeScript"", ""Google Angular"", ""Node.js"", ""React"", ""Spring Framework"", ""Docker"", ""GitHub"", ""Kubernetes"", ""Spring Boot"", ""Amazon Kinesis"", ""MongoDB"", ""MySQL"", ""NoSQL"", ""Enterprise application integration EAI software"", ""Jenkins CI"", ""Amazon Web Services AWS software"", ""Structured query language SQL"", ""Atlassian JIRA"", ""IBM Terraform"", ""Splunk Enterprise"", ""PostgreSQL"", ""Ansible software"", ""Git"", ""Software as a service SaaS"", ""Linux"", ""Grafana Labs Grafana Cloud"", ""Source code editor software"", ""Amazon Web Services AWS CloudFormation"", ""Atlassian Confluence"", ""Amazon Simple Storage Service S3"", ""Low-level virtual machine LLVM compilers""]",web_development
Training and Development Specialists,"Training and Development Specialists. Core skills: Instructing, Speaking, Learning Strategies, Active Listening, Social Perceptiveness, Active Learning, Critical Thinking, Judgment and Decision Making, Monitoring, Reading Comprehension, Writing, Coordination. Technology skills: Django, Hypertext markup language HTML, JavaScript, PHP, Common Curriculum, Learning management system LMS, Moodle, SumTotal Systems ToolBook, Cisco Webex, Google Meet, LogMeIn GoToMeeting, Zoom.",onet,13-1151.00,computer_science,"[""Instructing"", ""Speaking"", ""Learning Strategies"", ""Active Listening"", ""Social Perceptiveness"", ""Active Learning"", ""Critical Thinking"", ""Judgment and Decision Making"", ""Monitoring"", ""Reading Comprehension"", ""Writing"", ""Coordination"", ""Service Orientation"", ""Time Management"", ""Systems Evaluation"", ""Complex Problem Solving"", ""Management of Personnel Resources"", ""Negotiation"", ""Operations Analysis"", ""Persuasion"", ""Systems Analysis"", ""Mathematics"", ""Management of Financial Resources"", ""Management of Material Resources"", ""Operations Monitoring"", ""Quality Control Analysis"", ""Technology Design"", ""Science"", ""Programming"", ""Equipment Selection"", ""Operation and Control"", ""Equipment Maintenance"", ""Installation"", ""Repairing"", ""Troubleshooting""]","[""Django"", ""Hypertext markup language HTML"", ""JavaScript"", ""PHP"", ""Common Curriculum"", ""Learning management system LMS"", ""Moodle"", ""SumTotal Systems ToolBook"", ""Cisco Webex"", ""Google Meet"", ""LogMeIn GoToMeeting"", ""Zoom"", ""Google Slides"", ""Mentimeter"", ""Microsoft PowerPoint"", ""Poll Everywhere"", ""Adobe Creative Cloud software"", ""Adobe Illustrator"", ""Adobe Photoshop"", ""SmugMug Flickr"", ""Adobe Acrobat"", ""HP Trim"", ""Interwoven software"", ""Microsoft SharePoint"", ""Adobe After Effects"", ""Apple Final Cut Pro"", ""Screencast-O-Matic"", ""WeVideo"", ""Blackboard software"", ""Database software"", ""FileMaker Pro"", ""Microsoft Access"", ""Oracle PeopleSoft"", ""Oracle PeopleSoft Financials"", ""SAP software"", ""IBM Notes"", ""Microsoft Outlook"", ""Adobe InDesign"", ""Microsoft Publisher"", ""Blackbaud The Raiser's Edge"", ""Microsoft Dynamics"", ""Microsoft OneNote"", ""Microsoft Word"", ""MySQL"", ""Oracle PL/SQL"", ""Human resource management software HRMS"", ""Oracle Taleo"", ""Adobe Dreamweaver"", ""Google Sites"", ""Microsoft Excel"", ""Epic Systems"", ""Oracle WebLogic Server"", ""Citrix cloud computing software"", ""Adobe ActionScript"", ""LogMeIn GoToWebinar"", ""Microsoft Office software"", ""Google Drive"", ""Oracle Solaris"", ""Oracle Business Intelligence Enterprise Edition"", ""Advanced business application programming ABAP"", ""Kahoot!"", ""IBM SPSS Statistics"", ""Web browser software"", ""Microsoft Project"", ""Microsoft Visio""]",web_development
Electrical Engineers,"Electrical Engineers. Core skills: Writing, Critical Thinking, Reading Comprehension, Active Learning, Active Listening, Complex Problem Solving, Speaking, Monitoring, Mathematics, Coordination, Judgment and Decision Making, Systems Analysis. Technology skills: MathWorks Simulink, Minitab, Powersim PSIM, The MathWorks MATLAB, Microsoft OneNote, Microsoft Word, Autodesk AutoCAD Civil 3D, Autodesk Revit, Bentley MicroStation, Dassault Systemes SolidWorks, C, Eclipse IDE.",onet,17-2071.00,computer_science,"[""Writing"", ""Critical Thinking"", ""Reading Comprehension"", ""Active Learning"", ""Active Listening"", ""Complex Problem Solving"", ""Speaking"", ""Monitoring"", ""Mathematics"", ""Coordination"", ""Judgment and Decision Making"", ""Systems Analysis"", ""Systems Evaluation"", ""Operations Analysis"", ""Instructing"", ""Learning Strategies"", ""Management of Personnel Resources"", ""Quality Control Analysis"", ""Science"", ""Social Perceptiveness"", ""Time Management"", ""Operations Monitoring"", ""Persuasion"", ""Negotiation"", ""Service Orientation"", ""Troubleshooting"", ""Management of Financial Resources"", ""Management of Material Resources"", ""Technology Design"", ""Equipment Selection"", ""Programming"", ""Equipment Maintenance"", ""Repairing"", ""Operation and Control"", ""Installation""]","[""MathWorks Simulink"", ""Minitab"", ""Powersim PSIM"", ""The MathWorks MATLAB"", ""Microsoft OneNote"", ""Microsoft Word"", ""Autodesk AutoCAD Civil 3D"", ""Autodesk Revit"", ""Bentley MicroStation"", ""Dassault Systemes SolidWorks"", ""C"", ""Eclipse IDE"", ""Microsoft Visual Basic for Applications VBA"", ""Microsoft Visual Studio"", ""Bash"", ""Microsoft Windows Server"", ""Shell script"", ""UNIX"", ""C#"", ""C++"", ""Perl"", ""Python"", ""AVEVA InTouch HMI"", ""Programmable logic controller PLC software"", ""Supervisory control and data acquisition SCADA software"", ""ESRI ArcGIS software"", ""ETAP"", ""Debugging software"", ""Defect tracking software"", ""Requirements management software"", ""Unified modeling language UML"", ""Microsoft Project"", ""Oracle Primavera Enterprise Project Portfolio Management"", ""ATD protocol"", ""X.25 Protocol"", ""Microsoft Excel"", ""Perforce Helix software"", ""IBM Notes"", ""SmugMug Flickr"", ""SAP software"", ""Rapid prototyping software"", ""Apache Subversion SVN"", ""Microsoft Office software"", ""Oracle E-Business Suite Financials"", ""Microsoft PowerPoint"", ""Microsoft SQL Server"", ""Microsoft Visio""]",
Computer Numerically Controlled Tool Programmers,"Computer Numerically Controlled Tool Programmers. Core skills: Programming, Monitoring, Complex Problem Solving, Mathematics, Operations Monitoring, Systems Analysis, Active Listening, Critical Thinking, Judgment and Decision Making, Operation and Control, Quality Control Analysis, Reading Comprehension. Technology skills: Autodesk AutoCAD, Dassault Systemes CATIA, Dassault Systemes SolidWorks, PTC Creo Parametric, FaceTime, 1CadCam Unigraphics, Autodesk PartMaker, Mastercam computer-aided design and manufacturing software, Vero Software WorkNC, Aptean Made2Manage, SAP software, G-code.",onet,51-9162.00,computer_science,"[""Programming"", ""Monitoring"", ""Complex Problem Solving"", ""Mathematics"", ""Operations Monitoring"", ""Systems Analysis"", ""Active Listening"", ""Critical Thinking"", ""Judgment and Decision Making"", ""Operation and Control"", ""Quality Control Analysis"", ""Reading Comprehension"", ""Speaking"", ""Systems Evaluation"", ""Time Management"", ""Troubleshooting"", ""Active Learning"", ""Operations Analysis"", ""Writing"", ""Coordination"", ""Equipment Maintenance"", ""Equipment Selection"", ""Learning Strategies"", ""Social Perceptiveness"", ""Instructing"", ""Management of Personnel Resources"", ""Repairing"", ""Technology Design"", ""Persuasion"", ""Service Orientation"", ""Science"", ""Management of Financial Resources"", ""Management of Material Resources"", ""Negotiation"", ""Installation""]","[""Autodesk AutoCAD"", ""Dassault Systemes CATIA"", ""Dassault Systemes SolidWorks"", ""PTC Creo Parametric"", ""FaceTime"", ""1CadCam Unigraphics"", ""Autodesk PartMaker"", ""Mastercam computer-aided design and manufacturing software"", ""Vero Software WorkNC"", ""Aptean Made2Manage"", ""SAP software"", ""G-code"", ""M-code"", ""Microsoft Excel"", ""Microsoft Outlook"", ""Extensible markup language XML"", ""Microsoft Office software"", ""Microsoft Word"", ""Simulation software"", ""Microsoft PowerPoint"", ""Siemens Teamcenter""]",
Computer Numerically Controlled Tool Operators,"Computer Numerically Controlled Tool Operators. Core skills: Operation and Control, Operations Monitoring, Critical Thinking, Monitoring, Quality Control Analysis, Active Listening, Complex Problem Solving, Troubleshooting, Equipment Maintenance, Judgment and Decision Making, Repairing, Speaking. Technology skills: Autodesk AutoCAD, Dassault Systemes SolidWorks, KCD cabinet design software, UGS Solid Edge, FaceTime, 1CadCam Unigraphics, Mastercam computer-aided design and manufacturing software, SigmaTEK SigmaNEST, Vero International VISI-Series, EditCNC, Supervisory control and data acquisition SCADA software, Work inspection software.",onet,51-9161.00,computer_science,"[""Operation and Control"", ""Operations Monitoring"", ""Critical Thinking"", ""Monitoring"", ""Quality Control Analysis"", ""Active Listening"", ""Complex Problem Solving"", ""Troubleshooting"", ""Equipment Maintenance"", ""Judgment and Decision Making"", ""Repairing"", ""Speaking"", ""Time Management"", ""Active Learning"", ""Coordination"", ""Reading Comprehension"", ""Social Perceptiveness"", ""Systems Analysis"", ""Systems Evaluation"", ""Equipment Selection"", ""Instructing"", ""Mathematics"", ""Learning Strategies"", ""Writing"", ""Operations Analysis"", ""Management of Personnel Resources"", ""Installation"", ""Programming"", ""Negotiation"", ""Service Orientation"", ""Persuasion"", ""Technology Design"", ""Management of Material Resources"", ""Science"", ""Management of Financial Resources""]","[""Autodesk AutoCAD"", ""Dassault Systemes SolidWorks"", ""KCD cabinet design software"", ""UGS Solid Edge"", ""FaceTime"", ""1CadCam Unigraphics"", ""Mastercam computer-aided design and manufacturing software"", ""SigmaTEK SigmaNEST"", ""Vero International VISI-Series"", ""EditCNC"", ""Supervisory control and data acquisition SCADA software"", ""Work inspection software"", ""ERP software"", ""SAP software"", ""G-code"", ""M-code"", ""CNC Consulting Machinists' Calculator"", ""Kentech Kipware Trig Kalculator"", ""Microsoft Excel"", ""Microsoft Outlook"", ""MUMPS M"", ""Eko"", ""Microsoft Office software"", ""Microsoft Word"", ""Microsoft PowerPoint"", ""Microsoft Project"", ""Kentech PROTALK""]",
Computer and Information Systems Managers,"Computer and Information Systems Managers. Core skills: Critical Thinking, Active Listening, Reading Comprehension, Judgment and Decision Making, Monitoring, Speaking, Complex Problem Solving, Coordination, Writing, Management of Personnel Resources, Social Perceptiveness, Systems Analysis. Technology skills: Apache Tomcat, Node.js, PHP, Spring Framework, Amazon Web Services AWS software, Blackboard software, Microsoft SQL Server, MySQL, Microsoft Dynamics, Microsoft Dynamics NAV, Oracle PeopleSoft, SAP software.",onet,11-3021.00,computer_science,"[""Critical Thinking"", ""Active Listening"", ""Reading Comprehension"", ""Judgment and Decision Making"", ""Monitoring"", ""Speaking"", ""Complex Problem Solving"", ""Coordination"", ""Writing"", ""Management of Personnel Resources"", ""Social Perceptiveness"", ""Systems Analysis"", ""Systems Evaluation"", ""Active Learning"", ""Time Management"", ""Learning Strategies"", ""Instructing"", ""Mathematics"", ""Operations Analysis"", ""Persuasion"", ""Management of Financial Resources"", ""Negotiation"", ""Operations Monitoring"", ""Service Orientation"", ""Management of Material Resources"", ""Programming"", ""Quality Control Analysis"", ""Technology Design"", ""Troubleshooting"", ""Operation and Control"", ""Equipment Selection"", ""Science"", ""Repairing"", ""Equipment Maintenance"", ""Installation""]","[""Apache Tomcat"", ""Node.js"", ""PHP"", ""Spring Framework"", ""Amazon Web Services AWS software"", ""Blackboard software"", ""Microsoft SQL Server"", ""MySQL"", ""Microsoft Dynamics"", ""Microsoft Dynamics NAV"", ""Oracle PeopleSoft"", ""SAP software"", ""Apache Maven"", ""Eclipse IDE"", ""Microsoft .NET Framework"", ""Microsoft Visual Studio"", ""Apache Cassandra"", ""MongoDB"", ""NoSQL"", ""Oracle PL/SQL"", ""C#"", ""Microsoft SQL Server Reporting Services SSRS"", ""Oracle Java"", ""Perl"", ""Apple macOS"", ""Red Hat Enterprise Linux"", ""Shell script"", ""UNIX"", ""ACT! Premium"", ""Blackbaud The Raiser's Edge"", ""Oracle Eloqua"", ""Performance Solutions Technology ManagePro"", ""Microsoft Windows Server"", ""Oracle WebLogic Server"", ""Progress OpenEdge Application Server"", ""Red Hat WildFly"", ""Extensible markup language XML"", ""IBM InfoSphere DataStage"", ""Oracle Fusion Middleware"", ""Progress Sonic ESB"", ""IBM Cognos Impromptu"", ""Oracle Business Intelligence Enterprise Edition"", ""Qlik Tech QlikView"", ""Tableau"", ""File transfer protocol FTP software"", ""Samba"", ""Symantec Veritas File System"", ""Symantec Veritas Volume Manager"", ""Microsoft Exchange"", ""Microsoft Outlook"", ""Pegasus software"", ""QUALCOMM Eudora"", ""IBM SPSS Statistics"", ""SAS"", ""StataCorp Stata"", ""The MathWorks MATLAB"", ""Apple iWork Numbers"", ""Microsoft Excel"", ""Perforce Helix software"", ""Puppet"", ""Dartware InterMapper"", ""Nagios"", ""Citrix cloud computing software"", ""Mac HelpMate"", ""Microsoft Visual FoxPro"", ""PostgreSQL"", ""Telnet programs software"", ""Zephyr EXTRA! Terminal Emulation"", ""Microsoft SharePoint"", ""Microsoft SharePoint Server"", ""Apache HTTP Server"", ""Oracle iPlanet Web Server"", ""Apple Final Cut Pro"", ""Apple iMovie"", ""Corel WordPerfect Office Suite"", ""Microsoft Office software"", ""Apple iWork Pages"", ""Microsoft Word"", ""Firewall software"", ""Virtual private networking VPN software"", ""McAfee"", ""NortonLifeLock cybersecurity software"", ""Microsoft Internet Explorer"", ""Netscape Navigator"", ""Apple iWork Keynote"", ""Microsoft PowerPoint"", ""IBM WebSphere"", ""Splunk Enterprise"", ""Microsoft Project"", ""Oracle Primavera Systems"", ""Quest Erwin Data Modeler"", ""Mobile wireless network infrastructure software"", ""Atlassian JIRA"", ""Help desk software"", ""Tax software"", ""IBM Power Systems software"", ""VMware"", ""IBM Domino"", ""Adobe Distiller"", ""Customer information control system CICS"", ""Software as a service SaaS"", ""TKSoftware RCM software"", ""Oracle E-Business Suite Financials"", ""SAP Crystal Reports"", ""Human resource management software HRMS"", ""Local area network LAN software"", ""Veritas NetBackup"", ""IBM iSeries Access"", ""SolarWinds"", ""Pilgrim Quality Solutions SmartSolve"", ""Microsoft FrontPage"", ""Google Analytics"", ""Unified modeling language UML"", ""Billing software"", ""Cisco Systems WAN Manager"", ""Microsoft Entourage"", ""Microsoft Visio""]",computer_science
Computer Hardware Engineers,"Computer Hardware Engineers. Core skills: Critical Thinking, Reading Comprehension, Active Listening, Complex Problem Solving, Speaking, Writing, Active Learning, Judgment and Decision Making, Operations Analysis, Systems Analysis, Systems Evaluation, Mathematics. Technology skills: MathWorks Simulink, Mentor Graphics LeonardoSpectrum, SAS, The MathWorks MATLAB, Eko, Autodesk AutoCAD, Dassault Systemes CATIA, PTC Creo Parametric, Xilinx ISE Foundation, C, Microsoft Visual Basic, National Instruments LabVIEW.",onet,17-2061.00,computer_science,"[""Critical Thinking"", ""Reading Comprehension"", ""Active Listening"", ""Complex Problem Solving"", ""Speaking"", ""Writing"", ""Active Learning"", ""Judgment and Decision Making"", ""Operations Analysis"", ""Systems Analysis"", ""Systems Evaluation"", ""Mathematics"", ""Coordination"", ""Monitoring"", ""Time Management"", ""Instructing"", ""Operations Monitoring"", ""Learning Strategies"", ""Quality Control Analysis"", ""Science"", ""Social Perceptiveness"", ""Management of Personnel Resources"", ""Persuasion"", ""Service Orientation"", ""Technology Design"", ""Troubleshooting"", ""Equipment Selection"", ""Programming"", ""Negotiation"", ""Equipment Maintenance"", ""Repairing"", ""Installation"", ""Management of Material Resources"", ""Management of Financial Resources"", ""Operation and Control""]","[""MathWorks Simulink"", ""Mentor Graphics LeonardoSpectrum"", ""SAS"", ""The MathWorks MATLAB"", ""Eko"", ""Autodesk AutoCAD"", ""Dassault Systemes CATIA"", ""PTC Creo Parametric"", ""Xilinx ISE Foundation"", ""C"", ""Microsoft Visual Basic"", ""National Instruments LabVIEW"", ""Register transfer language RTL"", ""C++"", ""Oracle Java"", ""Perl"", ""Python"", ""Cisco IOS"", ""Linux"", ""Shell script"", ""UNIX"", ""Database software"", ""Microsoft Access"", ""PCI Express PCIe"", ""Structured query language SQL"", ""Apache Subversion SVN"", ""Git"", ""Microsoft Excel"", ""Block diagram software"", ""Microsoft Office software"", ""Web browser software"", ""Microsoft PowerPoint"", ""Windows kernel debuggers"", ""Microsoft Visio"", ""Internet search engine software"", ""Cadence Encounter RTL Compiler""]",
Computer Network Support Specialists,"Computer Network Support Specialists. Core skills: Critical Thinking, Active Listening, Judgment and Decision Making, Reading Comprehension, Active Learning, Complex Problem Solving, Monitoring, Speaking, Systems Analysis, Troubleshooting, Operations Monitoring, Systems Evaluation. Technology skills: Bash, Microsoft Windows Server, Red Hat Enterprise Linux, UNIX Shell, Microsoft PowerPoint, Nagios, Route, WildPackets OmniPeek Network Analyzer, Wireshark, McAfee, NortonLifeLock cybersecurity software, Packet filter software.",onet,15-1231.00,computer_science,"[""Critical Thinking"", ""Active Listening"", ""Judgment and Decision Making"", ""Reading Comprehension"", ""Active Learning"", ""Complex Problem Solving"", ""Monitoring"", ""Speaking"", ""Systems Analysis"", ""Troubleshooting"", ""Operations Monitoring"", ""Systems Evaluation"", ""Time Management"", ""Writing"", ""Quality Control Analysis"", ""Repairing"", ""Social Perceptiveness"", ""Coordination"", ""Installation"", ""Equipment Maintenance"", ""Instructing"", ""Learning Strategies"", ""Equipment Selection"", ""Service Orientation"", ""Management of Personnel Resources"", ""Negotiation"", ""Persuasion"", ""Programming"", ""Mathematics"", ""Technology Design"", ""Management of Material Resources"", ""Operation and Control"", ""Operations Analysis"", ""Science"", ""Management of Financial Resources""]","[""Bash"", ""Microsoft Windows Server"", ""Red Hat Enterprise Linux"", ""UNIX Shell"", ""Microsoft PowerPoint"", ""Nagios"", ""Route"", ""WildPackets OmniPeek Network Analyzer"", ""Wireshark"", ""McAfee"", ""NortonLifeLock cybersecurity software"", ""Packet filter software"", ""Root kit detection software"", ""Intrusion prevention system IPS"", ""Network and system vulnerability assessment software"", ""NIKSUN NetDetector"", ""Sonicwall SonicOS Enhanced"", ""EMC NetWorker"", ""Roxio Retrospect"", ""Tape backup system software"", ""Veritas NetBackup"", ""Automated installation software"", ""EMC Ionix Network Configuration Manager"", ""Microsoft Windows Sysprep"", ""Patch and update management software"", ""Microsoft Azure software"", ""Microsoft PowerShell"", ""Microsoft Visual Basic"", ""Ruby"", ""Cisco Systems CiscoWorks"", ""Cisco Systems CiscoWorks LAN Management Solution"", ""Hewlett-Packard HP Network Node Manager"", ""ifconfig"", ""Microsoft Access"", ""Microsoft SQL Server"", ""ServiceNow"", ""Structured query language SQL"", ""IBM Notes"", ""Microsoft Exchange"", ""Microsoft Outlook"", ""Firewall software"", ""Network intrusion detection software"", ""Virtual private networking VPN software"", ""Database management software"", ""MySQL"", ""Teradata Database"", ""Oracle Java"", ""Perl"", ""Python"", ""Bentley Systems ProjectWise"", ""Microsoft Project"", ""Project planning software"", ""File server software"", ""IBM Tivoli NetView Distribution Manager"", ""BMC Software Remedy IT Service Management Suite"", ""Help desk software"", ""Adobe Acrobat"", ""Microsoft SharePoint"", ""Remote control software"", ""Symantec pcAnywhere"", ""Customer information control system CICS"", ""Microsoft Internet Information Services (IIS)"", ""Microsoft Active Directory"", ""Novell eDirectory"", ""IBM WebSphere"", ""Splunk Enterprise"", ""EMC Symmetrix DMX"", ""Storage area network SAN software"", ""Apache Tomcat"", ""LAMP Stack"", ""Microsoft Excel"", ""IBM Power Systems software"", ""Citrix cloud computing software"", ""VMware"", ""Microsoft Dynamics"", ""Traffic shapers"", ""IBM Domino"", ""BMC Software Control-M"", ""Microsoft Office software"", ""Microsoft Word"", ""Network design software"", ""Voice over internet protocol VoIP system software"", ""Connectivity software"", ""SolarWinds"", ""Load testing software"", ""Border Gateway Protocol BGP""]",computer_science
"Computer Science Teachers, Postsecondary","Computer Science Teachers, Postsecondary. Core skills: Instructing, Reading Comprehension, Speaking, Writing, Active Learning, Active Listening, Critical Thinking, Judgment and Decision Making, Learning Strategies, Complex Problem Solving, Monitoring, Social Perceptiveness. Technology skills: C, Microsoft Visual Basic, Programming languages, Software development tools, Blackboard Learn, Learning management system LMS, Moodle, Sakai CLE, C#, C++, Oracle Java, Python.",onet,25-1021.00,computer_science,"[""Instructing"", ""Reading Comprehension"", ""Speaking"", ""Writing"", ""Active Learning"", ""Active Listening"", ""Critical Thinking"", ""Judgment and Decision Making"", ""Learning Strategies"", ""Complex Problem Solving"", ""Monitoring"", ""Social Perceptiveness"", ""Systems Analysis"", ""Systems Evaluation"", ""Mathematics"", ""Service Orientation"", ""Time Management"", ""Coordination"", ""Negotiation"", ""Persuasion"", ""Programming"", ""Management of Personnel Resources"", ""Science"", ""Operations Analysis"", ""Operations Monitoring"", ""Management of Financial Resources"", ""Management of Material Resources"", ""Quality Control Analysis"", ""Technology Design"", ""Operation and Control"", ""Equipment Selection"", ""Equipment Maintenance"", ""Troubleshooting"", ""Installation"", ""Repairing""]","[""C"", ""Microsoft Visual Basic"", ""Programming languages"", ""Software development tools"", ""Blackboard Learn"", ""Learning management system LMS"", ""Moodle"", ""Sakai CLE"", ""C#"", ""C++"", ""Oracle Java"", ""Python"", ""Collaborative editing software"", ""Google Docs"", ""Microsoft Word"", ""Blackboard software"", ""Database software"", ""Microsoft Access"", ""Email software"", ""Microsoft Outlook"", ""Linux"", ""UNIX"", ""Firewall software"", ""Network intrusion detection software"", ""Hypertext markup language HTML"", ""PHP"", ""DOC Cop"", ""iParadigms Turnitin"", ""Microsoft Excel"", ""Object oriented programming software"", ""Adobe Photoshop"", ""Management information systems MIS"", ""Adobe Premiere Pro"", ""Virtual private networking VPN software"", ""Microsoft Office software"", ""Web browser software"", ""Microsoft PowerPoint"", ""Adobe Dreamweaver""]",computer_science
"Computer, Automated Teller, and Office Machine Repairers","Computer, Automated Teller, and Office Machine Repairers. Core skills: Active Listening, Repairing, Critical Thinking, Complex Problem Solving, Troubleshooting, Equipment Maintenance, Equipment Selection, Quality Control Analysis, Speaking, Time Management, Operations Monitoring, Reading Comprehension. Technology skills: Email software, IBM Notes, Microsoft Exchange, Microsoft Outlook, Microsoft PowerPoint, Database software, Microsoft Access, ServiceNow, Structured query language SQL, Linux, Microsoft Windows, UNIX.",onet,49-2011.00,computer_science,"[""Active Listening"", ""Repairing"", ""Critical Thinking"", ""Complex Problem Solving"", ""Troubleshooting"", ""Equipment Maintenance"", ""Equipment Selection"", ""Quality Control Analysis"", ""Speaking"", ""Time Management"", ""Operations Monitoring"", ""Reading Comprehension"", ""Active Learning"", ""Coordination"", ""Installation"", ""Judgment and Decision Making"", ""Monitoring"", ""Service Orientation"", ""Writing"", ""Social Perceptiveness"", ""Negotiation"", ""Operation and Control"", ""Systems Analysis"", ""Instructing"", ""Learning Strategies"", ""Management of Personnel Resources"", ""Persuasion"", ""Systems Evaluation"", ""Management of Material Resources"", ""Operations Analysis"", ""Programming"", ""Technology Design"", ""Mathematics"", ""Science"", ""Management of Financial Resources""]","[""Email software"", ""IBM Notes"", ""Microsoft Exchange"", ""Microsoft Outlook"", ""Microsoft PowerPoint"", ""Database software"", ""Microsoft Access"", ""ServiceNow"", ""Structured query language SQL"", ""Linux"", ""Microsoft Windows"", ""UNIX"", ""Hypertext markup language HTML"", ""JavaScript"", ""Microsoft Active Server Pages ASP"", ""Extensible markup language XML"", ""Extensible stylesheet language XSL"", ""Norton AntiVirus"", ""Virus detection software"", ""Microsoft Internet Explorer"", ""Web browser software"", ""Debugging software"", ""Personal computer diagnostic software"", ""Microsoft Excel"", ""Symantec Norton Utilities"", ""Symantec Altiris Deployment Solution"", ""Call tracking software"", ""Terminal emulation software"", ""McNeel Rhinoceros 3D"", ""Adobe Acrobat"", ""Microsoft Office Live Meeting"", ""Cisco Systems VPN Client"", ""Microsoft Office software"", ""Microsoft Word"", ""Microsoft Active Directory"", ""Microsoft Visual Basic.NET"", ""Microsoft Hyperterminal"", ""IBM WebSphere"", ""Macromedia Cold Fusion"", ""Scheduling software"", ""Inventory control system software""]",computer_science
"Computer Occupations, All Other","Computer Occupations, All Other. Core skills: . Technology skills: .",onet,15-1299.00,computer_science,[],[],
Information Security Analysts,"Information Security Analysts. Core skills: Reading Comprehension, Critical Thinking, Active Listening, Complex Problem Solving, Speaking, Writing, Judgment and Decision Making, Monitoring, Systems Analysis, Active Learning, Time Management, Coordination. Technology skills: Django, Google Angular, Microsoft ASP.NET, Spring Framework, Amazon Elastic Compute Cloud EC2, Amazon Redshift, Amazon Web Services AWS software, Blackboard software, HP WebInspect, NortonLifeLock cybersecurity software, Portswigger BurP Suite, Stack smashing protection SSP software.",onet,15-1212.00,computer_science,"[""Reading Comprehension"", ""Critical Thinking"", ""Active Listening"", ""Complex Problem Solving"", ""Speaking"", ""Writing"", ""Judgment and Decision Making"", ""Monitoring"", ""Systems Analysis"", ""Active Learning"", ""Time Management"", ""Coordination"", ""Operations Monitoring"", ""Quality Control Analysis"", ""Systems Evaluation"", ""Instructing"", ""Learning Strategies"", ""Management of Personnel Resources"", ""Service Orientation"", ""Social Perceptiveness"", ""Negotiation"", ""Persuasion"", ""Programming"", ""Operations Analysis"", ""Mathematics"", ""Technology Design"", ""Troubleshooting"", ""Science"", ""Equipment Selection"", ""Management of Financial Resources"", ""Management of Material Resources"", ""Operation and Control"", ""Equipment Maintenance"", ""Repairing"", ""Installation""]","[""Django"", ""Google Angular"", ""Microsoft ASP.NET"", ""Spring Framework"", ""Amazon Elastic Compute Cloud EC2"", ""Amazon Redshift"", ""Amazon Web Services AWS software"", ""Blackboard software"", ""HP WebInspect"", ""NortonLifeLock cybersecurity software"", ""Portswigger BurP Suite"", ""Stack smashing protection SSP software"", ""Nagios"", ""Sniffer Investigator"", ""Symantec Blue Coat Data Loss Prevention"", ""Wireshark"", ""Apache Kafka"", ""Apache Maven"", ""Go"", ""Microsoft PowerShell"", ""Bash"", ""Microsoft Windows Server"", ""Red Hat Enterprise Linux"", ""UNIX Shell"", ""Amazon DynamoDB"", ""Apache Hive"", ""Elasticsearch"", ""Oracle PL/SQL"", ""C#"", ""Perl"", ""Scala"", ""Swift"", ""Imperva SecureSphere"", ""IpFilter"", ""Palo Alto Networks Next-Generation Security Platform"", ""Trend Micro TippingPoint"", ""HP Fortify"", ""Intrusion detection system IDS"", ""Intrusion prevention system IPS"", ""Websense Data Loss Prevention"", ""Apache Spark"", ""IBM Cognos Impromptu"", ""Oracle Business Intelligence Enterprise Edition"", ""Tableau"", ""Microsoft Dynamics"", ""Oracle Fusion Applications"", ""Oracle PeopleSoft"", ""SAP software"", ""Chef"", ""Patch and update management software"", ""Perforce Helix software"", ""Puppet"", ""Active directory software"", ""Berkeley Internet Domain Name BIND"", ""Microsoft Active Directory"", ""Network directory services software"", ""Docker"", ""GitHub"", ""Oracle WebLogic Server"", ""Red Hat OpenShift"", ""Conformance and validation testing software"", ""MITRE ATT&CK software"", ""Selenium"", ""System testing software"", ""Diameter"", ""IBM Tivoli Identity Management TIM"", ""Password management software"", ""Remote authentication dial-in user service RADIUS software"", ""Atlassian Bamboo"", ""Extensible markup language XML"", ""Microsoft SQL Server Integration Services SSIS"", ""Oracle Fusion Middleware"", ""Access management software"", ""Citrix cloud computing software"", ""IBM Tivoli Access Management TAM"", ""Apache Subversion SVN"", ""Git"", ""WinMerge"", ""Backup and archival software"", ""System and data disaster recovery software"", ""Veritas NetBackup"", ""Amazon Web Services AWS CloudFormation"", ""IBM WebSphere"", ""Splunk Enterprise"", ""Atlassian Confluence"", ""Microsoft Project"", ""Microsoft Teams"", ""ESRI ArcGIS software"", ""Geographic information system GIS software"", ""ArcSight Enterprise Threat and Risk Management"", ""eMASS"", ""IBM Notes"", ""Microsoft Exchange"", ""3M Post-it App"", ""Microsoft Word"", ""Delphi Technology"", ""Oracle E-Business Suite Financials"", ""Microsoft SQL Server Reporting Services SSRS"", ""SAP Crystal Reports"", ""SAS"", ""The MathWorks MATLAB"", ""Microsoft Excel"", ""Epic Systems"", ""Computer forensic software"", ""Atlassian JIRA"", ""IBM Power Systems software"", ""PostgreSQL"", ""Ansible software"", ""Smart card management software"", ""Microsoft SharePoint"", ""VMware"", ""Secure shell SSH software"", ""IBM Domino"", ""Apache HTTP Server"", ""Salesforce software"", ""Customer information control system CICS"", ""Microsoft Office software"", ""Blink"", ""Cisco Systems CiscoWorks"", ""Human resource management software HRMS"", ""Voice over internet protocol VoIP system software"", ""Microsoft PowerPoint"", ""Qualys Cloud Platform"", ""Google Sites"", ""Unified modeling language UML"", ""Amazon Simple Storage Service S3"", ""Supervisory control and data acquisition SCADA software"", ""Border Gateway Protocol BGP"", ""Microsoft Visio"", ""LexisNexis""]",cloud_devops
Geographic Information Systems Technologists and Technicians,"Geographic Information Systems Technologists and Technicians. Core skills: Reading Comprehension, Critical Thinking, Active Listening, Speaking, Complex Problem Solving, Judgment and Decision Making, Writing, Active Learning, Coordination, Mathematics, Monitoring, Social Perceptiveness. Technology skills: Go, Microsoft .NET Framework, Microsoft Visual Basic for Applications VBA, Microsoft Visual Studio, Microsoft OneNote, Microsoft Word, Bootstrap, Google Angular, Microsoft ASP.NET, React, ESRI ArcGIS software, ESRI ArcSDE.",onet,15-1299.02,computer_science,"[""Reading Comprehension"", ""Critical Thinking"", ""Active Listening"", ""Speaking"", ""Complex Problem Solving"", ""Judgment and Decision Making"", ""Writing"", ""Active Learning"", ""Coordination"", ""Mathematics"", ""Monitoring"", ""Social Perceptiveness"", ""Programming"", ""Time Management"", ""Service Orientation"", ""Systems Analysis"", ""Learning Strategies"", ""Management of Personnel Resources"", ""Persuasion"", ""Instructing"", ""Systems Evaluation"", ""Negotiation"", ""Operations Monitoring"", ""Science"", ""Operations Analysis"", ""Technology Design"", ""Management of Financial Resources"", ""Management of Material Resources"", ""Operation and Control"", ""Quality Control Analysis"", ""Equipment Selection"", ""Troubleshooting"", ""Equipment Maintenance"", ""Installation"", ""Repairing""]","[""Go"", ""Microsoft .NET Framework"", ""Microsoft Visual Basic for Applications VBA"", ""Microsoft Visual Studio"", ""Microsoft OneNote"", ""Microsoft Word"", ""Bootstrap"", ""Google Angular"", ""Microsoft ASP.NET"", ""React"", ""ESRI ArcGIS software"", ""ESRI ArcSDE"", ""Geographic information system GIS software"", ""Geographic information system GIS systems"", ""Amazon Web Services AWS software"", ""ServiceNow"", ""Structured query language SQL"", ""Transact-SQL"", ""C#"", ""jQuery"", ""Perl"", ""TypeScript"", ""Coordinate geometry COGO software"", ""Hydrological modeling software"", ""SAS"", ""The MathWorks MATLAB"", ""Apple iOS"", ""Linux"", ""Shell script"", ""UNIX"", ""Microsoft SQL Server"", ""Oracle PL/SQL"", ""Relational database management software"", ""Teradata Database"", ""CDA International Manifold System"", ""Leica Geosystems ERDAS IMAGINE"", ""RockWare ArcMap"", ""Trimble Pathfinder Office"", ""Autodesk AutoCAD"", ""Autodesk Land Desktop"", ""Bentley MicroStation"", ""Computer aided design and drafting software CADD"", ""Docker"", ""GitHub"", ""Kubernetes"", ""Adobe Creative Cloud software"", ""Adobe Illustrator"", ""Adobe Photoshop"", ""Adobe Acrobat"", ""Microsoft SharePoint"", ""Microsoft SharePoint Server"", ""Management information systems MIS"", ""Microsoft Dynamics"", ""SAP software"", ""Enterprise application integration EAI software"", ""Extensible markup language XML"", ""Jenkins CI"", ""Email software"", ""Microsoft Outlook"", ""Google Workspace software"", ""Microsoft Office software"", ""Microsoft Excel"", ""Atlassian JIRA"", ""PostgreSQL"", ""Global positioning system GPS software"", ""Adobe After Effects"", ""Git"", ""Tableau"", ""SAP BusinessObjects Crystal Reports"", ""Web browser software"", ""Microsoft PowerPoint"", ""IBM WebSphere"", ""Adobe Dreamweaver"", ""Unified modeling language UML"", ""Microsoft Visio""]",
Digital Forensics Analysts,"Digital Forensics Analysts. Core skills: . Technology skills: Apple iOS, Apple macOS, Bash, Microsoft Windows Server, Platform as a service PaaS, Slack, C#, Oracle Java, Perl, R, AccessData FTK, Cisco Systems Cisco NetFlow Collection Engine.",onet,15-1299.06,computer_science,[],"[""Apple iOS"", ""Apple macOS"", ""Bash"", ""Microsoft Windows Server"", ""Platform as a service PaaS"", ""Slack"", ""C#"", ""Oracle Java"", ""Perl"", ""R"", ""AccessData FTK"", ""Cisco Systems Cisco NetFlow Collection Engine"", ""Snort"", ""Wireshark"", ""Go"", ""Microsoft Azure software"", ""Microsoft PowerShell"", ""Ruby"", ""Metasploit"", ""Microsoft Defender Antivirus"", ""OpenVAS"", ""Tenable Nessus"", ""Amazon Web Services AWS software"", ""Microsoft Access"", ""ServiceNow"", ""Structured query language SQL"", ""Hypertext markup language HTML"", ""JavaScript"", ""PHP"", ""Security assertion markup language SAML"", ""Kali Linux"", ""MITRE ATT&CK software"", ""System testing software"", ""Enterprise application integration EAI software"", ""Extensible markup language XML"", ""Google Workspace software"", ""Microsoft Office software"", ""Microsoft Active Directory"", ""Network directory services software"", ""Microsoft Excel"", ""Geographic information system GIS systems"", ""Computer forensic software"", ""Single sign-on SSO"", ""IBM Terraform"", ""Kubernetes"", ""Splunk Enterprise"", ""Ansible software"", ""Management information systems MIS"", ""Intrusion detection system IDS"", ""Web server software"", ""Firewall software"", ""Graphical user interface GUI design software"", ""Guidance Software EnCase Enterprise"", ""Microsoft PowerPoint"", ""Amazon Simple Storage Service S3"", ""Border Gateway Protocol BGP""]",computer_science
Mechanical Engineers,"Mechanical Engineers. Core skills: Active Listening, Critical Thinking, Reading Comprehension, Complex Problem Solving, Judgment and Decision Making, Mathematics, Science, Active Learning, Operations Analysis, Speaking, Systems Analysis, Systems Evaluation. Technology skills: MAYA Nastran, Minitab, ReliaSoft Weibull++ 6, The MathWorks MATLAB, Blink, Autodesk AutoCAD Civil 3D, Autodesk Revit, Bentley MicroStation, Dassault Systemes SolidWorks, Microsoft Visual Basic, Microsoft Visual Basic for Applications VBA, National Instruments LabVIEW.",onet,17-2141.00,computer_science,"[""Active Listening"", ""Critical Thinking"", ""Reading Comprehension"", ""Complex Problem Solving"", ""Judgment and Decision Making"", ""Mathematics"", ""Science"", ""Active Learning"", ""Operations Analysis"", ""Speaking"", ""Systems Analysis"", ""Systems Evaluation"", ""Writing"", ""Monitoring"", ""Operations Monitoring"", ""Quality Control Analysis"", ""Technology Design"", ""Coordination"", ""Time Management"", ""Instructing"", ""Learning Strategies"", ""Management of Personnel Resources"", ""Service Orientation"", ""Social Perceptiveness"", ""Troubleshooting"", ""Operation and Control"", ""Persuasion"", ""Negotiation"", ""Management of Financial Resources"", ""Management of Material Resources"", ""Programming"", ""Equipment Selection"", ""Equipment Maintenance"", ""Installation"", ""Repairing""]","[""MAYA Nastran"", ""Minitab"", ""ReliaSoft Weibull++ 6"", ""The MathWorks MATLAB"", ""Blink"", ""Autodesk AutoCAD Civil 3D"", ""Autodesk Revit"", ""Bentley MicroStation"", ""Dassault Systemes SolidWorks"", ""Microsoft Visual Basic"", ""Microsoft Visual Basic for Applications VBA"", ""National Instruments LabVIEW"", ""Verilog"", ""C++"", ""Perl"", ""Python"", ""R"", ""Chef"", ""Perforce Helix software"", ""Puppet"", ""IBM Notes"", ""Microsoft Exchange"", ""Microsoft Outlook"", ""Adobe Illustrator"", ""SmugMug Flickr"", ""Trimble SketchUp Pro"", ""Computer numerical control CNC software"", ""Human machine interface HMI software"", ""Supervisory control and data acquisition SCADA software"", ""ESRI ArcGIS software"", ""Geographic information system GIS software"", ""Oracle JD Edwards EnterpriseOne"", ""SAP software"", ""1CadCam Unigraphics"", ""Rapid prototyping software"", ""Microsoft Access"", ""Microsoft SQL Server"", ""Microsoft Project"", ""Oracle Primavera Enterprise Project Portfolio Management"", ""Microsoft Excel"", ""Microsoft SharePoint"", ""Microsoft Dynamics"", ""Microsoft Office software"", ""Shell script"", ""Microsoft Word"", ""Teradata Database"", ""Cost estimating software"", ""Microsoft PowerPoint"", ""Bill of materials software"", ""Microsoft Visio""]",
Intelligence Analysts,"Intelligence Analysts. Core skills: Reading Comprehension, Active Listening, Critical Thinking, Speaking, Writing, Active Learning, Complex Problem Solving, Monitoring, Coordination, Judgment and Decision Making, Instructing, Learning Strategies. Technology skills: Amazon Web Services AWS software, Microsoft Access, Microsoft SQL Server, Structured query language SQL, Microsoft PowerPoint, Data visualization software, SAS, Telephone analysis software, TensorFlow, ESRI ArcGIS software, Geographic information system GIS software, Geographic information system GIS systems.",onet,33-3021.06,computer_science,"[""Reading Comprehension"", ""Active Listening"", ""Critical Thinking"", ""Speaking"", ""Writing"", ""Active Learning"", ""Complex Problem Solving"", ""Monitoring"", ""Coordination"", ""Judgment and Decision Making"", ""Instructing"", ""Learning Strategies"", ""Negotiation"", ""Persuasion"", ""Social Perceptiveness"", ""Systems Evaluation"", ""Time Management"", ""Service Orientation"", ""Systems Analysis"", ""Mathematics"", ""Management of Personnel Resources"", ""Operations Analysis"", ""Science"", ""Operations Monitoring"", ""Programming"", ""Technology Design"", ""Management of Financial Resources"", ""Management of Material Resources"", ""Quality Control Analysis"", ""Equipment Maintenance"", ""Equipment Selection"", ""Installation"", ""Operation and Control"", ""Repairing"", ""Troubleshooting""]","[""Amazon Web Services AWS software"", ""Microsoft Access"", ""Microsoft SQL Server"", ""Structured query language SQL"", ""Microsoft PowerPoint"", ""Data visualization software"", ""SAS"", ""Telephone analysis software"", ""TensorFlow"", ""ESRI ArcGIS software"", ""Geographic information system GIS software"", ""Geographic information system GIS systems"", ""Google Earth Pro"", ""Apache Hadoop"", ""Apache Hive"", ""Apache Pig"", ""Teradata Database"", ""C++"", ""Oracle Java"", ""Python"", ""R"", ""Graphics creation software"", ""Microsoft Visio"", ""Photo enhancement software"", ""Apache Kafka"", ""Microsoft Azure software"", ""Microsoft PowerShell"", ""Apache Spark"", ""Oracle Business Intelligence Enterprise Edition"", ""Tableau"", ""Encryption software"", ""McAfee"", ""NortonLifeLock cybersecurity software"", ""Facebook"", ""LinkedIn"", ""Myspace"", ""Django"", ""Hypertext markup language HTML"", ""JavaScript"", ""Email software"", ""Microsoft Outlook"", ""Snort"", ""Wireshark"", ""Oracle PeopleSoft"", ""SAP software"", ""Linux"", ""UNIX"", ""Google Cloud software"", ""Splunk Enterprise"", ""Microsoft Excel"", ""Microsoft SharePoint"", ""Microsoft Office software"", ""Microsoft Word"", ""Firewall software"", ""Timeline software"", ""Web browser software"", ""Veritas NetBackup"", ""Text mining software"", ""Amazon Simple Storage Service S3"", ""Chatbot software"", ""Flowcharting software"", ""LexisNexis""]",data_science
Social Science Research Assistants,"Social Science Research Assistants. Core skills: Reading Comprehension, Active Listening, Critical Thinking, Writing, Complex Problem Solving, Speaking, Science, Active Learning, Judgment and Decision Making, Mathematics, Learning Strategies, Systems Analysis. Technology skills: IBM SPSS Statistics, SAS, StataCorp Stata, The MathWorks MATLAB, Appletree, C++, Oracle Java, Perl, R, Database software, Microsoft Access, Microsoft SQL Server.",onet,19-4061.00,data_science,"[""Reading Comprehension"", ""Active Listening"", ""Critical Thinking"", ""Writing"", ""Complex Problem Solving"", ""Speaking"", ""Science"", ""Active Learning"", ""Judgment and Decision Making"", ""Mathematics"", ""Learning Strategies"", ""Systems Analysis"", ""Coordination"", ""Monitoring"", ""Social Perceptiveness"", ""Systems Evaluation"", ""Time Management"", ""Instructing"", ""Programming"", ""Persuasion"", ""Quality Control Analysis"", ""Management of Personnel Resources"", ""Negotiation"", ""Service Orientation"", ""Operations Monitoring"", ""Management of Material Resources"", ""Operations Analysis"", ""Management of Financial Resources"", ""Technology Design"", ""Troubleshooting"", ""Operation and Control"", ""Equipment Selection"", ""Equipment Maintenance"", ""Installation"", ""Repairing""]","[""IBM SPSS Statistics"", ""SAS"", ""StataCorp Stata"", ""The MathWorks MATLAB"", ""Appletree"", ""C++"", ""Oracle Java"", ""Perl"", ""R"", ""Database software"", ""Microsoft Access"", ""Microsoft SQL Server"", ""Structured query language SQL"", ""Adobe Illustrator"", ""Graphics software"", ""Microsoft Excel"", ""ESRI ArcGIS software"", ""Microsoft Outlook"", ""Microsoft Visual Basic"", ""Adobe InDesign"", ""Video development software"", ""Extensible markup language XML"", ""Microsoft Office software"", ""Microsoft Word"", ""Tableau"", ""Web browser software"", ""Microsoft PowerPoint"", ""Qualtrics Insight"", ""JavaScript"", ""Online library databases""]",computer_science
Atmospheric and Space Scientists,"Atmospheric and Space Scientists. Core skills: Reading Comprehension, Active Learning, Active Listening, Critical Thinking, Science, Speaking, Complex Problem Solving, Writing, Judgment and Decision Making, Mathematics, Learning Strategies, Monitoring. Technology skills: IBM SPSS Statistics, PC Weather Products HURRTRAK, SAS, Systat Software SigmaStat, Microsoft PowerPoint, Adobe Photoshop, Advanced Visual Systems AVS/Express, Image editing software, Microsoft Paint, Cisco IOS, Linux, Microsoft Windows.",onet,19-2021.00,data_science,"[""Reading Comprehension"", ""Active Learning"", ""Active Listening"", ""Critical Thinking"", ""Science"", ""Speaking"", ""Complex Problem Solving"", ""Writing"", ""Judgment and Decision Making"", ""Mathematics"", ""Learning Strategies"", ""Monitoring"", ""Social Perceptiveness"", ""Systems Analysis"", ""Coordination"", ""Instructing"", ""Time Management"", ""Management of Personnel Resources"", ""Persuasion"", ""Service Orientation"", ""Systems Evaluation"", ""Operations Analysis"", ""Negotiation"", ""Operations Monitoring"", ""Programming"", ""Management of Financial Resources"", ""Management of Material Resources"", ""Technology Design"", ""Quality Control Analysis"", ""Operation and Control"", ""Equipment Maintenance"", ""Equipment Selection"", ""Installation"", ""Repairing"", ""Troubleshooting""]","[""IBM SPSS Statistics"", ""PC Weather Products HURRTRAK"", ""SAS"", ""Systat Software SigmaStat"", ""Microsoft PowerPoint"", ""Adobe Photoshop"", ""Advanced Visual Systems AVS/Express"", ""Image editing software"", ""Microsoft Paint"", ""Cisco IOS"", ""Linux"", ""Microsoft Windows"", ""UNIX"", ""C++"", ""Perl"", ""Python"", ""R"", ""ESRI ArcInfo"", ""ESRI ArcView"", ""Formula translation/translator FORTRAN"", ""Software development tools"", ""Microsoft Access"", ""Structured query language SQL"", ""Facebook"", ""Social media sites"", ""Microsoft Excel"", ""Microsoft Outlook"", ""QuarkXPress"", ""Apple Final Cut Pro"", ""Microsoft Office software"", ""Microsoft Word"", ""ITT Visual Information Solutions ENVI""]",computer_science
Bioinformatics Scientists,"Bioinformatics Scientists. Core skills: Critical Thinking, Reading Comprehension, Active Listening, Complex Problem Solving, Speaking, Writing, Science, Active Learning, Judgment and Decision Making, Mathematics, Monitoring, Time Management. Technology skills: IBM SPSS Statistics, SAS, StataCorp Stata, The MathWorks MATLAB, Microsoft PowerPoint, C#, jQuery, Microsoft SQL Server Reporting Services SSRS, Scala, Microsoft Azure software, Microsoft Visual Basic for Applications VBA, Microsoft Visual Studio.",onet,19-1029.01,data_science,"[""Critical Thinking"", ""Reading Comprehension"", ""Active Listening"", ""Complex Problem Solving"", ""Speaking"", ""Writing"", ""Science"", ""Active Learning"", ""Judgment and Decision Making"", ""Mathematics"", ""Monitoring"", ""Time Management"", ""Social Perceptiveness"", ""Systems Analysis"", ""Systems Evaluation"", ""Coordination"", ""Instructing"", ""Learning Strategies"", ""Management of Personnel Resources"", ""Persuasion"", ""Service Orientation"", ""Negotiation"", ""Operations Analysis"", ""Operations Monitoring"", ""Technology Design"", ""Management of Material Resources"", ""Programming"", ""Quality Control Analysis"", ""Management of Financial Resources"", ""Troubleshooting"", ""Equipment Selection"", ""Operation and Control"", ""Equipment Maintenance"", ""Installation"", ""Repairing""]","[""IBM SPSS Statistics"", ""SAS"", ""StataCorp Stata"", ""The MathWorks MATLAB"", ""Microsoft PowerPoint"", ""C#"", ""jQuery"", ""Microsoft SQL Server Reporting Services SSRS"", ""Scala"", ""Microsoft Azure software"", ""Microsoft Visual Basic for Applications VBA"", ""Microsoft Visual Studio"", ""Ruby"", ""Amazon Web Services AWS software"", ""Microsoft Access"", ""Oracle Database"", ""Structured query language SQL"", ""Django"", ""JavaScript Object Notation JSON"", ""Microsoft Active Server Pages ASP"", ""PHP"", ""Microsoft SQL Server"", ""MySQL"", ""NoSQL"", ""Oracle PL/SQL"", ""Bash"", ""Linux"", ""Shell script"", ""UNIX"", ""Docker"", ""GitHub"", ""Tableau"", ""TIBCO Spotfire S+"", ""Microsoft Excel"", ""PostgreSQL"", ""Microsoft SharePoint"", ""SAP software"", ""Apache HTTP Server"", ""Git"", ""Salesforce software"", ""Extensible markup language XML"", ""Microsoft Office software"", ""Web browser software"", ""User interface design software""]",data_science
Survey Researchers,"Survey Researchers. Core skills: Active Listening, Critical Thinking, Reading Comprehension, Speaking, Writing, Mathematics, Active Learning, Complex Problem Solving, Judgment and Decision Making, Coordination, Learning Strategies, Systems Analysis. Technology skills: IBM SPSS Statistics, SAS, StataCorp Stata, The MathWorks MATLAB, COMCON DataFriend, DATAN Merlin Fastab, Microsoft PowerPoint, QPSMR Limited Reflect, Apian SurveyPro, Database software, Gamma Associates mTab, Microsoft Access.",onet,19-3022.00,data_science,"[""Active Listening"", ""Critical Thinking"", ""Reading Comprehension"", ""Speaking"", ""Writing"", ""Mathematics"", ""Active Learning"", ""Complex Problem Solving"", ""Judgment and Decision Making"", ""Coordination"", ""Learning Strategies"", ""Systems Analysis"", ""Systems Evaluation"", ""Monitoring"", ""Service Orientation"", ""Social Perceptiveness"", ""Time Management"", ""Instructing"", ""Management of Personnel Resources"", ""Persuasion"", ""Negotiation"", ""Science"", ""Programming"", ""Operations Analysis"", ""Quality Control Analysis"", ""Management of Material Resources"", ""Management of Financial Resources"", ""Technology Design"", ""Operations Monitoring"", ""Equipment Maintenance"", ""Equipment Selection"", ""Installation"", ""Operation and Control"", ""Repairing"", ""Troubleshooting""]","[""IBM SPSS Statistics"", ""SAS"", ""StataCorp Stata"", ""The MathWorks MATLAB"", ""COMCON DataFriend"", ""DATAN Merlin Fastab"", ""Microsoft PowerPoint"", ""QPSMR Limited Reflect"", ""Apian SurveyPro"", ""Database software"", ""Gamma Associates mTab"", ""Microsoft Access"", ""C++"", ""Oracle Java"", ""Perl"", ""R"", ""Microsoft Project"", ""Microsoft Teams"", ""Perseus SurveySolutions"", ""Qualtrics Insight"", ""Acarda CallAssist"", ""Computer assisted telephone interviewing CATI software"", ""CfMC COSI"", ""Graphics software"", ""FaceTime"", ""Zoom"", ""EZ Forms"", ""Sawtooth SSI Web"", ""Adobe ColdFusion"", ""Pulse Train Bellview Web"", ""JavaScript"", ""Microsoft Active Server Pages ASP"", ""Microsoft Excel"", ""Email software"", ""Pulse Train Bellview Scan"", ""Verity TELEform"", ""Oracle PeopleSoft"", ""Sales force automation software"", ""Extensible markup language XML"", ""CfMC SoundSurvent"", ""Microsoft Office software"", ""Microsoft Word"", ""Tableau"", ""Web browser software"", ""Postal boundary mapping software"", ""Salford Systems CART""]",data_science
Bioinformatics Technicians,"Bioinformatics Technicians. Core skills: Reading Comprehension, Active Learning, Active Listening, Complex Problem Solving, Critical Thinking, Judgment and Decision Making, Writing, Mathematics, Speaking, Monitoring, Systems Analysis, Programming. Technology skills: Data visualization software, IBM SPSS Statistics, SAS, The MathWorks MATLAB, Microsoft PowerPoint, C++, Oracle Java, Perl, R, Microsoft Access, MySQL, Oracle Database.",onet,15-2099.01,data_science,"[""Reading Comprehension"", ""Active Learning"", ""Active Listening"", ""Complex Problem Solving"", ""Critical Thinking"", ""Judgment and Decision Making"", ""Writing"", ""Mathematics"", ""Speaking"", ""Monitoring"", ""Systems Analysis"", ""Programming"", ""Science"", ""Systems Evaluation"", ""Time Management"", ""Coordination"", ""Instructing"", ""Social Perceptiveness"", ""Learning Strategies"", ""Persuasion"", ""Management of Personnel Resources"", ""Operations Monitoring"", ""Negotiation"", ""Service Orientation"", ""Quality Control Analysis"", ""Operations Analysis"", ""Technology Design"", ""Management of Financial Resources"", ""Management of Material Resources"", ""Equipment Maintenance"", ""Equipment Selection"", ""Operation and Control"", ""Repairing"", ""Troubleshooting"", ""Installation""]","[""Data visualization software"", ""IBM SPSS Statistics"", ""SAS"", ""The MathWorks MATLAB"", ""Microsoft PowerPoint"", ""C++"", ""Oracle Java"", ""Perl"", ""R"", ""Microsoft Access"", ""MySQL"", ""Oracle Database"", ""Structured query language SQL"", ""Esri ArcGIS"", ""Geographic information system GIS software"", ""C"", ""Ruby"", ""Apache Subversion SVN"", ""Git"", ""Atlassian Bamboo"", ""Jenkins CI"", ""Linux"", ""Microsoft Windows"", ""Microsoft Excel"", ""Microsoft Outlook"", ""Avaya Identity Engines"", ""Microsoft SharePoint"", ""SAP software"", ""Microsoft Office software"", ""Microsoft Word"", ""Microsoft SQL Server"", ""Web browser software"", ""Voice over internet protocol VoIP system software"", ""Hypertext markup language HTML"", ""Microsoft Visio""]",data_science
"Environmental Scientists and Specialists, Including Health","Environmental Scientists and Specialists, Including Health. Core skills: Active Listening, Complex Problem Solving, Reading Comprehension, Science, Speaking, Writing, Critical Thinking, Active Learning, Coordination, Monitoring, Judgment and Decision Making, Learning Strategies. Technology skills: ADMS pollution modeling software, Laboratory information management system LIMS, Lakes Environmental EcoRisk View, Wolfel IMMI, Microsoft PowerPoint, Database software, Microsoft Access, Structured query language SQL, Tucows ChemBase, ESRI ArcGIS software, ESRI ArcInfo, Geographic information system GIS software.",onet,19-2041.00,data_science,"[""Active Listening"", ""Complex Problem Solving"", ""Reading Comprehension"", ""Science"", ""Speaking"", ""Writing"", ""Critical Thinking"", ""Active Learning"", ""Coordination"", ""Monitoring"", ""Judgment and Decision Making"", ""Learning Strategies"", ""Mathematics"", ""Time Management"", ""Instructing"", ""Management of Personnel Resources"", ""Social Perceptiveness"", ""Negotiation"", ""Persuasion"", ""Service Orientation"", ""Systems Analysis"", ""Systems Evaluation"", ""Operations Analysis"", ""Quality Control Analysis"", ""Operations Monitoring"", ""Management of Financial Resources"", ""Management of Material Resources"", ""Operation and Control"", ""Programming"", ""Troubleshooting"", ""Technology Design"", ""Equipment Maintenance"", ""Equipment Selection"", ""Installation"", ""Repairing""]","[""ADMS pollution modeling software"", ""Laboratory information management system LIMS"", ""Lakes Environmental EcoRisk View"", ""Wolfel IMMI"", ""Microsoft PowerPoint"", ""Database software"", ""Microsoft Access"", ""Structured query language SQL"", ""Tucows ChemBase"", ""ESRI ArcGIS software"", ""ESRI ArcInfo"", ""Geographic information system GIS software"", ""Geographic information system GIS systems"", ""Adobe Illustrator"", ""Corel CorelDraw Graphics Suite"", ""Graphics software"", ""SmugMug Flickr"", ""Geomechanical design analysis GDA software"", ""Golden Software Surfer"", ""Mapping software"", ""RockWare ArcMap"", ""Ecotech WinAQMS"", ""Emissions tracking software"", ""Material safety data sheet MSDS software"", ""MIRS Compliance"", ""Adobe Acrobat"", ""Microsoft SharePoint Server"", ""Autodesk AutoCAD"", ""Bentley MicroStation"", ""C++"", ""Sun Microsystems Java"", ""Microsoft Excel"", ""Microsoft Outlook"", ""Microsoft Visual Basic"", ""SAP software"", ""Microsoft Office software"", ""Microsoft Word"", ""Web browser software"", ""Microsoft Project""]",computer_science
Food Science Technicians,"Food Science Technicians. Core skills: Reading Comprehension, Active Listening, Speaking, Writing, Critical Thinking, Science, Complex Problem Solving, Coordination, Monitoring, Quality Control Analysis, Active Learning, Instructing. Technology skills: Database software, Microsoft Access, Microsoft SQL Server, Structure query language SQL, Microsoft PowerPoint, IBM Lotus Notes, Microsoft Outlook, Oracle WebLogic Server, Red Hat WildFly, Microsoft Excel, Graphics software, SAP software.",onet,19-4013.00,data_science,"[""Reading Comprehension"", ""Active Listening"", ""Speaking"", ""Writing"", ""Critical Thinking"", ""Science"", ""Complex Problem Solving"", ""Coordination"", ""Monitoring"", ""Quality Control Analysis"", ""Active Learning"", ""Instructing"", ""Judgment and Decision Making"", ""Time Management"", ""Learning Strategies"", ""Social Perceptiveness"", ""Mathematics"", ""Operations Monitoring"", ""Management of Personnel Resources"", ""Systems Evaluation"", ""Service Orientation"", ""Systems Analysis"", ""Operation and Control"", ""Troubleshooting"", ""Equipment Maintenance"", ""Management of Material Resources"", ""Negotiation"", ""Persuasion"", ""Repairing"", ""Equipment Selection"", ""Management of Financial Resources"", ""Operations Analysis"", ""Programming"", ""Technology Design"", ""Installation""]","[""Database software"", ""Microsoft Access"", ""Microsoft SQL Server"", ""Structure query language SQL"", ""Microsoft PowerPoint"", ""IBM Lotus Notes"", ""Microsoft Outlook"", ""Oracle WebLogic Server"", ""Red Hat WildFly"", ""Microsoft Excel"", ""Graphics software"", ""SAP software"", ""Microsoft Office software"", ""Linux"", ""Microsoft Word"", ""Graphical user interface GUI design software"", ""Apache JMeter"", ""SAS"", ""IBM WebSphere"", ""Apache Struts"", ""Microsoft Visio""]",computer_science
Political Scientists,"Political Scientists. Core skills: Reading Comprehension, Active Learning, Active Listening, Speaking, Critical Thinking, Writing, Social Perceptiveness, Complex Problem Solving, Judgment and Decision Making, Instructing, Learning Strategies, Systems Evaluation. Technology skills: IBM SPSS Statistics, JudgeIt II, SAS, StataCorp Stata, Microsoft PowerPoint, EBSCO Publishing Political Science Complete, JSTOR database, ProQuest Worldwide Political Science Abstracts, Sage Reference Online, CQ Press Political Reference Suite, Library of Congress E-resources Online Catalog, Microsoft Access.",onet,19-3094.00,data_science,"[""Reading Comprehension"", ""Active Learning"", ""Active Listening"", ""Speaking"", ""Critical Thinking"", ""Writing"", ""Social Perceptiveness"", ""Complex Problem Solving"", ""Judgment and Decision Making"", ""Instructing"", ""Learning Strategies"", ""Systems Evaluation"", ""Coordination"", ""Mathematics"", ""Service Orientation"", ""Systems Analysis"", ""Monitoring"", ""Persuasion"", ""Time Management"", ""Negotiation"", ""Science"", ""Operations Analysis"", ""Management of Personnel Resources"", ""Management of Financial Resources"", ""Management of Material Resources"", ""Programming"", ""Technology Design"", ""Operations Monitoring"", ""Quality Control Analysis"", ""Equipment Maintenance"", ""Equipment Selection"", ""Installation"", ""Operation and Control"", ""Repairing"", ""Troubleshooting""]","[""IBM SPSS Statistics"", ""JudgeIt II"", ""SAS"", ""StataCorp Stata"", ""Microsoft PowerPoint"", ""EBSCO Publishing Political Science Complete"", ""JSTOR database"", ""ProQuest Worldwide Political Science Abstracts"", ""Sage Reference Online"", ""CQ Press Political Reference Suite"", ""Library of Congress E-resources Online Catalog"", ""Microsoft Access"", ""Structure query language SQL"", ""Email software"", ""Microsoft Outlook"", ""Adobe Acrobat"", ""Microsoft SharePoint"", ""Bare Bones Software BBEdit"", ""IDM Computer Solutions UltraEdit"", ""Python"", ""R"", ""Microsoft Excel"", ""SAP software"", ""Microsoft Publisher"", ""Microsoft Office software"", ""Microsoft Word"", ""Tableau"", ""Microsoft Active Server Pages ASP"", ""Microsoft Visio""]",data_science
Statisticians,"Statisticians. Core skills: Mathematics, Critical Thinking, Reading Comprehension, Active Listening, Complex Problem Solving, Speaking, Active Learning, Writing, Science, Judgment and Decision Making, Learning Strategies, Monitoring. Technology skills: IBM SPSS Statistics, Minitab, SAS, The MathWorks MATLAB, Microsoft PowerPoint, C++, Python, R, Sun Microsystems Java, Amazon Redshift, Amazon Web Services AWS software, IBM DB2.",onet,15-2041.00,data_science,"[""Mathematics"", ""Critical Thinking"", ""Reading Comprehension"", ""Active Listening"", ""Complex Problem Solving"", ""Speaking"", ""Active Learning"", ""Writing"", ""Science"", ""Judgment and Decision Making"", ""Learning Strategies"", ""Monitoring"", ""Programming"", ""Systems Analysis"", ""Systems Evaluation"", ""Time Management"", ""Coordination"", ""Instructing"", ""Operations Analysis"", ""Social Perceptiveness"", ""Persuasion"", ""Management of Personnel Resources"", ""Service Orientation"", ""Negotiation"", ""Quality Control Analysis"", ""Management of Financial Resources"", ""Operations Monitoring"", ""Management of Material Resources"", ""Technology Design"", ""Equipment Maintenance"", ""Equipment Selection"", ""Installation"", ""Operation and Control"", ""Repairing"", ""Troubleshooting""]","[""IBM SPSS Statistics"", ""Minitab"", ""SAS"", ""The MathWorks MATLAB"", ""Microsoft PowerPoint"", ""C++"", ""Python"", ""R"", ""Sun Microsystems Java"", ""Amazon Redshift"", ""Amazon Web Services AWS software"", ""IBM DB2"", ""Microsoft SQL Server"", ""Angoss KnowledgeSEEKER"", ""NCR Teradata Warehouse Miner"", ""SAS Enterprise Miner"", ""Apache Hadoop"", ""Apache Pig"", ""Teradata Database"", ""Common business oriented language COBOL"", ""Formula translation/translator FORTRAN"", ""Microsoft Visual Basic"", ""Microsoft Visual Basic for Applications VBA"", ""Linux"", ""UNIX"", ""Apache Spark"", ""Qlik Tech QlikView"", ""Tableau"", ""Microsoft Excel"", ""Microsoft Visual FoxPro"", ""SAP software"", ""Extensible markup language XML"", ""SAS/CONNECT"", ""Microsoft Office software"", ""Microsoft Word""]",computer_science
"Environmental Science and Protection Technicians, Including Health","Environmental Science and Protection Technicians, Including Health. Core skills: Reading Comprehension, Active Listening, Speaking, Writing, Critical Thinking, Monitoring, Science, Complex Problem Solving, Judgment and Decision Making, Active Learning, Mathematics, Systems Analysis. Technology skills: ESRI ArcGIS software, ESRI ArcInfo, ESRI ArcPad, ESRI ArcView, YouTube, FishXing, Flood modeling software, HEC-RAS, Visual OTTHYMO, Email software, Microsoft Outlook, Autodesk AutoCAD.",onet,19-4042.00,data_science,"[""Reading Comprehension"", ""Active Listening"", ""Speaking"", ""Writing"", ""Critical Thinking"", ""Monitoring"", ""Science"", ""Complex Problem Solving"", ""Judgment and Decision Making"", ""Active Learning"", ""Mathematics"", ""Systems Analysis"", ""Coordination"", ""Learning Strategies"", ""Operations Monitoring"", ""Service Orientation"", ""Social Perceptiveness"", ""Systems Evaluation"", ""Time Management"", ""Instructing"", ""Operation and Control"", ""Persuasion"", ""Negotiation"", ""Quality Control Analysis"", ""Operations Analysis"", ""Management of Personnel Resources"", ""Management of Material Resources"", ""Troubleshooting"", ""Equipment Maintenance"", ""Management of Financial Resources"", ""Programming"", ""Equipment Selection"", ""Repairing"", ""Technology Design"", ""Installation""]","[""ESRI ArcGIS software"", ""ESRI ArcInfo"", ""ESRI ArcPad"", ""ESRI ArcView"", ""YouTube"", ""FishXing"", ""Flood modeling software"", ""HEC-RAS"", ""Visual OTTHYMO"", ""Email software"", ""Microsoft Outlook"", ""Autodesk AutoCAD"", ""Autodesk Softdesk"", ""Database software"", ""Microsoft Access"", ""Geomechanical design analysis GDA software"", ""Trimble GPS Pathfinder Office"", ""Microsoft Excel"", ""Graphics software"", ""Adobe Acrobat"", ""SAP software"", ""Microsoft Office software"", ""Microsoft Word"", ""Web browser software"", ""Microsoft PowerPoint"", ""Microsoft Project""]",
"Geological Technicians, Except Hydrologic Technicians","Geological Technicians, Except Hydrologic Technicians. Core skills: Reading Comprehension, Critical Thinking, Monitoring, Time Management, Writing, Active Listening, Complex Problem Solving, Judgment and Decision Making, Coordination, Operations Monitoring, Speaking, Social Perceptiveness. Technology skills: ESRI ArcGIS software, Geographic information system GIS software, Geographic information system GIS systems, Microsoft PowerPoint, IHS Petra, Landmark Graphics GeoGraphix, Schlumberger GeoFrame, Techsia Techlog, Golden Software Surfer, Leica Geosystems ERDAS IMAGINE, Martin D Adamiker's TruFlite, Surface III.",onet,19-4043.00,data_science,"[""Reading Comprehension"", ""Critical Thinking"", ""Monitoring"", ""Time Management"", ""Writing"", ""Active Listening"", ""Complex Problem Solving"", ""Judgment and Decision Making"", ""Coordination"", ""Operations Monitoring"", ""Speaking"", ""Social Perceptiveness"", ""Active Learning"", ""Mathematics"", ""Operation and Control"", ""Instructing"", ""Learning Strategies"", ""Persuasion"", ""Science"", ""Systems Analysis"", ""Management of Personnel Resources"", ""Service Orientation"", ""Systems Evaluation"", ""Negotiation"", ""Equipment Selection"", ""Quality Control Analysis"", ""Management of Material Resources"", ""Troubleshooting"", ""Repairing"", ""Technology Design"", ""Equipment Maintenance"", ""Management of Financial Resources"", ""Programming"", ""Operations Analysis"", ""Installation""]","[""ESRI ArcGIS software"", ""Geographic information system GIS software"", ""Geographic information system GIS systems"", ""Microsoft PowerPoint"", ""IHS Petra"", ""Landmark Graphics GeoGraphix"", ""Schlumberger GeoFrame"", ""Techsia Techlog"", ""Golden Software Surfer"", ""Leica Geosystems ERDAS IMAGINE"", ""Martin D Adamiker's TruFlite"", ""Surface III"", ""Autodesk AutoCAD"", ""Dynamic Graphics EarthVision"", ""Midland Valley 2DMove"", ""Global positioning system GPS software"", ""Juniper Systems LandMark Mobile"", ""Adobe Illustrator"", ""Corel CorelDraw Graphics Suite"", ""Database software"", ""Microsoft Access"", ""Microsoft Excel"", ""Microsoft Outlook"", ""SAP software"", ""Microsoft Office software"", ""Microsoft Word"", ""SAP BusinessObjects Crystal Reports"", ""Inventory management systems""]",
Materials Scientists,"Materials Scientists. Core skills: Active Listening, Complex Problem Solving, Critical Thinking, Reading Comprehension, Science, Writing, Active Learning, Speaking, Judgment and Decision Making, Mathematics, Monitoring, Operations Analysis. Technology skills: Bruker AXS LEPTOS, IBM SPSS Statistics, PANalytical X'Pert Epitaxy, VAMP/VASP, Microsoft PowerPoint, Python, R, Microsoft Excel, Email software, National Instruments LabVIEW, Microsoft Office software, Microsoft Word.",onet,19-2032.00,data_science,"[""Active Listening"", ""Complex Problem Solving"", ""Critical Thinking"", ""Reading Comprehension"", ""Science"", ""Writing"", ""Active Learning"", ""Speaking"", ""Judgment and Decision Making"", ""Mathematics"", ""Monitoring"", ""Operations Analysis"", ""Persuasion"", ""Systems Evaluation"", ""Coordination"", ""Learning Strategies"", ""Social Perceptiveness"", ""Systems Analysis"", ""Time Management"", ""Instructing"", ""Quality Control Analysis"", ""Operations Monitoring"", ""Service Orientation"", ""Negotiation"", ""Management of Personnel Resources"", ""Management of Financial Resources"", ""Management of Material Resources"", ""Operation and Control"", ""Troubleshooting"", ""Programming"", ""Technology Design"", ""Equipment Maintenance"", ""Equipment Selection"", ""Repairing"", ""Installation""]","[""Bruker AXS LEPTOS"", ""IBM SPSS Statistics"", ""PANalytical X'Pert Epitaxy"", ""VAMP/VASP"", ""Microsoft PowerPoint"", ""Python"", ""R"", ""Microsoft Excel"", ""Email software"", ""National Instruments LabVIEW"", ""Microsoft Office software"", ""Microsoft Word"", ""Web browser software"", ""International Centre for Diffraction Data ICDD DDView"", ""Hypertext markup language HTML""]",computer_science
"Geoscientists, Except Hydrologists and Geographers","Geoscientists, Except Hydrologists and Geographers. Core skills: Reading Comprehension, Critical Thinking, Science, Speaking, Active Listening, Complex Problem Solving, Judgment and Decision Making, Writing, Mathematics, Active Learning, Systems Analysis, Systems Evaluation. Technology skills: EarthWorks Downhole Explorer, Gemcom Surpac, RockWare Geochemist's Workbench GWB, The MathWorks MATLAB, Microsoft PowerPoint, Geosoft Oasis montaj, Leica Geosystems ERDAS IMAGINE, Mapping software, SACLANTCEN, Atoll GeoCAD, Evolution Computing EasyCAD, MineSight.",onet,19-2042.00,data_science,"[""Reading Comprehension"", ""Critical Thinking"", ""Science"", ""Speaking"", ""Active Listening"", ""Complex Problem Solving"", ""Judgment and Decision Making"", ""Writing"", ""Mathematics"", ""Active Learning"", ""Systems Analysis"", ""Systems Evaluation"", ""Coordination"", ""Learning Strategies"", ""Monitoring"", ""Instructing"", ""Social Perceptiveness"", ""Persuasion"", ""Time Management"", ""Management of Personnel Resources"", ""Negotiation"", ""Operations Analysis"", ""Service Orientation"", ""Operation and Control"", ""Operations Monitoring"", ""Programming"", ""Quality Control Analysis"", ""Equipment Selection"", ""Management of Financial Resources"", ""Management of Material Resources"", ""Technology Design"", ""Troubleshooting"", ""Equipment Maintenance"", ""Installation"", ""Repairing""]","[""EarthWorks Downhole Explorer"", ""Gemcom Surpac"", ""RockWare Geochemist's Workbench GWB"", ""The MathWorks MATLAB"", ""Microsoft PowerPoint"", ""Geosoft Oasis montaj"", ""Leica Geosystems ERDAS IMAGINE"", ""Mapping software"", ""SACLANTCEN"", ""Atoll GeoCAD"", ""Evolution Computing EasyCAD"", ""MineSight"", ""Trimble Terramodel"", ""ESRI ArcGIS software"", ""Geographic information system GIS software"", ""Geographic information system GIS systems"", ""RockWare RockWorks"", ""EarthSoft EQuIS Geology"", ""GeoPLUS Petra"", ""Geosoft DAP server"", ""Microsoft Access"", ""Email software"", ""Microsoft Outlook"", ""ACD Systems Canvas"", ""Adobe Photoshop"", ""Adobe Acrobat"", ""MHC Document Express"", ""Microsoft Office software"", ""OpenOffice.org"", ""Microsoft Excel"", ""BOSS Didger"", ""Git"", ""Microsoft Word"", ""Python"", ""Microsoft Project"", ""Microsoft Active Server Pages ASP""]",
Biological Technicians,"Biological Technicians. Core skills: Reading Comprehension, Critical Thinking, Active Listening, Science, Active Learning, Writing, Complex Problem Solving, Monitoring, Speaking, Judgment and Decision Making, Mathematics, Operations Monitoring. Technology skills: BD Biosciences CellQuest, Gene Codes Sequencher, Laboratory information management system LIMS, SAS, Microsoft PowerPoint, Adobe Photoshop, Graphics software, Harvard Graphics, Database software, Microsoft Access, Thomson EndNote, IBM Lotus 1-2-3.",onet,19-4021.00,data_science,"[""Reading Comprehension"", ""Critical Thinking"", ""Active Listening"", ""Science"", ""Active Learning"", ""Writing"", ""Complex Problem Solving"", ""Monitoring"", ""Speaking"", ""Judgment and Decision Making"", ""Mathematics"", ""Operations Monitoring"", ""Systems Analysis"", ""Learning Strategies"", ""Quality Control Analysis"", ""Time Management"", ""Coordination"", ""Social Perceptiveness"", ""Systems Evaluation"", ""Operation and Control"", ""Troubleshooting"", ""Instructing"", ""Management of Material Resources"", ""Service Orientation"", ""Equipment Maintenance"", ""Management of Personnel Resources"", ""Persuasion"", ""Equipment Selection"", ""Management of Financial Resources"", ""Negotiation"", ""Operations Analysis"", ""Programming"", ""Technology Design"", ""Repairing"", ""Installation""]","[""BD Biosciences CellQuest"", ""Gene Codes Sequencher"", ""Laboratory information management system LIMS"", ""SAS"", ""Microsoft PowerPoint"", ""Adobe Photoshop"", ""Graphics software"", ""Harvard Graphics"", ""Database software"", ""Microsoft Access"", ""Thomson EndNote"", ""IBM Lotus 1-2-3"", ""Microsoft Excel"", ""ESRI ArcGIS software"", ""Geographic information system GIS software"", ""Corel WordPerfect Office Suite"", ""Microsoft Office software"", ""Microsoft Outlook"", ""Microsoft Word"", ""Adobe Acrobat"", ""Microsoft .NET Framework"", ""MapInfo MapMarker"", ""Microsoft Project""]",design
Remote Sensing Technicians,"Remote Sensing Technicians. Core skills: Critical Thinking, Mathematics, Reading Comprehension, Speaking, Active Listening, Judgment and Decision Making, Monitoring, Systems Analysis, Complex Problem Solving, Writing, Coordination, Active Learning. Technology skills: Calibration software, Opticks, SAS, The MathWorks MATLAB, Microsoft PowerPoint, Microsoft .NET Framework, Microsoft Azure software, Microsoft PowerShell, Microsoft Visual Studio, Microsoft Windows Server, Shell script, UNIX.",onet,19-4099.03,data_science,"[""Critical Thinking"", ""Mathematics"", ""Reading Comprehension"", ""Speaking"", ""Active Listening"", ""Judgment and Decision Making"", ""Monitoring"", ""Systems Analysis"", ""Complex Problem Solving"", ""Writing"", ""Coordination"", ""Active Learning"", ""Quality Control Analysis"", ""Social Perceptiveness"", ""Time Management"", ""Learning Strategies"", ""Operations Monitoring"", ""Programming"", ""Systems Evaluation"", ""Instructing"", ""Management of Personnel Resources"", ""Science"", ""Negotiation"", ""Persuasion"", ""Service Orientation"", ""Operation and Control"", ""Troubleshooting"", ""Equipment Maintenance"", ""Equipment Selection"", ""Management of Material Resources"", ""Operations Analysis"", ""Management of Financial Resources"", ""Repairing"", ""Technology Design"", ""Installation""]","[""Calibration software"", ""Opticks"", ""SAS"", ""The MathWorks MATLAB"", ""Microsoft PowerPoint"", ""Microsoft .NET Framework"", ""Microsoft Azure software"", ""Microsoft PowerShell"", ""Microsoft Visual Studio"", ""Microsoft Windows Server"", ""Shell script"", ""UNIX"", ""UNIX Shell"", ""Amazon Elastic Compute Cloud EC2"", ""Amazon Web Services AWS software"", ""Oracle Database"", ""ServiceNow"", ""AJAX"", ""Cascading style sheets CSS"", ""jQuery"", ""React"", ""ESRI ArcCatalog"", ""ESRI ArcGIS software"", ""ESRI ArcView 3D Analyst"", ""Geographic information system GIS systems"", ""C#"", ""Oracle Java"", ""Perl"", ""R"", ""Applied Imagery Quick Terrain Modeler"", ""BAE Systems SOCET SET"", ""ITT Visual Information Solutions ENVI"", ""Leica Geosystems ERDAS IMAGINE"", ""Airdata"", ""Atlassian Confluence"", ""Atlassian JIRA"", ""Microsoft Project"", ""Adobe Creative Cloud software"", ""Adobe Photoshop"", ""Microsoft Image Composite Editor"", ""Autodesk AutoCAD"", ""Bentley MicroStation"", ""Mathsoft Mathcad"", ""Microsoft SQL Server"", ""MySQL"", ""Microsoft Excel"", ""Microsoft Outlook"", ""ArduPilot Mission Planner"", ""GitHub"", ""Ansible software"", ""Global positioning system GPS software"", ""VMware"", ""SAP software"", ""Git"", ""Salesforce software"", ""Microsoft Office software"", ""Microsoft Word"", ""Aeronautical charts"", ""Web browser software"", ""Debugging software"", ""Splunk Enterprise"", ""Google Analytics""]",cloud_devops
Conservation Scientists,"Conservation Scientists. Core skills: Active Listening, Reading Comprehension, Complex Problem Solving, Speaking, Critical Thinking, Science, Writing, Active Learning, Judgment and Decision Making, Monitoring, Social Perceptiveness, Time Management. Technology skills: ESRI ArcGIS software, ESRI ArcInfo, Geographic information system GIS software, Geographic information system GIS systems, Microsoft PowerPoint, Clover Technology GALENA, Datasurge GEOPRO, Water Soil and Hydro-Environmental Decision Support System WATERSHEDSS, WinEPIC, CroPMan, Microsoft Access, State Soil Geographic STATSGO Database.",onet,19-1031.00,data_science,"[""Active Listening"", ""Reading Comprehension"", ""Complex Problem Solving"", ""Speaking"", ""Critical Thinking"", ""Science"", ""Writing"", ""Active Learning"", ""Judgment and Decision Making"", ""Monitoring"", ""Social Perceptiveness"", ""Time Management"", ""Coordination"", ""Mathematics"", ""Persuasion"", ""Service Orientation"", ""Systems Analysis"", ""Systems Evaluation"", ""Negotiation"", ""Instructing"", ""Learning Strategies"", ""Management of Personnel Resources"", ""Management of Material Resources"", ""Operations Analysis"", ""Operations Monitoring"", ""Management of Financial Resources"", ""Operation and Control"", ""Quality Control Analysis"", ""Troubleshooting"", ""Programming"", ""Technology Design"", ""Equipment Selection"", ""Equipment Maintenance"", ""Installation"", ""Repairing""]","[""ESRI ArcGIS software"", ""ESRI ArcInfo"", ""Geographic information system GIS software"", ""Geographic information system GIS systems"", ""Microsoft PowerPoint"", ""Clover Technology GALENA"", ""Datasurge GEOPRO"", ""Water Soil and Hydro-Environmental Decision Support System WATERSHEDSS"", ""WinEPIC"", ""CroPMan"", ""Microsoft Access"", ""State Soil Geographic STATSGO Database"", ""Water resources databases"", ""Email software"", ""Microsoft Outlook"", ""Microsoft Excel"", ""Global positioning system GPS software"", ""Autodesk Maya"", ""Adobe Acrobat"", ""Microsoft Office software"", ""Microsoft Windows"", ""Microsoft Word"", ""Autodesk AutoCAD"", ""Web browser software"", ""Microsoft Active Server Pages ASP""]",
Statistical Assistants,"Statistical Assistants. Core skills: Mathematics, Critical Thinking, Reading Comprehension, Active Learning, Complex Problem Solving, Writing, Active Listening, Speaking, Judgment and Decision Making, Time Management, Monitoring, Programming. Technology skills: IBM SPSS Statistics, Minitab, SAS, The MathWorks MATLAB, Microsoft PowerPoint, C#, C++, Oracle Java, R, Database software, Microsoft Access, QSR International NVivo.",onet,43-9111.00,data_science,"[""Mathematics"", ""Critical Thinking"", ""Reading Comprehension"", ""Active Learning"", ""Complex Problem Solving"", ""Writing"", ""Active Listening"", ""Speaking"", ""Judgment and Decision Making"", ""Time Management"", ""Monitoring"", ""Programming"", ""Coordination"", ""Learning Strategies"", ""Service Orientation"", ""Social Perceptiveness"", ""Instructing"", ""Persuasion"", ""Management of Personnel Resources"", ""Negotiation"", ""Systems Analysis"", ""Systems Evaluation"", ""Quality Control Analysis"", ""Science"", ""Operations Analysis"", ""Technology Design"", ""Management of Financial Resources"", ""Management of Material Resources"", ""Operations Monitoring"", ""Equipment Maintenance"", ""Equipment Selection"", ""Installation"", ""Operation and Control"", ""Repairing"", ""Troubleshooting""]","[""IBM SPSS Statistics"", ""Minitab"", ""SAS"", ""The MathWorks MATLAB"", ""Microsoft PowerPoint"", ""C#"", ""C++"", ""Oracle Java"", ""R"", ""Database software"", ""Microsoft Access"", ""QSR International NVivo"", ""Structured query language SQL"", ""A programming language APL"", ""Microsoft Visual Basic"", ""Microsoft Visual Studio"", ""Software development tools"", ""Corel WordPerfect Office Suite"", ""Google Workspace software"", ""Microsoft Office software"", ""GGY AXIS"", ""PolySystems Asset Delphi"", ""Towers Perrin MoSes"", ""IBM Lotus 1-2-3"", ""Microsoft Excel"", ""Microsoft Outlook"", ""Harvard Graphics"", ""Hyland OnBase Enterprise Content Management"", ""Avidian Technologies Prophet"", ""Microsoft Word"", ""Oracle PL/SQL"", ""Bentley MicroStation"", ""Tableau"", ""SAP BusinessObjects Crystal Reports"", ""Web browser software"", ""Microsoft Active Server Pages ASP""]",computer_science
Stationary Engineers and Boiler Operators,"Stationary Engineers and Boiler Operators. Core skills: Operations Monitoring, Operation and Control, Active Listening, Critical Thinking, Equipment Maintenance, Repairing, Troubleshooting, Active Learning, Complex Problem Solving, Coordination, Judgment and Decision Making, Monitoring. Technology skills: Email software, Microsoft Outlook, Microsoft PowerPoint, Building management system software, Computerized maintenance management system CMMS, Database software, Operational Data Store ODS software, Microsoft Excel, Graphics software, SAP software, Microsoft Office software, Microsoft Word.",onet,51-8021.00,data_science,"[""Operations Monitoring"", ""Operation and Control"", ""Active Listening"", ""Critical Thinking"", ""Equipment Maintenance"", ""Repairing"", ""Troubleshooting"", ""Active Learning"", ""Complex Problem Solving"", ""Coordination"", ""Judgment and Decision Making"", ""Monitoring"", ""Quality Control Analysis"", ""Reading Comprehension"", ""Speaking"", ""Time Management"", ""Systems Evaluation"", ""Writing"", ""Instructing"", ""Social Perceptiveness"", ""Systems Analysis"", ""Equipment Selection"", ""Persuasion"", ""Management of Personnel Resources"", ""Negotiation"", ""Science"", ""Installation"", ""Learning Strategies"", ""Mathematics"", ""Service Orientation"", ""Management of Material Resources"", ""Operations Analysis"", ""Management of Financial Resources"", ""Technology Design"", ""Programming""]","[""Email software"", ""Microsoft Outlook"", ""Microsoft PowerPoint"", ""Building management system software"", ""Computerized maintenance management system CMMS"", ""Database software"", ""Operational Data Store ODS software"", ""Microsoft Excel"", ""Graphics software"", ""SAP software"", ""Microsoft Office software"", ""Microsoft Word"", ""Statistical software"", ""Web browser software"", ""Microsoft Active Server Pages ASP""]",business
"Umpires, Referees, and Other Sports Officials","Umpires, Referees, and Other Sports Officials. Core skills: Speaking, Critical Thinking, Active Listening, Judgment and Decision Making, Monitoring, Active Learning, Complex Problem Solving, Coordination, Learning Strategies, Reading Comprehension, Social Perceptiveness, Instructing. Technology skills: Email software, Microsoft Outlook, Microsoft PowerPoint, Microsoft Excel, Adobe Acrobat, Video editing software, Microsoft Office software, Microsoft Word, Web browser software, Database software.",onet,27-2023.00,data_science,"[""Speaking"", ""Critical Thinking"", ""Active Listening"", ""Judgment and Decision Making"", ""Monitoring"", ""Active Learning"", ""Complex Problem Solving"", ""Coordination"", ""Learning Strategies"", ""Reading Comprehension"", ""Social Perceptiveness"", ""Instructing"", ""Time Management"", ""Negotiation"", ""Persuasion"", ""Service Orientation"", ""Writing"", ""Mathematics"", ""Systems Evaluation"", ""Management of Personnel Resources"", ""Quality Control Analysis"", ""Systems Analysis"", ""Operations Analysis"", ""Operations Monitoring"", ""Technology Design"", ""Science"", ""Troubleshooting"", ""Equipment Maintenance"", ""Equipment Selection"", ""Operation and Control"", ""Installation"", ""Management of Financial Resources"", ""Management of Material Resources"", ""Programming"", ""Repairing""]","[""Email software"", ""Microsoft Outlook"", ""Microsoft PowerPoint"", ""Microsoft Excel"", ""Adobe Acrobat"", ""Video editing software"", ""Microsoft Office software"", ""Microsoft Word"", ""Web browser software"", ""Database software""]",business
Billing and Posting Clerks,"Billing and Posting Clerks. Core skills: Reading Comprehension, Mathematics, Active Listening, Critical Thinking, Monitoring, Speaking, Time Management, Writing, Complex Problem Solving, Judgment and Decision Making, Service Orientation, Social Perceptiveness. Technology skills: Allscripts Professional PM, Intuit QuickBooks, Sage 50 Accounting, Thomson Reuters Elite Enterprise, Microsoft PowerPoint, eMDs Medisoft, Epic Systems, Medical procedure coding software, MEDITECH software, Check imaging software, Fiserv PEP+ reACH, Mitek Systems ImageNet Payments.",onet,43-3021.00,data_science,"[""Reading Comprehension"", ""Mathematics"", ""Active Listening"", ""Critical Thinking"", ""Monitoring"", ""Speaking"", ""Time Management"", ""Writing"", ""Complex Problem Solving"", ""Judgment and Decision Making"", ""Service Orientation"", ""Social Perceptiveness"", ""Active Learning"", ""Coordination"", ""Learning Strategies"", ""Management of Personnel Resources"", ""Negotiation"", ""Systems Analysis"", ""Systems Evaluation"", ""Instructing"", ""Persuasion"", ""Programming"", ""Operations Monitoring"", ""Quality Control Analysis"", ""Management of Material Resources"", ""Troubleshooting"", ""Management of Financial Resources"", ""Operation and Control"", ""Repairing"", ""Equipment Maintenance"", ""Equipment Selection"", ""Operations Analysis"", ""Technology Design"", ""Science"", ""Installation""]","[""Allscripts Professional PM"", ""Intuit QuickBooks"", ""Sage 50 Accounting"", ""Thomson Reuters Elite Enterprise"", ""Microsoft PowerPoint"", ""eMDs Medisoft"", ""Epic Systems"", ""Medical procedure coding software"", ""MEDITECH software"", ""Check imaging software"", ""Fiserv PEP+ reACH"", ""Mitek Systems ImageNet Payments"", ""VECTORsgi Image Exchange Solution"", ""Microsoft Dynamics"", ""Oracle JD Edwards EnterpriseOne"", ""Oracle PeopleSoft Financials"", ""SAP software"", ""Accuity EPICWare"", ""Oracle E-Business Suite Financials"", ""Positive pay software"", ""QuoteWerks"", ""Check processing software"", ""File management systems"", ""VECTORsgi Check Management Solution"", ""Image Deposit Exchange Check Station"", ""Remote deposit capture software"", ""Database software"", ""Microsoft Access"", ""Automated billing software"", ""Medical billing software"", ""Microsoft Excel"", ""Microsoft Outlook"", ""Optical character recognition OCR software"", ""Aderant legal software"", ""HelpIT Systems addressIT"", ""Microsoft Office software"", ""Microsoft Windows"", ""Microsoft Word"", ""IBM Cognos Impromptu"", ""Web browser software"", ""Microsoft Project"", ""Check sorting control software""]",
Gas Compressor and Gas Pumping Station Operators,"Gas Compressor and Gas Pumping Station Operators. Core skills: Operations Monitoring, Operation and Control, Critical Thinking, Active Listening, Equipment Maintenance, Monitoring, Reading Comprehension, Troubleshooting, Complex Problem Solving, Coordination, Judgment and Decision Making, Quality Control Analysis. Technology skills: Microsoft Excel, Microsoft Outlook, Computerized maintenance management system CMMS, Microsoft Office software, Microsoft Word, Programmable logic controller PLC software.",onet,53-7071.00,data_science,"[""Operations Monitoring"", ""Operation and Control"", ""Critical Thinking"", ""Active Listening"", ""Equipment Maintenance"", ""Monitoring"", ""Reading Comprehension"", ""Troubleshooting"", ""Complex Problem Solving"", ""Coordination"", ""Judgment and Decision Making"", ""Quality Control Analysis"", ""Repairing"", ""Speaking"", ""Time Management"", ""Writing"", ""Active Learning"", ""Social Perceptiveness"", ""Systems Analysis"", ""Instructing"", ""Learning Strategies"", ""Management of Personnel Resources"", ""Mathematics"", ""Negotiation"", ""Persuasion"", ""Service Orientation"", ""Equipment Selection"", ""Management of Material Resources"", ""Systems Evaluation"", ""Science"", ""Technology Design"", ""Management of Financial Resources"", ""Programming"", ""Installation"", ""Operations Analysis""]","[""Microsoft Excel"", ""Microsoft Outlook"", ""Computerized maintenance management system CMMS"", ""Microsoft Office software"", ""Microsoft Word"", ""Programmable logic controller PLC software""]",business
Broadcast Announcers and Radio Disc Jockeys,"Broadcast Announcers and Radio Disc Jockeys. Core skills: Speaking, Active Listening, Reading Comprehension, Critical Thinking, Social Perceptiveness, Time Management, Active Learning, Writing, Complex Problem Solving, Coordination, Judgment and Decision Making, Monitoring. Technology skills: Database software, Microsoft Access, Program logging software, Zoom, Adobe Audition, Audion Laboratories VoxPro, Avid Technology Pro Tools, Burli Software Burli Newsroom System, Microsoft Word, Microsoft Excel, Microsoft Outlook, Dalet Digital Media Systems Dalet Media Life.",onet,27-3011.00,data_science,"[""Speaking"", ""Active Listening"", ""Reading Comprehension"", ""Critical Thinking"", ""Social Perceptiveness"", ""Time Management"", ""Active Learning"", ""Writing"", ""Complex Problem Solving"", ""Coordination"", ""Judgment and Decision Making"", ""Monitoring"", ""Service Orientation"", ""Persuasion"", ""Negotiation"", ""Instructing"", ""Operation and Control"", ""Operations Monitoring"", ""Systems Evaluation"", ""Learning Strategies"", ""Management of Personnel Resources"", ""Systems Analysis"", ""Operations Analysis"", ""Quality Control Analysis"", ""Mathematics"", ""Management of Financial Resources"", ""Management of Material Resources"", ""Troubleshooting"", ""Equipment Maintenance"", ""Equipment Selection"", ""Repairing"", ""Programming"", ""Technology Design"", ""Installation"", ""Science""]","[""Database software"", ""Microsoft Access"", ""Program logging software"", ""Zoom"", ""Adobe Audition"", ""Audion Laboratories VoxPro"", ""Avid Technology Pro Tools"", ""Burli Software Burli Newsroom System"", ""Microsoft Word"", ""Microsoft Excel"", ""Microsoft Outlook"", ""Dalet Digital Media Systems Dalet Media Life"", ""Enterprise application integration EAI software"", ""Microsoft Office software"", ""Statistical processing software"", ""Web browser software"", ""Microsoft PowerPoint""]",business
Environmental Compliance Inspectors,"Environmental Compliance Inspectors. Core skills: Critical Thinking, Reading Comprehension, Active Listening, Speaking, Writing, Active Learning, Complex Problem Solving, Monitoring, Judgment and Decision Making, Operations Monitoring, Systems Evaluation, Quality Control Analysis. Technology skills: Adobe Acrobat, Microsoft SharePoint, Microsoft PowerPoint, DQO-PRO, Environmental Knowledge and Assessment Tool EKAT, Sustainable Management Approaches and Revitalization Tools SMARTe, Tibco Scribe Software, Geographic information system GIS software, Geographic information system GIS systems, Database software, Microsoft Access, Microsoft Excel.",onet,13-1041.01,data_science,"[""Critical Thinking"", ""Reading Comprehension"", ""Active Listening"", ""Speaking"", ""Writing"", ""Active Learning"", ""Complex Problem Solving"", ""Monitoring"", ""Judgment and Decision Making"", ""Operations Monitoring"", ""Systems Evaluation"", ""Quality Control Analysis"", ""Social Perceptiveness"", ""Systems Analysis"", ""Coordination"", ""Instructing"", ""Learning Strategies"", ""Mathematics"", ""Science"", ""Time Management"", ""Negotiation"", ""Service Orientation"", ""Persuasion"", ""Management of Personnel Resources"", ""Operation and Control"", ""Operations Analysis"", ""Troubleshooting"", ""Technology Design"", ""Management of Financial Resources"", ""Management of Material Resources"", ""Programming"", ""Equipment Maintenance"", ""Equipment Selection"", ""Installation"", ""Repairing""]","[""Adobe Acrobat"", ""Microsoft SharePoint"", ""Microsoft PowerPoint"", ""DQO-PRO"", ""Environmental Knowledge and Assessment Tool EKAT"", ""Sustainable Management Approaches and Revitalization Tools SMARTe"", ""Tibco Scribe Software"", ""Geographic information system GIS software"", ""Geographic information system GIS systems"", ""Database software"", ""Microsoft Access"", ""Microsoft Excel"", ""Microsoft Outlook"", ""SAP software"", ""Salesforce software"", ""Microsoft Office software"", ""UNIX"", ""Microsoft Word"", ""Autodesk AutoCAD"", ""Microsoft Project""]",cybersecurity
Police and Sheriff's Patrol Officers,"Police and Sheriff's Patrol Officers. Core skills: Active Listening, Social Perceptiveness, Speaking, Active Learning, Critical Thinking, Coordination, Judgment and Decision Making, Persuasion, Reading Comprehension, Monitoring, Service Orientation, Negotiation. Technology skills: Database software, Microsoft Access, National Crime Information Center (NCIC) database, Spillman Technologies Records Management, Microsoft PowerPoint, Computer aided composite drawing software, DesignWare 3D EyeWitness, SmugMug Flickr, The CAD Zone The Crime Zone, IBM Lotus 1-2-3, Microsoft Excel, Email software.",onet,33-3051.00,data_science,"[""Active Listening"", ""Social Perceptiveness"", ""Speaking"", ""Active Learning"", ""Critical Thinking"", ""Coordination"", ""Judgment and Decision Making"", ""Persuasion"", ""Reading Comprehension"", ""Monitoring"", ""Service Orientation"", ""Negotiation"", ""Complex Problem Solving"", ""Time Management"", ""Writing"", ""Instructing"", ""Management of Personnel Resources"", ""Learning Strategies"", ""Operations Monitoring"", ""Systems Analysis"", ""Operation and Control"", ""Systems Evaluation"", ""Mathematics"", ""Management of Material Resources"", ""Management of Financial Resources"", ""Quality Control Analysis"", ""Troubleshooting"", ""Technology Design"", ""Programming"", ""Science"", ""Equipment Selection"", ""Equipment Maintenance"", ""Operations Analysis"", ""Installation"", ""Repairing""]","[""Database software"", ""Microsoft Access"", ""National Crime Information Center (NCIC) database"", ""Spillman Technologies Records Management"", ""Microsoft PowerPoint"", ""Computer aided composite drawing software"", ""DesignWare 3D EyeWitness"", ""SmugMug Flickr"", ""The CAD Zone The Crime Zone"", ""IBM Lotus 1-2-3"", ""Microsoft Excel"", ""Email software"", ""Microsoft Outlook"", ""Corel WordPerfect Office Suite"", ""Microsoft Office software"", ""Microsoft Internet Explorer"", ""Web browser software"", ""ESRI ArcView"", ""Computer aided dispatch software"", ""Microsoft Windows"", ""Microsoft Word"", ""Crime mapping software"", ""Microsoft Visio""]",business
Legislators,"Legislators. Core skills: . Technology skills: Apple iWork Pages, GoodReader, Microsoft Word, XMetaL Author, Cisco Webex, LogMeIn GoToMeeting, Adobe FrameMaker, Antenna House, PTC Arbortext, Rocket/Folio NXT, Legislative Automative Workflow System LAWS, Microsoft Access.",onet,11-1031.00,data_science,[],"[""Apple iWork Pages"", ""GoodReader"", ""Microsoft Word"", ""XMetaL Author"", ""Cisco Webex"", ""LogMeIn GoToMeeting"", ""Adobe FrameMaker"", ""Antenna House"", ""PTC Arbortext"", ""Rocket/Folio NXT"", ""Legislative Automative Workflow System LAWS"", ""Microsoft Access"", ""Microsoft SQL Server"", ""Structured query language SQL"", ""Apple Numbers for Mac"", ""Microsoft Excel"", ""Microsoft Exchange"", ""Microsoft Outlook"", ""Adobe Acrobat"", ""Microsoft SharePoint"", ""Corel WordPerfect Office Suite"", ""Microsoft Office software"", ""Cisco AnyConnect"", ""Microsoft Visual Basic"", ""IBM Domino"", ""Windows Media Player"", ""Web browser software"", ""Apple iWork Keynote"", ""Mapping software"", ""Meeting scheduling software""]",
Transportation Engineers,"Transportation Engineers. Core skills: Critical Thinking, Reading Comprehension, Speaking, Writing, Complex Problem Solving, Judgment and Decision Making, Mathematics, Time Management, Active Listening, Systems Analysis, Systems Evaluation, Coordination. Technology skills: Autodesk AutoCAD, Autodesk AutoCAD Civil 3D, Bentley MicroStation, Computer aided design and drafting software CADD, Microsoft PowerPoint, Citilabs Cube, McTrans Center TSIS-CORSIM, SIDRA INTERSECTION, Trafficware SynchroGreen, Microsoft Project, Oracle Primavera Enterprise Project Portfolio Management, Microsoft Excel.",onet,17-2051.01,data_science,"[""Critical Thinking"", ""Reading Comprehension"", ""Speaking"", ""Writing"", ""Complex Problem Solving"", ""Judgment and Decision Making"", ""Mathematics"", ""Time Management"", ""Active Listening"", ""Systems Analysis"", ""Systems Evaluation"", ""Coordination"", ""Operations Analysis"", ""Active Learning"", ""Management of Personnel Resources"", ""Monitoring"", ""Learning Strategies"", ""Negotiation"", ""Persuasion"", ""Instructing"", ""Science"", ""Service Orientation"", ""Management of Material Resources"", ""Social Perceptiveness"", ""Management of Financial Resources"", ""Technology Design"", ""Quality Control Analysis"", ""Operation and Control"", ""Operations Monitoring"", ""Troubleshooting"", ""Programming"", ""Equipment Maintenance"", ""Equipment Selection"", ""Installation"", ""Repairing""]","[""Autodesk AutoCAD"", ""Autodesk AutoCAD Civil 3D"", ""Bentley MicroStation"", ""Computer aided design and drafting software CADD"", ""Microsoft PowerPoint"", ""Citilabs Cube"", ""McTrans Center TSIS-CORSIM"", ""SIDRA INTERSECTION"", ""Trafficware SynchroGreen"", ""Microsoft Project"", ""Oracle Primavera Enterprise Project Portfolio Management"", ""Microsoft Excel"", ""ESRI ArcGIS software"", ""Microsoft Outlook"", ""Microsoft Office software"", ""Microsoft Word"", ""Python"", ""Web browser software"", ""Structured query language SQL"", ""Warehouse management system WMS""]",business
Media Programming Directors,"Media Programming Directors. Core skills: Speaking, Critical Thinking, Judgment and Decision Making, Reading Comprehension, Coordination, Time Management, Active Learning, Active Listening, Management of Personnel Resources, Monitoring, Complex Problem Solving, Social Perceptiveness. Technology skills: Apple Final Cut Pro, Avid Technology iNEWS, TikTok, Microsoft PowerPoint, FileMaker Pro, Microsoft SQL Server, Scheduling databases, Email software, Microsoft Outlook, Adobe Creative Cloud software, Adobe Photoshop, Adobe Acrobat.",onet,27-2012.03,data_science,"[""Speaking"", ""Critical Thinking"", ""Judgment and Decision Making"", ""Reading Comprehension"", ""Coordination"", ""Time Management"", ""Active Learning"", ""Active Listening"", ""Management of Personnel Resources"", ""Monitoring"", ""Complex Problem Solving"", ""Social Perceptiveness"", ""Writing"", ""Negotiation"", ""Persuasion"", ""Systems Analysis"", ""Systems Evaluation"", ""Instructing"", ""Learning Strategies"", ""Management of Material Resources"", ""Operations Analysis"", ""Service Orientation"", ""Management of Financial Resources"", ""Operations Monitoring"", ""Operation and Control"", ""Quality Control Analysis"", ""Mathematics"", ""Technology Design"", ""Programming"", ""Science"", ""Troubleshooting"", ""Equipment Maintenance"", ""Equipment Selection"", ""Installation"", ""Repairing""]","[""Apple Final Cut Pro"", ""Avid Technology iNEWS"", ""TikTok"", ""Microsoft PowerPoint"", ""FileMaker Pro"", ""Microsoft SQL Server"", ""Scheduling databases"", ""Email software"", ""Microsoft Outlook"", ""Adobe Creative Cloud software"", ""Adobe Photoshop"", ""Adobe Acrobat"", ""Microsoft SharePoint"", ""Content management systems CMS"", ""Facebook"", ""Music scheduling software"", ""RCS GSelector"", ""Microsoft Excel"", ""Microsoft Office software"", ""Microsoft Word"", ""Twitter"", ""Broadcast Electronics AudioVAULT FleX"", ""Applicant tracking software"", ""Google Analytics"", ""Web browser software"", ""Hypertext markup language HTML""]",computer_science
Detectives and Criminal Investigators,"Detectives and Criminal Investigators. Core skills: Active Listening, Speaking, Critical Thinking, Complex Problem Solving, Reading Comprehension, Social Perceptiveness, Judgment and Decision Making, Active Learning, Coordination, Service Orientation, Monitoring, Writing. Technology skills: Adobe Photoshop, DesignWare 3D EyeWitness, Digital Image Management Solutions Crime Scene, Graphics software, Microsoft PowerPoint, DataWorks Plus Digital CrimeScene, Microsoft Access, National Crime Information Center (NCIC) database, Structured query language SQL, ESRI ArcView, Geographic information system GIS software, Email software.",onet,33-3021.00,data_science,"[""Active Listening"", ""Speaking"", ""Critical Thinking"", ""Complex Problem Solving"", ""Reading Comprehension"", ""Social Perceptiveness"", ""Judgment and Decision Making"", ""Active Learning"", ""Coordination"", ""Service Orientation"", ""Monitoring"", ""Writing"", ""Persuasion"", ""Negotiation"", ""Time Management"", ""Instructing"", ""Systems Evaluation"", ""Learning Strategies"", ""Management of Personnel Resources"", ""Systems Analysis"", ""Operations Monitoring"", ""Operation and Control"", ""Mathematics"", ""Quality Control Analysis"", ""Troubleshooting"", ""Management of Material Resources"", ""Science"", ""Management of Financial Resources"", ""Programming"", ""Operations Analysis"", ""Technology Design"", ""Equipment Selection"", ""Equipment Maintenance"", ""Installation"", ""Repairing""]","[""Adobe Photoshop"", ""DesignWare 3D EyeWitness"", ""Digital Image Management Solutions Crime Scene"", ""Graphics software"", ""Microsoft PowerPoint"", ""DataWorks Plus Digital CrimeScene"", ""Microsoft Access"", ""National Crime Information Center (NCIC) database"", ""Structured query language SQL"", ""ESRI ArcView"", ""Geographic information system GIS software"", ""Email software"", ""Microsoft Outlook"", ""Corel WordPerfect Office Suite"", ""Microsoft Office software"", ""Guidance Software EnCase Enterprise"", ""SAS"", ""Microsoft Excel"", ""AccessData FTK"", ""Microsoft Publisher"", ""Linux"", ""Microsoft Word"", ""Web browser software"", ""Crime mapping software"", ""Case management software"", ""Microsoft Visio""]",computer_science
Biostatisticians,"Biostatisticians. Core skills: Mathematics, Active Learning, Complex Problem Solving, Critical Thinking, Judgment and Decision Making, Reading Comprehension, Science, Speaking, Active Listening, Writing, Learning Strategies, Programming. Technology skills: IBM SPSS Statistics, Minitab, SAS, The MathWorks MATLAB, Microsoft PowerPoint, Microsoft Access, Microsoft SQL Server, Oracle Database, Structured query language SQL, C#, Oracle Java, Perl.",onet,15-2041.01,data_science,"[""Mathematics"", ""Active Learning"", ""Complex Problem Solving"", ""Critical Thinking"", ""Judgment and Decision Making"", ""Reading Comprehension"", ""Science"", ""Speaking"", ""Active Listening"", ""Writing"", ""Learning Strategies"", ""Programming"", ""Instructing"", ""Systems Analysis"", ""Systems Evaluation"", ""Coordination"", ""Monitoring"", ""Operations Analysis"", ""Time Management"", ""Social Perceptiveness"", ""Management of Personnel Resources"", ""Persuasion"", ""Service Orientation"", ""Negotiation"", ""Management of Financial Resources"", ""Management of Material Resources"", ""Quality Control Analysis"", ""Operations Monitoring"", ""Technology Design"", ""Equipment Selection"", ""Operation and Control"", ""Equipment Maintenance"", ""Installation"", ""Repairing"", ""Troubleshooting""]","[""IBM SPSS Statistics"", ""Minitab"", ""SAS"", ""The MathWorks MATLAB"", ""Microsoft PowerPoint"", ""Microsoft Access"", ""Microsoft SQL Server"", ""Oracle Database"", ""Structured query language SQL"", ""C#"", ""Oracle Java"", ""Perl"", ""R"", ""Bash"", ""Linux"", ""Shell script"", ""UNIX"", ""Microsoft Visual Studio"", ""Software development tools"", ""JavaScript"", ""PHP"", ""Microsoft Excel"", ""STAT! Systems QD Clinical"", ""Graphics software"", ""SAP software"", ""Git"", ""Extensible markup language XML"", ""Microsoft Office software"", ""Microsoft Word"", ""MySQL""]",computer_science
Nursing Assistants,"Nursing Assistants. Core skills: Service Orientation, Active Listening, Social Perceptiveness, Monitoring, Coordination, Critical Thinking, Reading Comprehension, Speaking, Active Learning, Judgment and Decision Making, Time Management, Writing. Technology skills: Epic Systems, Medical procedure coding software, MEDITECH software, Telemetry software, FaceTime, Microsoft Excel, Microsoft Outlook, YouTube, Microsoft Office software, Microsoft Word, Apache Spark, Web browser software.",onet,31-1131.00,data_science,"[""Service Orientation"", ""Active Listening"", ""Social Perceptiveness"", ""Monitoring"", ""Coordination"", ""Critical Thinking"", ""Reading Comprehension"", ""Speaking"", ""Active Learning"", ""Judgment and Decision Making"", ""Time Management"", ""Writing"", ""Complex Problem Solving"", ""Instructing"", ""Learning Strategies"", ""Operations Monitoring"", ""Quality Control Analysis"", ""Mathematics"", ""Systems Evaluation"", ""Management of Personnel Resources"", ""Persuasion"", ""Systems Analysis"", ""Negotiation"", ""Troubleshooting"", ""Science"", ""Management of Material Resources"", ""Operation and Control"", ""Technology Design"", ""Management of Financial Resources"", ""Equipment Selection"", ""Operations Analysis"", ""Equipment Maintenance"", ""Installation"", ""Programming"", ""Repairing""]","[""Epic Systems"", ""Medical procedure coding software"", ""MEDITECH software"", ""Telemetry software"", ""FaceTime"", ""Microsoft Excel"", ""Microsoft Outlook"", ""YouTube"", ""Microsoft Office software"", ""Microsoft Word"", ""Apache Spark"", ""Web browser software"", ""Health information database software"", ""Billing software""]",data_science
First-Line Supervisors of Firefighting and Prevention Workers,"First-Line Supervisors of Firefighting and Prevention Workers. Core skills: Active Listening, Critical Thinking, Social Perceptiveness, Coordination, Judgment and Decision Making, Management of Personnel Resources, Monitoring, Reading Comprehension, Service Orientation, Speaking, Complex Problem Solving, Instructing. Technology skills: Affiliated Computer Services ACS FIREHOUSE, Fire incident reporting systems, Microsoft Access, Wildland Fire Assessment System WFAS, Microsoft PowerPoint, BehavePlus, FARSITE, FlamMap, Plume modeling software, ESRI ArcView, Geographic information system GIS software, Geographic information system GIS systems.",onet,33-1021.00,data_science,"[""Active Listening"", ""Critical Thinking"", ""Social Perceptiveness"", ""Coordination"", ""Judgment and Decision Making"", ""Management of Personnel Resources"", ""Monitoring"", ""Reading Comprehension"", ""Service Orientation"", ""Speaking"", ""Complex Problem Solving"", ""Instructing"", ""Time Management"", ""Active Learning"", ""Writing"", ""Learning Strategies"", ""Negotiation"", ""Persuasion"", ""Operations Monitoring"", ""Systems Evaluation"", ""Systems Analysis"", ""Operation and Control"", ""Management of Material Resources"", ""Mathematics"", ""Quality Control Analysis"", ""Equipment Maintenance"", ""Equipment Selection"", ""Troubleshooting"", ""Management of Financial Resources"", ""Repairing"", ""Operations Analysis"", ""Programming"", ""Technology Design"", ""Science"", ""Installation""]","[""Affiliated Computer Services ACS FIREHOUSE"", ""Fire incident reporting systems"", ""Microsoft Access"", ""Wildland Fire Assessment System WFAS"", ""Microsoft PowerPoint"", ""BehavePlus"", ""FARSITE"", ""FlamMap"", ""Plume modeling software"", ""ESRI ArcView"", ""Geographic information system GIS software"", ""Geographic information system GIS systems"", ""IBM Lotus 1-2-3"", ""Microsoft Excel"", ""Email software"", ""Microsoft Outlook"", ""Corel WordPerfect Office Suite"", ""Microsoft Office software"", ""Incident command system ICS software"", ""Resource Ordering and Statusing System ROSS"", ""Computer aided dispatch software"", ""Microsoft Word"", ""Web browser software"", ""Mapping software""]",
"Mathematical Science Teachers, Postsecondary","Mathematical Science Teachers, Postsecondary. Core skills: Mathematics, Speaking, Active Listening, Instructing, Reading Comprehension, Critical Thinking, Learning Strategies, Monitoring, Writing, Active Learning, Complex Problem Solving, Judgment and Decision Making. Technology skills: Collaborative editing software, Google Docs, Microsoft Word, Blackboard Learn, Learning management system LMS, Moodle, Sakai CLE, Desmos, Geogebra, SAS, Blackboard software, Microsoft Access.",onet,25-1022.00,data_science,"[""Mathematics"", ""Speaking"", ""Active Listening"", ""Instructing"", ""Reading Comprehension"", ""Critical Thinking"", ""Learning Strategies"", ""Monitoring"", ""Writing"", ""Active Learning"", ""Complex Problem Solving"", ""Judgment and Decision Making"", ""Systems Evaluation"", ""Time Management"", ""Coordination"", ""Service Orientation"", ""Social Perceptiveness"", ""Systems Analysis"", ""Persuasion"", ""Negotiation"", ""Science"", ""Operations Analysis"", ""Management of Personnel Resources"", ""Programming"", ""Management of Financial Resources"", ""Management of Material Resources"", ""Technology Design"", ""Quality Control Analysis"", ""Operations Monitoring"", ""Equipment Maintenance"", ""Equipment Selection"", ""Installation"", ""Operation and Control"", ""Repairing"", ""Troubleshooting""]","[""Collaborative editing software"", ""Google Docs"", ""Microsoft Word"", ""Blackboard Learn"", ""Learning management system LMS"", ""Moodle"", ""Sakai CLE"", ""Desmos"", ""Geogebra"", ""SAS"", ""Blackboard software"", ""Microsoft Access"", ""Structured query language SQL"", ""Email software"", ""Microsoft Outlook"", ""Microsoft Visual Basic"", ""Microsoft Visual Basic for Applications VBA"", ""DOC Cop"", ""iParadigms Turnitin"", ""Microsoft Excel"", ""Image scanning software"", ""Microsoft Office software"", ""Web browser software"", ""Microsoft PowerPoint""]",
Broadcast Technicians,"Broadcast Technicians. Core skills: Critical Thinking, Active Listening, Monitoring, Operations Monitoring, Complex Problem Solving, Writing, Active Learning, Equipment Maintenance, Judgment and Decision Making, Reading Comprehension, Speaking, Time Management. Technology skills: Adobe After Effects, Adobe Premiere Pro, Apple Final Cut Pro, Video encoder software, Microsoft PowerPoint, Cisco IOS, Linux, Microsoft Windows, UNIX, Email software, Microsoft Outlook, Adobe Illustrator.",onet,27-4012.00,data_science,"[""Critical Thinking"", ""Active Listening"", ""Monitoring"", ""Operations Monitoring"", ""Complex Problem Solving"", ""Writing"", ""Active Learning"", ""Equipment Maintenance"", ""Judgment and Decision Making"", ""Reading Comprehension"", ""Speaking"", ""Time Management"", ""Coordination"", ""Operation and Control"", ""Social Perceptiveness"", ""Troubleshooting"", ""Learning Strategies"", ""Quality Control Analysis"", ""Systems Analysis"", ""Equipment Selection"", ""Mathematics"", ""Repairing"", ""Systems Evaluation"", ""Management of Personnel Resources"", ""Instructing"", ""Negotiation"", ""Persuasion"", ""Service Orientation"", ""Technology Design"", ""Management of Material Resources"", ""Operations Analysis"", ""Programming"", ""Installation"", ""Management of Financial Resources"", ""Science""]","[""Adobe After Effects"", ""Adobe Premiere Pro"", ""Apple Final Cut Pro"", ""Video encoder software"", ""Microsoft PowerPoint"", ""Cisco IOS"", ""Linux"", ""Microsoft Windows"", ""UNIX"", ""Email software"", ""Microsoft Outlook"", ""Adobe Illustrator"", ""Adobe Photoshop"", ""Autodesk AutoCAD"", ""Dassault Systemes CATIA"", ""Microsoft Excel"", ""Adobe InDesign"", ""Microsoft Office software"", ""Microsoft Word"", ""Adobe Audition""]",computer_science
Home Health Aides,"Home Health Aides. Core skills: Active Listening, Service Orientation, Social Perceptiveness, Critical Thinking, Monitoring, Reading Comprehension, Instructing, Persuasion, Speaking, Time Management, Writing, Active Learning. Technology skills: Linux, Microsoft Windows, UNIX, FaceTime, Microsoft Exchange, Microsoft Outlook, Microsoft Access, Oracle Database, Microsoft Excel, AIGHD OASIS, Microsoft SharePoint, SAP software.",onet,31-1121.00,data_science,"[""Active Listening"", ""Service Orientation"", ""Social Perceptiveness"", ""Critical Thinking"", ""Monitoring"", ""Reading Comprehension"", ""Instructing"", ""Persuasion"", ""Speaking"", ""Time Management"", ""Writing"", ""Active Learning"", ""Complex Problem Solving"", ""Coordination"", ""Judgment and Decision Making"", ""Learning Strategies"", ""Negotiation"", ""Management of Personnel Resources"", ""Mathematics"", ""Operations Monitoring"", ""Management of Financial Resources"", ""Management of Material Resources"", ""Quality Control Analysis"", ""Systems Analysis"", ""Systems Evaluation"", ""Troubleshooting"", ""Science"", ""Operation and Control"", ""Technology Design"", ""Operations Analysis"", ""Equipment Maintenance"", ""Equipment Selection"", ""Installation"", ""Programming"", ""Repairing""]","[""Linux"", ""Microsoft Windows"", ""UNIX"", ""FaceTime"", ""Microsoft Exchange"", ""Microsoft Outlook"", ""Microsoft Access"", ""Oracle Database"", ""Microsoft Excel"", ""AIGHD OASIS"", ""Microsoft SharePoint"", ""SAP software"", ""Salesforce software"", ""Microsoft Office software"", ""Microsoft Word"", ""Mi-Co software"", ""Python"", ""Web browser software"", ""Microsoft PowerPoint""]",computer_science
Business Intelligence Analysts,"Business Intelligence Analysts. Core skills: Reading Comprehension, Active Learning, Active Listening, Critical Thinking, Speaking, Writing, Judgment and Decision Making, Mathematics, Complex Problem Solving, Monitoring, Systems Analysis, Systems Evaluation. Technology skills: Apache Kafka, Go, Microsoft PowerShell, Oracle SQL Developer, Airtable, Amazon Elastic Compute Cloud EC2, IBM DB2, Transact-SQL, AJAX, Apache Tomcat, Django, Microsoft ASP.NET.",onet,15-2051.01,data_science,"[""Reading Comprehension"", ""Active Learning"", ""Active Listening"", ""Critical Thinking"", ""Speaking"", ""Writing"", ""Judgment and Decision Making"", ""Mathematics"", ""Complex Problem Solving"", ""Monitoring"", ""Systems Analysis"", ""Systems Evaluation"", ""Time Management"", ""Coordination"", ""Instructing"", ""Learning Strategies"", ""Persuasion"", ""Service Orientation"", ""Social Perceptiveness"", ""Negotiation"", ""Programming"", ""Management of Personnel Resources"", ""Quality Control Analysis"", ""Management of Financial Resources"", ""Operations Analysis"", ""Management of Material Resources"", ""Operations Monitoring"", ""Science"", ""Technology Design"", ""Operation and Control"", ""Equipment Maintenance"", ""Equipment Selection"", ""Installation"", ""Repairing"", ""Troubleshooting""]","[""Apache Kafka"", ""Go"", ""Microsoft PowerShell"", ""Oracle SQL Developer"", ""Airtable"", ""Amazon Elastic Compute Cloud EC2"", ""IBM DB2"", ""Transact-SQL"", ""AJAX"", ""Apache Tomcat"", ""Django"", ""Microsoft ASP.NET"", ""Amazon DynamoDB"", ""Apache Hive"", ""Elasticsearch"", ""Oracle PL/SQL"", ""C#"", ""jQuery"", ""Scala"", ""Swift"", ""Microsoft Dynamics"", ""Oracle PeopleSoft"", ""SAP ERP"", ""SAP software"", ""Bash"", ""Microsoft Windows Server"", ""Red Hat Enterprise Linux"", ""UNIX Shell"", ""Alteryx software"", ""Apache Spark"", ""Google Looker Analytics"", ""Microsoft Power BI"", ""Microsoft SQL Server Reporting Services SSRS"", ""Reporting software"", ""SAP Crystal Reports"", ""SiSense Prism"", ""Extensible markup language XML"", ""Microsoft Power Automate"", ""Microsoft Power Platform software"", ""Microsoft SQL Server Integration Services SSIS"", ""IBM SPSS Statistics"", ""Minitab"", ""SAS"", ""The MathWorks MATLAB"", ""Epic Systems"", ""Medical condition coding software"", ""Medical procedure coding software"", ""MEDITECH software"", ""Data warehouse software"", ""Google Analytics"", ""Informatica Data Explorer"", ""Snowflake"", ""Blackbaud The Raiser's Edge"", ""Oracle Eloqua"", ""Oracle Siebel Marketing Resource Management"", ""Salesforce software"", ""Data modeling software"", ""Informatica software"", ""Quest Erwin Data Modeler"", ""IBM Notes"", ""Microsoft Exchange"", ""Microsoft Outlook"", ""GitHub"", ""Oracle WebLogic Server"", ""Red Hat WildFly"", ""Delphi Technology"", ""IBM Unica Enterprise"", ""Oracle E-Business Suite Financials"", ""IBM WebSphere"", ""Oracle Cloud software"", ""Splunk Enterprise"", ""Adobe Dreamweaver"", ""Facebook"", ""Google Sites"", ""Atlassian Confluence"", ""Microsoft Project"", ""Oracle Primavera Enterprise Project Portfolio Management"", ""ESRI ArcGIS software"", ""Geographic information system GIS software"", ""Fund accounting software"", ""Tax software"", ""Nagios"", ""Wireshark"", ""Hibernate ORM"", ""PostgreSQL"", ""Adobe Acrobat"", ""Microsoft SharePoint"", ""Eko"", ""Skype"", ""Google Docs"", ""Microsoft Word"", ""Google Ads"", ""Marketo Marketing Automation"", ""McAfee"", ""NortonLifeLock cybersecurity software"", ""Human resource management software HRMS"", ""Oracle Taleo"", ""Google Slides"", ""Microsoft PowerPoint"", ""Microsoft Excel"", ""Atlassian JIRA"", ""IBM Power Systems software"", ""Citrix cloud computing software"", ""IBM Domino"", ""Microsoft Publisher"", ""Apache HTTP Server"", ""YouTube"", ""Git"", ""Customer information control system CICS"", ""Microsoft Office software"", ""Virtual private networking VPN software"", ""Salesforce Visualforce"", ""PTC Creo Parametric"", ""Veritas NetBackup"", ""Hewlett Packard LoadRunner"", ""Unified modeling language UML"", ""Microsoft Visio"", ""LexisNexis""]",computer_science
Financial Quantitative Analysts,"Financial Quantitative Analysts. Core skills: Mathematics, Critical Thinking, Reading Comprehension, Complex Problem Solving, Active Learning, Active Listening, Judgment and Decision Making, Speaking, Writing, Systems Analysis, Systems Evaluation, Persuasion. Technology skills: C#, Oracle Java, Perl, R, Microsoft PowerPoint, IBM SPSS Statistics, SAS, StataCorp Stata, The MathWorks MATLAB, Microsoft Azure software, Microsoft Visual Basic, Microsoft Visual Basic for Applications VBA.",onet,13-2099.01,data_science,"[""Mathematics"", ""Critical Thinking"", ""Reading Comprehension"", ""Complex Problem Solving"", ""Active Learning"", ""Active Listening"", ""Judgment and Decision Making"", ""Speaking"", ""Writing"", ""Systems Analysis"", ""Systems Evaluation"", ""Persuasion"", ""Coordination"", ""Instructing"", ""Learning Strategies"", ""Monitoring"", ""Social Perceptiveness"", ""Time Management"", ""Management of Financial Resources"", ""Negotiation"", ""Service Orientation"", ""Management of Personnel Resources"", ""Programming"", ""Management of Material Resources"", ""Operations Analysis"", ""Operations Monitoring"", ""Science"", ""Technology Design"", ""Quality Control Analysis"", ""Operation and Control"", ""Troubleshooting"", ""Equipment Maintenance"", ""Equipment Selection"", ""Installation"", ""Repairing""]","[""C#"", ""Oracle Java"", ""Perl"", ""R"", ""Microsoft PowerPoint"", ""IBM SPSS Statistics"", ""SAS"", ""StataCorp Stata"", ""The MathWorks MATLAB"", ""Microsoft Azure software"", ""Microsoft Visual Basic"", ""Microsoft Visual Basic for Applications VBA"", ""Microsoft Visual Studio"", ""Amazon Web Services AWS software"", ""Microsoft Access"", ""Microsoft SQL Server"", ""Structured query language SQL"", ""Microsoft Dynamics"", ""MicroStrategy Desktop"", ""Oracle JD Edwards EnterpriseOne"", ""Microsoft Power BI"", ""MicroStrategy"", ""Tableau"", ""Linux"", ""UNIX"", ""Microsoft Excel"", ""Microsoft Office software"", ""Apache Hive"", ""Bloomberg Professional"", ""Web browser software"", ""IBM Cognos Business Intelligence"", ""JavaScript"", ""Microsoft Visio""]",computer_science
"Fraud Examiners, Investigators and Analysts","Fraud Examiners, Investigators and Analysts. Core skills: Active Listening, Writing, Complex Problem Solving, Critical Thinking, Reading Comprehension, Speaking, Judgment and Decision Making, Active Learning, Coordination, Social Perceptiveness, Persuasion, Monitoring. Technology skills: Business intelligence software, IBM Cognos, Tableau, TIBCO Spotfire, Microsoft PowerPoint, Microsoft Access, Microsoft SQL Server, Structured query language SQL, Vertafore ImageRight, Python, R, Microsoft Excel.",onet,13-2099.04,data_science,"[""Active Listening"", ""Writing"", ""Complex Problem Solving"", ""Critical Thinking"", ""Reading Comprehension"", ""Speaking"", ""Judgment and Decision Making"", ""Active Learning"", ""Coordination"", ""Social Perceptiveness"", ""Persuasion"", ""Monitoring"", ""Negotiation"", ""Time Management"", ""Instructing"", ""Management of Personnel Resources"", ""Mathematics"", ""Service Orientation"", ""Learning Strategies"", ""Systems Analysis"", ""Systems Evaluation"", ""Management of Financial Resources"", ""Management of Material Resources"", ""Operations Monitoring"", ""Programming"", ""Operation and Control"", ""Technology Design"", ""Operations Analysis"", ""Equipment Maintenance"", ""Equipment Selection"", ""Installation"", ""Quality Control Analysis"", ""Repairing"", ""Science"", ""Troubleshooting""]","[""Business intelligence software"", ""IBM Cognos"", ""Tableau"", ""TIBCO Spotfire"", ""Microsoft PowerPoint"", ""Microsoft Access"", ""Microsoft SQL Server"", ""Structured query language SQL"", ""Vertafore ImageRight"", ""Python"", ""R"", ""Microsoft Excel"", ""Electronic health record EHR software"", ""ArcSight Enterprise Threat and Risk Management"", ""Microsoft Outlook"", ""Bookkeeping software"", ""Microsoft SharePoint"", ""SAP Business Objects"", ""Microsoft Office software"", ""Microsoft Word"", ""NortonLifeLock cybersecurity software"", ""SAS"", ""Splunk Enterprise"", ""PCG Software Virtual Examiner"", ""Microsoft Visio"", ""LexisNexis""]",computer_science
Mechanical Engineering Technologists and Technicians,"Mechanical Engineering Technologists and Technicians. Core skills: Active Listening, Critical Thinking, Reading Comprehension, Complex Problem Solving, Speaking, Operations Monitoring, Writing, Judgment and Decision Making, Mathematics, Quality Control Analysis, Systems Analysis, Active Learning. Technology skills: Autodesk AutoCAD, Autodesk Revit, Bentley MicroStation, Dassault Systemes SolidWorks, Microsoft PowerPoint, ANSYS Mechanical, ANSYS simulation software, MSC Software Adams, The MathWorks MATLAB, CNC Mastercam, Stereolithography SLA rapid prototyping systems, TekSoft CAMWorks.",onet,17-3027.00,data_science,"[""Active Listening"", ""Critical Thinking"", ""Reading Comprehension"", ""Complex Problem Solving"", ""Speaking"", ""Operations Monitoring"", ""Writing"", ""Judgment and Decision Making"", ""Mathematics"", ""Quality Control Analysis"", ""Systems Analysis"", ""Active Learning"", ""Monitoring"", ""Systems Evaluation"", ""Time Management"", ""Coordination"", ""Operation and Control"", ""Persuasion"", ""Science"", ""Social Perceptiveness"", ""Service Orientation"", ""Troubleshooting"", ""Equipment Selection"", ""Instructing"", ""Learning Strategies"", ""Negotiation"", ""Equipment Maintenance"", ""Management of Personnel Resources"", ""Operations Analysis"", ""Repairing"", ""Technology Design"", ""Management of Material Resources"", ""Programming"", ""Management of Financial Resources"", ""Installation""]","[""Autodesk AutoCAD"", ""Autodesk Revit"", ""Bentley MicroStation"", ""Dassault Systemes SolidWorks"", ""Microsoft PowerPoint"", ""ANSYS Mechanical"", ""ANSYS simulation software"", ""MSC Software Adams"", ""The MathWorks MATLAB"", ""CNC Mastercam"", ""Stereolithography SLA rapid prototyping systems"", ""TekSoft CAMWorks"", ""Three-dimensional 3D solid modeling software"", ""Computerized numerical control CNC programming software"", ""Robotic control software"", ""Soft Servo Systems LadderWorks PLC"", ""Microsoft Visual Basic"", ""National Instruments LabVIEW"", ""Corel WordPerfect Office Suite"", ""Microsoft Office software"", ""Microsoft Excel"", ""Microsoft Outlook"", ""Microsoft SharePoint"", ""SAP software"", ""Microsoft Word"", ""C++"", ""Web browser software"", ""Microsoft Access"", ""Microsoft Project"", ""ProModel""]",design
Clinical Data Managers,"Clinical Data Managers. Core skills: Critical Thinking, Active Listening, Reading Comprehension, Speaking, Writing, Active Learning, Monitoring, Complex Problem Solving, Mathematics, Coordination, Time Management, Judgment and Decision Making. Technology skills: Clinical trial management software, Microsoft Access, Relational database software, Structured query language SQL, Microsoft PowerPoint, IBM SPSS Statistics, Oracle Remote Data Capture, SAS, SAS JMP, Allscripts healthcare automation software, Epic Systems, EpicCare Ambulatory Electronic Medical Records (EMR) software.",onet,15-2051.02,data_science,"[""Critical Thinking"", ""Active Listening"", ""Reading Comprehension"", ""Speaking"", ""Writing"", ""Active Learning"", ""Monitoring"", ""Complex Problem Solving"", ""Mathematics"", ""Coordination"", ""Time Management"", ""Judgment and Decision Making"", ""Programming"", ""Systems Analysis"", ""Social Perceptiveness"", ""Systems Evaluation"", ""Instructing"", ""Management of Personnel Resources"", ""Learning Strategies"", ""Operations Analysis"", ""Persuasion"", ""Service Orientation"", ""Negotiation"", ""Quality Control Analysis"", ""Science"", ""Operations Monitoring"", ""Equipment Selection"", ""Management of Financial Resources"", ""Management of Material Resources"", ""Operation and Control"", ""Technology Design"", ""Troubleshooting"", ""Equipment Maintenance"", ""Installation"", ""Repairing""]","[""Clinical trial management software"", ""Microsoft Access"", ""Relational database software"", ""Structured query language SQL"", ""Microsoft PowerPoint"", ""IBM SPSS Statistics"", ""Oracle Remote Data Capture"", ""SAS"", ""SAS JMP"", ""Allscripts healthcare automation software"", ""Epic Systems"", ""EpicCare Ambulatory Electronic Medical Records (EMR) software"", ""MEDITECH software"", ""Oracle SQL Loader"", ""SAP BusinessObjects Crystal Reports"", ""SAP Crystal Reports"", ""C#"", ""C++"", ""Oracle Java"", ""Autocoders"", ""Drug coding software"", ""Go"", ""Microsoft Visual Basic"", ""Relational database management software"", ""Teradata Database"", ""Microsoft Excel"", ""Citrix cloud computing software"", ""Microsoft SharePoint"", ""Extensible markup language XML"", ""Microsoft Office software"", ""Microsoft Word"", ""Microsoft Project"", ""Microsoft Visio""]",computer_science
Data Warehousing Specialists,"Data Warehousing Specialists. Core skills: Critical Thinking, Reading Comprehension, Programming, Complex Problem Solving, Active Listening, Systems Analysis, Judgment and Decision Making, Speaking, Systems Evaluation, Writing, Coordination, Active Learning. Technology skills: Amazon DynamoDB, Apache Cassandra, MongoDB, Oracle PL/SQL, Microsoft PowerPoint, Informatica software, Quest Erwin Data Modeler, SAS Data Integration Server, Talend Data Fabric, Bash, Red Hat Enterprise Linux, Shell script.",onet,15-1243.01,data_science,"[""Critical Thinking"", ""Reading Comprehension"", ""Programming"", ""Complex Problem Solving"", ""Active Listening"", ""Systems Analysis"", ""Judgment and Decision Making"", ""Speaking"", ""Systems Evaluation"", ""Writing"", ""Coordination"", ""Active Learning"", ""Mathematics"", ""Social Perceptiveness"", ""Monitoring"", ""Time Management"", ""Operations Analysis"", ""Persuasion"", ""Instructing"", ""Learning Strategies"", ""Negotiation"", ""Service Orientation"", ""Technology Design"", ""Operations Monitoring"", ""Quality Control Analysis"", ""Management of Personnel Resources"", ""Management of Material Resources"", ""Operation and Control"", ""Science"", ""Management of Financial Resources"", ""Troubleshooting"", ""Equipment Selection"", ""Equipment Maintenance"", ""Repairing"", ""Installation""]","[""Amazon DynamoDB"", ""Apache Cassandra"", ""MongoDB"", ""Oracle PL/SQL"", ""Microsoft PowerPoint"", ""Informatica software"", ""Quest Erwin Data Modeler"", ""SAS Data Integration Server"", ""Talend Data Fabric"", ""Bash"", ""Red Hat Enterprise Linux"", ""Shell script"", ""UNIX Shell"", ""Amazon Elastic Compute Cloud EC2"", ""Apache Hive"", ""MySQL"", ""Transact-SQL"", ""Apache Kafka"", ""Eclipse IDE"", ""Microsoft .NET Framework"", ""Microsoft Visual Studio"", ""Apache Spark"", ""C#"", ""Perl"", ""Scala"", ""IBM Clarity Systems Clarity"", ""Microsoft Dynamics"", ""Oracle PeopleSoft"", ""SAP software"", ""IBM Cognos Impromptu"", ""Microsoft Power BI"", ""Tableau"", ""TIBCO Spotfire"", ""Extensible markup language XML"", ""IBM InfoSphere DataStage"", ""Microsoft SQL Server Integration Services SSIS"", ""Talend Open Studio"", ""IBM Netezza TwinFin"", ""Microsoft SQL Server Reporting Services SSRS"", ""Oracle Business Intelligence Discoverer"", ""SAP Crystal Reports"", ""Rapid-I RapidMiner"", ""SAP NetWeaver BW"", ""Teradata Parallel Transporter"", ""Teradata Tpump"", ""IBM SPSS Statistics"", ""SAS"", ""StataCorp Stata"", ""The MathWorks MATLAB"", ""IBM WebSphere"", ""Jitterbit"", ""Splunk Enterprise"", ""Microsoft SharePoint"", ""Teradata FastExport"", ""Aster Data nCluster"", ""VMware"", ""McAfee"", ""NortonLifeLock cybersecurity software"", ""Microsoft Excel"", ""ESRI ArcGIS software"", ""Atlassian JIRA"", ""Perforce Helix software"", ""Microsoft Outlook"", ""Oracle WebLogic Server"", ""Nagios"", ""PostgreSQL"", ""IBM Domino"", ""Microsoft Publisher"", ""Apache HTTP Server"", ""Apache Subversion SVN"", ""Blackbaud The Raiser's Edge"", ""Customer information control system CICS"", ""Microsoft Office software"", ""Microsoft Word"", ""Oracle E-Business Suite Financials"", ""Human resource management software HRMS"", ""Veritas NetBackup"", ""Unified modeling language UML"", ""Microsoft Project"", ""Amazon Simple Storage Service S3"", ""Ruby on Rails"", ""Microsoft Visio"", ""Apache Avro""]",computer_science
Quality Control Analysts,"Quality Control Analysts. Core skills: Quality Control Analysis, Monitoring, Reading Comprehension, Active Listening, Complex Problem Solving, Critical Thinking, Operations Monitoring, Writing, Active Learning, Speaking, Judgment and Decision Making, Mathematics. Technology skills: Hewlett Packard LoadRunner, IBM Rational Functional Tester, Selenium, Watir, Eko, Database software, Microsoft Access, Microsoft SQL Server, Structured query language SQL, Laboratory information management system LIMS, LabWare LIMS, Minitab.",onet,19-4099.01,data_science,"[""Quality Control Analysis"", ""Monitoring"", ""Reading Comprehension"", ""Active Listening"", ""Complex Problem Solving"", ""Critical Thinking"", ""Operations Monitoring"", ""Writing"", ""Active Learning"", ""Speaking"", ""Judgment and Decision Making"", ""Mathematics"", ""Social Perceptiveness"", ""Systems Analysis"", ""Systems Evaluation"", ""Time Management"", ""Troubleshooting"", ""Coordination"", ""Learning Strategies"", ""Operation and Control"", ""Science"", ""Service Orientation"", ""Instructing"", ""Negotiation"", ""Persuasion"", ""Equipment Maintenance"", ""Operations Analysis"", ""Equipment Selection"", ""Management of Personnel Resources"", ""Repairing"", ""Management of Material Resources"", ""Programming"", ""Technology Design"", ""Installation"", ""Management of Financial Resources""]","[""Hewlett Packard LoadRunner"", ""IBM Rational Functional Tester"", ""Selenium"", ""Watir"", ""Eko"", ""Database software"", ""Microsoft Access"", ""Microsoft SQL Server"", ""Structured query language SQL"", ""Laboratory information management system LIMS"", ""LabWare LIMS"", ""Minitab"", ""The MathWorks MATLAB"", ""C"", ""Microsoft Visual Basic"", ""National Instruments LabVIEW"", ""Hypertext markup language HTML"", ""JavaScript"", ""Microsoft ASP.NET"", ""IBM Notes"", ""Microsoft Outlook"", ""Adobe Acrobat"", ""Microsoft SharePoint"", ""Microsoft Excel"", ""Atlassian JIRA"", ""SmugMug Flickr"", ""SAP software"", ""Extensible markup language XML"", ""Microsoft Internet Information Services (IIS)"", ""Microsoft Office software"", ""Microsoft Windows"", ""Microsoft Word"", ""Relational database management software"", ""SAP BusinessObjects Crystal Reports"", ""Microsoft Internet Explorer"", ""Microsoft PowerPoint"", ""Sparta Systems TrackWise"", ""Microsoft Project"", ""Microsoft Visio""]",computer_science
Management Analysts,"Management Analysts. Core skills: Active Listening, Critical Thinking, Reading Comprehension, Complex Problem Solving, Judgment and Decision Making, Speaking, Writing, Coordination, Monitoring, Social Perceptiveness, Systems Evaluation, Systems Analysis. Technology skills: Apache Tomcat, Google Angular, Microsoft ASP.NET, Spring Framework, Airtable, Blackboard software, MySQL, Transact-SQL, Apache Kafka, Apache Maven, Go, Microsoft PowerShell.",onet,13-1111.00,data_science,"[""Active Listening"", ""Critical Thinking"", ""Reading Comprehension"", ""Complex Problem Solving"", ""Judgment and Decision Making"", ""Speaking"", ""Writing"", ""Coordination"", ""Monitoring"", ""Social Perceptiveness"", ""Systems Evaluation"", ""Systems Analysis"", ""Persuasion"", ""Active Learning"", ""Instructing"", ""Service Orientation"", ""Time Management"", ""Negotiation"", ""Learning Strategies"", ""Management of Personnel Resources"", ""Mathematics"", ""Operations Analysis"", ""Management of Financial Resources"", ""Management of Material Resources"", ""Technology Design"", ""Programming"", ""Science"", ""Operations Monitoring"", ""Quality Control Analysis"", ""Operation and Control"", ""Troubleshooting"", ""Equipment Selection"", ""Equipment Maintenance"", ""Installation"", ""Repairing""]","[""Apache Tomcat"", ""Google Angular"", ""Microsoft ASP.NET"", ""Spring Framework"", ""Airtable"", ""Blackboard software"", ""MySQL"", ""Transact-SQL"", ""Apache Kafka"", ""Apache Maven"", ""Go"", ""Microsoft PowerShell"", ""Microsoft Dynamics"", ""NetSuite ERP"", ""Oracle Hyperion"", ""SAP software"", ""C#"", ""jQuery"", ""Scala"", ""Swift"", ""Apple macOS"", ""Bash"", ""Red Hat Enterprise Linux"", ""Shell script"", ""Apache Hive"", ""Elasticsearch"", ""MongoDB"", ""Oracle PL/SQL"", ""Alteryx software"", ""Apache Spark"", ""Microsoft Power BI"", ""Tableau"", ""Epic Systems"", ""Medical condition coding software"", ""Medical procedure coding software"", ""MEDITECH software"", ""IBM SPSS Statistics"", ""Minitab"", ""SAS"", ""The MathWorks MATLAB"", ""Atlassian Confluence"", ""Microsoft Team Foundation Server"", ""Microsoft Teams"", ""Oracle Primavera Enterprise Project Portfolio Management"", ""IBM Notes"", ""MicroFocus GroupWise"", ""Microsoft Exchange"", ""Microsoft Outlook"", ""Atlassian Bamboo"", ""Extensible markup language XML"", ""IBM InfoSphere DataStage"", ""Microsoft SQL Server Integration Services SSIS"", ""3M Post-it App"", ""Google Docs"", ""Microsoft OneNote"", ""Microsoft Word"", ""ADP Workforce Now"", ""Ceridian Dayforce enterprise HCM"", ""Human resource management software HRMS"", ""Oracle Taleo"", ""Chef"", ""Perforce Helix software"", ""Puppet"", ""Fund accounting software"", ""Sage 50 Accounting"", ""Tax software"", ""GitHub"", ""Oracle WebLogic Server"", ""Red Hat WildFly"", ""Cisco Webex"", ""Google Meet"", ""LogMeIn GoToMeeting"", ""Blackbaud The Raiser's Edge"", ""Oracle Eloqua"", ""Salesforce software"", ""Information Builders WebFOCUS"", ""Microsoft SQL Server Reporting Services SSRS"", ""SAP Crystal Reports"", ""Google Slides"", ""Mentimeter"", ""Microsoft PowerPoint"", ""Hewlett Packard LoadRunner"", ""JUnit"", ""Selenium"", ""ESRI ArcGIS software"", ""Geographic information system GIS software"", ""Nagios"", ""Wireshark"", ""Hibernate ORM"", ""PostgreSQL"", ""SmugMug Flickr"", ""Trimble SketchUp Pro"", ""Adobe Acrobat"", ""Microsoft SharePoint"", ""Eko"", ""Skype"", ""Adobe InDesign"", ""Microsoft Publisher"", ""Apache Subversion SVN"", ""Git"", ""Dropbox"", ""Google Drive"", ""Delphi Technology"", ""Oracle E-Business Suite Financials"", ""McAfee"", ""NortonLifeLock cybersecurity software"", ""IBM WebSphere"", ""Splunk Enterprise"", ""Adobe Dreamweaver"", ""LinkedIn"", ""IBM Rational RequisitePro"", ""Unified modeling language UML"", ""Microsoft Excel"", ""Quest Erwin Data Modeler"", ""Atlassian JIRA"", ""IBM Power Systems software"", ""Citrix cloud computing software"", ""Ansible software"", ""VMware"", ""IBM Domino"", ""Apache HTTP Server"", ""Screencastify"", ""Slido interaction software"", ""Customer information control system CICS"", ""Microsoft Office software"", ""Virtual private networking VPN software"", ""Salesforce Visualforce"", ""Marketo Marketing Automation"", ""Web browser software"", ""Veritas NetBackup"", ""Google Analytics"", ""Supervisory control and data acquisition SCADA software"", ""Microsoft Visio"", ""LexisNexis""]",computer_science
"Special Education Teachers, Elementary School","Special Education Teachers, Elementary School. Core skills: Active Listening, Instructing, Speaking, Learning Strategies, Reading Comprehension, Social Perceptiveness, Critical Thinking, Writing, Judgment and Decision Making, Monitoring, Service Orientation, Active Learning. Technology skills: Email software, Microsoft Outlook, Children's educational software, EasyCBM, Rethink Ed, Scientific Learning Fast ForWord, Screen magnification software, Screen reader software, Synapse outSPOKEN, The vOICe Learning Edition, goQ WordQ, Nuance Dragon NaturallySpeaking.",onet,25-2056.00,data_science,"[""Active Listening"", ""Instructing"", ""Speaking"", ""Learning Strategies"", ""Reading Comprehension"", ""Social Perceptiveness"", ""Critical Thinking"", ""Writing"", ""Judgment and Decision Making"", ""Monitoring"", ""Service Orientation"", ""Active Learning"", ""Complex Problem Solving"", ""Coordination"", ""Persuasion"", ""Time Management"", ""Systems Evaluation"", ""Management of Personnel Resources"", ""Negotiation"", ""Systems Analysis"", ""Mathematics"", ""Quality Control Analysis"", ""Management of Material Resources"", ""Technology Design"", ""Science"", ""Operations Analysis"", ""Operations Monitoring"", ""Management of Financial Resources"", ""Programming"", ""Troubleshooting"", ""Operation and Control"", ""Equipment Selection"", ""Equipment Maintenance"", ""Installation"", ""Repairing""]","[""Email software"", ""Microsoft Outlook"", ""Children's educational software"", ""EasyCBM"", ""Rethink Ed"", ""Scientific Learning Fast ForWord"", ""Screen magnification software"", ""Screen reader software"", ""Synapse outSPOKEN"", ""The vOICe Learning Edition"", ""goQ WordQ"", ""Nuance Dragon NaturallySpeaking"", ""Voice activated software"", ""American Sign Language Browser"", ""Individualized Educational Program IEP software"", ""Microsoft Excel"", ""Drawing software"", ""Microsoft Office software"", ""Microsoft Word"", ""Web browser software"", ""Microsoft PowerPoint""]",
School Psychologists,"School Psychologists. Core skills: Active Listening, Reading Comprehension, Speaking, Critical Thinking, Monitoring, Social Perceptiveness, Writing, Judgment and Decision Making, Complex Problem Solving, Service Orientation, Active Learning, Coordination. Technology skills: Google Meet, Zoom, Centris Group IEP Direct, Global Education Technologies EXCENT, PowerSchool Group PowerSchool SIS, Vision Management Consulting IEP PlaNET, Ewing Solutions QuickWriter, Microsoft Word, Microsoft Excel, Email software, Test scoring software, Instructional software.",onet,19-3034.00,data_science,"[""Active Listening"", ""Reading Comprehension"", ""Speaking"", ""Critical Thinking"", ""Monitoring"", ""Social Perceptiveness"", ""Writing"", ""Judgment and Decision Making"", ""Complex Problem Solving"", ""Service Orientation"", ""Active Learning"", ""Coordination"", ""Learning Strategies"", ""Persuasion"", ""Negotiation"", ""Time Management"", ""Instructing"", ""Systems Analysis"", ""Systems Evaluation"", ""Management of Personnel Resources"", ""Mathematics"", ""Science"", ""Operations Analysis"", ""Operations Monitoring"", ""Programming"", ""Technology Design"", ""Quality Control Analysis"", ""Equipment Maintenance"", ""Equipment Selection"", ""Installation"", ""Management of Financial Resources"", ""Management of Material Resources"", ""Operation and Control"", ""Repairing"", ""Troubleshooting""]","[""Google Meet"", ""Zoom"", ""Centris Group IEP Direct"", ""Global Education Technologies EXCENT"", ""PowerSchool Group PowerSchool SIS"", ""Vision Management Consulting IEP PlaNET"", ""Ewing Solutions QuickWriter"", ""Microsoft Word"", ""Microsoft Excel"", ""Email software"", ""Test scoring software"", ""Instructional software"", ""Microsoft Office software"", ""Testing software"", ""Web browser software"", ""Microsoft PowerPoint""]",business
"Special Education Teachers, Preschool","Special Education Teachers, Preschool. Core skills: Speaking, Active Listening, Critical Thinking, Reading Comprehension, Social Perceptiveness, Learning Strategies, Monitoring, Writing, Active Learning, Instructing, Service Orientation, Judgment and Decision Making. Technology skills: Microsoft Excel, Microsoft PowerPoint, Screen magnification software, Screen reader software, Email software, Microsoft Outlook, Drawing software, Children's educational software, Microsoft Office software, Microsoft Word, Web browser software, American Sign Language Browser.",onet,25-2051.00,data_science,"[""Speaking"", ""Active Listening"", ""Critical Thinking"", ""Reading Comprehension"", ""Social Perceptiveness"", ""Learning Strategies"", ""Monitoring"", ""Writing"", ""Active Learning"", ""Instructing"", ""Service Orientation"", ""Judgment and Decision Making"", ""Complex Problem Solving"", ""Coordination"", ""Systems Analysis"", ""Systems Evaluation"", ""Time Management"", ""Persuasion"", ""Negotiation"", ""Management of Personnel Resources"", ""Mathematics"", ""Science"", ""Quality Control Analysis"", ""Operations Analysis"", ""Operations Monitoring"", ""Programming"", ""Management of Material Resources"", ""Technology Design"", ""Troubleshooting"", ""Management of Financial Resources"", ""Equipment Selection"", ""Equipment Maintenance"", ""Installation"", ""Operation and Control"", ""Repairing""]","[""Microsoft Excel"", ""Microsoft PowerPoint"", ""Screen magnification software"", ""Screen reader software"", ""Email software"", ""Microsoft Outlook"", ""Drawing software"", ""Children's educational software"", ""Microsoft Office software"", ""Microsoft Word"", ""Web browser software"", ""American Sign Language Browser""]",business
"Special Education Teachers, Kindergarten","Special Education Teachers, Kindergarten. Core skills: . Technology skills: Email software, Microsoft Outlook, Children's educational software, EasyCBM, Rethink Ed, Scientific Learning Fast ForWord, Screen magnification software, Screen reader software, Synapse outSPOKEN, The vOICe Learning Edition, goQ WordQ, Nuance Dragon NaturallySpeaking.",onet,25-2055.00,data_science,[],"[""Email software"", ""Microsoft Outlook"", ""Children's educational software"", ""EasyCBM"", ""Rethink Ed"", ""Scientific Learning Fast ForWord"", ""Screen magnification software"", ""Screen reader software"", ""Synapse outSPOKEN"", ""The vOICe Learning Edition"", ""goQ WordQ"", ""Nuance Dragon NaturallySpeaking"", ""Voice activated software"", ""American Sign Language Browser"", ""Individualized Educational Program IEP software"", ""Microsoft Excel"", ""Drawing software"", ""Microsoft Office software"", ""Microsoft Word"", ""Web browser software"", ""Microsoft PowerPoint""]",
"Special Education Teachers, Secondary School","Special Education Teachers, Secondary School. Core skills: Instructing, Learning Strategies, Reading Comprehension, Speaking, Active Listening, Coordination, Monitoring, Service Orientation, Social Perceptiveness, Writing, Complex Problem Solving, Critical Thinking. Technology skills: Microsoft PowerPoint, Adobe Illustrator, Adobe Photoshop, Email software, Microsoft Outlook, Adobe Acrobat, Microsoft SharePoint, Screen magnification software, Screen reader software, Microsoft Excel, Text to speech software, Adobe InDesign.",onet,25-2058.00,data_science,"[""Instructing"", ""Learning Strategies"", ""Reading Comprehension"", ""Speaking"", ""Active Listening"", ""Coordination"", ""Monitoring"", ""Service Orientation"", ""Social Perceptiveness"", ""Writing"", ""Complex Problem Solving"", ""Critical Thinking"", ""Time Management"", ""Judgment and Decision Making"", ""Active Learning"", ""Negotiation"", ""Persuasion"", ""Systems Analysis"", ""Systems Evaluation"", ""Management of Personnel Resources"", ""Mathematics"", ""Management of Material Resources"", ""Operations Analysis"", ""Operations Monitoring"", ""Science"", ""Management of Financial Resources"", ""Technology Design"", ""Quality Control Analysis"", ""Programming"", ""Equipment Maintenance"", ""Equipment Selection"", ""Installation"", ""Operation and Control"", ""Repairing"", ""Troubleshooting""]","[""Microsoft PowerPoint"", ""Adobe Illustrator"", ""Adobe Photoshop"", ""Email software"", ""Microsoft Outlook"", ""Adobe Acrobat"", ""Microsoft SharePoint"", ""Screen magnification software"", ""Screen reader software"", ""Microsoft Excel"", ""Text to speech software"", ""Adobe InDesign"", ""Video editing software"", ""Hand held spell checkers"", ""Voice activated software"", ""Microsoft Office software"", ""Microsoft Word"", ""Web browser software"", ""Microsoft Access"", ""Facebook""]",design
"Special Education Teachers, Middle School","Special Education Teachers, Middle School. Core skills: Active Learning, Active Listening, Instructing, Learning Strategies, Social Perceptiveness, Speaking, Coordination, Monitoring, Reading Comprehension, Service Orientation, Writing, Critical Thinking. Technology skills: Email software, Microsoft Outlook, Common Curriculum, EasyCBM, Padlet, Schoology, Flipgrid, Video editing software, Screen magnification software, Screen reader software, Microsoft PowerPoint, Pear Deck.",onet,25-2057.00,data_science,"[""Active Learning"", ""Active Listening"", ""Instructing"", ""Learning Strategies"", ""Social Perceptiveness"", ""Speaking"", ""Coordination"", ""Monitoring"", ""Reading Comprehension"", ""Service Orientation"", ""Writing"", ""Critical Thinking"", ""Time Management"", ""Complex Problem Solving"", ""Judgment and Decision Making"", ""Persuasion"", ""Negotiation"", ""Management of Personnel Resources"", ""Systems Analysis"", ""Systems Evaluation"", ""Mathematics"", ""Science"", ""Technology Design"", ""Operations Analysis"", ""Operations Monitoring"", ""Programming"", ""Quality Control Analysis"", ""Management of Financial Resources"", ""Management of Material Resources"", ""Operation and Control"", ""Equipment Maintenance"", ""Equipment Selection"", ""Installation"", ""Repairing"", ""Troubleshooting""]","[""Email software"", ""Microsoft Outlook"", ""Common Curriculum"", ""EasyCBM"", ""Padlet"", ""Schoology"", ""Flipgrid"", ""Video editing software"", ""Screen magnification software"", ""Screen reader software"", ""Microsoft PowerPoint"", ""Pear Deck"", ""Microsoft Excel"", ""Microsoft SharePoint"", ""Hand held spell checkers"", ""Voice activated software"", ""Microsoft Office software"", ""Apple macOS"", ""Microsoft Word"", ""Seesaw"", ""Web browser software"", ""Blackboard software"", ""Google Classroom""]",
Instructional Coordinators,"Instructional Coordinators. Core skills: Learning Strategies, Instructing, Speaking, Writing, Active Listening, Monitoring, Reading Comprehension, Active Learning, Complex Problem Solving, Coordination, Critical Thinking, Social Perceptiveness. Technology skills: Adobe After Effects, Flipgrid, Screencast-O-Matic, WeVideo, Common Curriculum, EasyCBM, Moodle, Schoology, Cascading style sheets CSS, Drupal, Hypertext markup language HTML, JavaScript.",onet,25-9031.00,data_science,"[""Learning Strategies"", ""Instructing"", ""Speaking"", ""Writing"", ""Active Listening"", ""Monitoring"", ""Reading Comprehension"", ""Active Learning"", ""Complex Problem Solving"", ""Coordination"", ""Critical Thinking"", ""Social Perceptiveness"", ""Judgment and Decision Making"", ""Service Orientation"", ""Time Management"", ""Persuasion"", ""Systems Analysis"", ""Systems Evaluation"", ""Management of Personnel Resources"", ""Negotiation"", ""Mathematics"", ""Management of Material Resources"", ""Management of Financial Resources"", ""Operations Analysis"", ""Quality Control Analysis"", ""Technology Design"", ""Operations Monitoring"", ""Programming"", ""Science"", ""Troubleshooting"", ""Equipment Selection"", ""Equipment Maintenance"", ""Installation"", ""Operation and Control"", ""Repairing""]","[""Adobe After Effects"", ""Flipgrid"", ""Screencast-O-Matic"", ""WeVideo"", ""Common Curriculum"", ""EasyCBM"", ""Moodle"", ""Schoology"", ""Cascading style sheets CSS"", ""Drupal"", ""Hypertext markup language HTML"", ""JavaScript"", ""Adobe Creative Cloud software"", ""Adobe Illustrator"", ""Adobe Photoshop"", ""TechSmith Snagit"", ""Adobe Dreamweaver"", ""IXL Learning Quia Web"", ""Nvu"", ""SeaMonkey"", ""Adobe Acrobat"", ""Microsoft SharePoint"", ""Microsoft SharePoint Server"", ""Vasont Content Management System"", ""Adobe FrameMaker"", ""Adobe InDesign"", ""Microsoft Publisher"", ""Performance Technology Associates DocuTools"", ""Edpuzzle"", ""Kahoot!"", ""Seesaw"", ""Adobe Presenter"", ""Microsoft PowerPoint"", ""Poll Everywhere"", ""Blackboard software"", ""Microsoft Access"", ""Structured query language SQL"", ""etouches"", ""Google Classroom"", ""Microsoft Project"", ""IBM Lotus 1-2-3"", ""Microsoft Excel"", ""Email software"", ""Microsoft Outlook"", ""Adobe Connect"", ""Webinar software"", ""Corel WordPerfect Office Suite"", ""Microsoft Office software"", ""Audacity"", ""Sony Sound Forge"", ""Adobe ActionScript"", ""Edmodo"", ""Extensible markup language XML"", ""Microsoft Word"", ""Oracle PL/SQL"", ""Adobe RoboHelp"", ""SmartDraw VP"", ""Oracle Java"", ""Human resource management software HRMS"", ""Web browser software"", ""Microsoft Visio""]",web_development
"Multiple Machine Tool Setters, Operators, and Tenders, Metal and Plastic","Multiple Machine Tool Setters, Operators, and Tenders, Metal and Plastic. Core skills: Operations Monitoring, Quality Control Analysis, Equipment Maintenance, Judgment and Decision Making, Monitoring, Operation and Control, Active Listening, Complex Problem Solving, Critical Thinking, Reading Comprehension, Repairing, Social Perceptiveness. Technology skills: Email software, Microsoft Outlook, Microsoft Excel, SAP software, Microsoft Office software, Microsoft Windows, Microsoft Word, Autodesk AutoCAD.",onet,51-4081.00,data_science,"[""Operations Monitoring"", ""Quality Control Analysis"", ""Equipment Maintenance"", ""Judgment and Decision Making"", ""Monitoring"", ""Operation and Control"", ""Active Listening"", ""Complex Problem Solving"", ""Critical Thinking"", ""Reading Comprehension"", ""Repairing"", ""Social Perceptiveness"", ""Speaking"", ""Troubleshooting"", ""Active Learning"", ""Coordination"", ""Time Management"", ""Instructing"", ""Writing"", ""Equipment Selection"", ""Learning Strategies"", ""Persuasion"", ""Service Orientation"", ""Systems Analysis"", ""Mathematics"", ""Negotiation"", ""Systems Evaluation"", ""Installation"", ""Management of Personnel Resources"", ""Management of Financial Resources"", ""Management of Material Resources"", ""Operations Analysis"", ""Programming"", ""Technology Design"", ""Science""]","[""Email software"", ""Microsoft Outlook"", ""Microsoft Excel"", ""SAP software"", ""Microsoft Office software"", ""Microsoft Windows"", ""Microsoft Word"", ""Autodesk AutoCAD""]",business
"Textile Winding, Twisting, and Drawing Out Machine Setters, Operators, and Tenders","Textile Winding, Twisting, and Drawing Out Machine Setters, Operators, and Tenders. Core skills: Operations Monitoring, Operation and Control, Quality Control Analysis, Speaking, Active Listening, Critical Thinking, Monitoring, Troubleshooting, Coordination, Equipment Maintenance, Judgment and Decision Making, Complex Problem Solving. Technology skills: Microsoft Excel, Microsoft Outlook, Microsoft Office software, Microsoft Word.",onet,51-6064.00,data_science,"[""Operations Monitoring"", ""Operation and Control"", ""Quality Control Analysis"", ""Speaking"", ""Active Listening"", ""Critical Thinking"", ""Monitoring"", ""Troubleshooting"", ""Coordination"", ""Equipment Maintenance"", ""Judgment and Decision Making"", ""Complex Problem Solving"", ""Reading Comprehension"", ""Repairing"", ""Social Perceptiveness"", ""Time Management"", ""Active Learning"", ""Instructing"", ""Learning Strategies"", ""Management of Personnel Resources"", ""Writing"", ""Equipment Selection"", ""Systems Analysis"", ""Systems Evaluation"", ""Mathematics"", ""Service Orientation"", ""Negotiation"", ""Persuasion"", ""Management of Financial Resources"", ""Management of Material Resources"", ""Operations Analysis"", ""Installation"", ""Technology Design"", ""Programming"", ""Science""]","[""Microsoft Excel"", ""Microsoft Outlook"", ""Microsoft Office software"", ""Microsoft Word""]",business
"Coin, Vending, and Amusement Machine Servicers and Repairers","Coin, Vending, and Amusement Machine Servicers and Repairers. Core skills: Repairing, Equipment Maintenance, Troubleshooting, Operation and Control, Operations Monitoring, Quality Control Analysis, Active Listening, Complex Problem Solving, Critical Thinking, Judgment and Decision Making, Monitoring, Reading Comprehension. Technology skills: Email software, Microsoft Outlook, Microsoft PowerPoint, Microsoft Excel, Microsoft Word, Web browser software, Inventory tracking software.",onet,49-9091.00,data_science,"[""Repairing"", ""Equipment Maintenance"", ""Troubleshooting"", ""Operation and Control"", ""Operations Monitoring"", ""Quality Control Analysis"", ""Active Listening"", ""Complex Problem Solving"", ""Critical Thinking"", ""Judgment and Decision Making"", ""Monitoring"", ""Reading Comprehension"", ""Service Orientation"", ""Speaking"", ""Systems Analysis"", ""Time Management"", ""Systems Evaluation"", ""Active Learning"", ""Coordination"", ""Social Perceptiveness"", ""Writing"", ""Equipment Selection"", ""Installation"", ""Management of Material Resources"", ""Management of Personnel Resources"", ""Mathematics"", ""Persuasion"", ""Instructing"", ""Learning Strategies"", ""Management of Financial Resources"", ""Negotiation"", ""Science"", ""Operations Analysis"", ""Programming"", ""Technology Design""]","[""Email software"", ""Microsoft Outlook"", ""Microsoft PowerPoint"", ""Microsoft Excel"", ""Microsoft Word"", ""Web browser software"", ""Inventory tracking software""]",business
Sewing Machine Operators,"Sewing Machine Operators. Core skills: Monitoring, Active Listening, Complex Problem Solving, Critical Thinking, Judgment and Decision Making, Operations Monitoring, Quality Control Analysis, Time Management, Operation and Control, Reading Comprehension, Coordination, Social Perceptiveness. Technology skills: Microsoft Excel, Email software, Microsoft Outlook, Microsoft Office software, Microsoft Word, Web browser software.",onet,51-6031.00,data_science,"[""Monitoring"", ""Active Listening"", ""Complex Problem Solving"", ""Critical Thinking"", ""Judgment and Decision Making"", ""Operations Monitoring"", ""Quality Control Analysis"", ""Time Management"", ""Operation and Control"", ""Reading Comprehension"", ""Coordination"", ""Social Perceptiveness"", ""Active Learning"", ""Learning Strategies"", ""Speaking"", ""Troubleshooting"", ""Equipment Maintenance"", ""Instructing"", ""Mathematics"", ""Writing"", ""Repairing"", ""Systems Analysis"", ""Systems Evaluation"", ""Management of Financial Resources"", ""Management of Material Resources"", ""Management of Personnel Resources"", ""Negotiation"", ""Persuasion"", ""Service Orientation"", ""Operations Analysis"", ""Equipment Selection"", ""Installation"", ""Programming"", ""Science"", ""Technology Design""]","[""Microsoft Excel"", ""Email software"", ""Microsoft Outlook"", ""Microsoft Office software"", ""Microsoft Word"", ""Web browser software""]",business
"Extruding, Forming, Pressing, and Compacting Machine Setters, Operators, and Tenders","Extruding, Forming, Pressing, and Compacting Machine Setters, Operators, and Tenders. Core skills: Operation and Control, Operations Monitoring, Monitoring, Speaking, Active Listening, Critical Thinking, Quality Control Analysis, Reading Comprehension, Troubleshooting, Complex Problem Solving, Judgment and Decision Making, Social Perceptiveness. Technology skills: Microsoft Excel, Microsoft Outlook, SAP software, Microsoft Office software, Microsoft Word, Operational databases, Production scheduling software.",onet,51-9041.00,data_science,"[""Operation and Control"", ""Operations Monitoring"", ""Monitoring"", ""Speaking"", ""Active Listening"", ""Critical Thinking"", ""Quality Control Analysis"", ""Reading Comprehension"", ""Troubleshooting"", ""Complex Problem Solving"", ""Judgment and Decision Making"", ""Social Perceptiveness"", ""Coordination"", ""Repairing"", ""Time Management"", ""Writing"", ""Active Learning"", ""Equipment Maintenance"", ""Equipment Selection"", ""Instructing"", ""Systems Analysis"", ""Learning Strategies"", ""Management of Personnel Resources"", ""Mathematics"", ""Systems Evaluation"", ""Operations Analysis"", ""Persuasion"", ""Service Orientation"", ""Installation"", ""Management of Material Resources"", ""Negotiation"", ""Science"", ""Technology Design"", ""Management of Financial Resources"", ""Programming""]","[""Microsoft Excel"", ""Microsoft Outlook"", ""SAP software"", ""Microsoft Office software"", ""Microsoft Word"", ""Operational databases"", ""Production scheduling software""]",business
Packaging and Filling Machine Operators and Tenders,"Packaging and Filling Machine Operators and Tenders. Core skills: Operations Monitoring, Monitoring, Active Listening, Coordination, Operation and Control, Critical Thinking, Equipment Maintenance, Quality Control Analysis, Reading Comprehension, Social Perceptiveness, Time Management, Complex Problem Solving. Technology skills: Email software, Microsoft Outlook, Microsoft PowerPoint, Microsoft Excel, Label printing software, SAP software, Microsoft Office software, Microsoft Word.",onet,51-9111.00,data_science,"[""Operations Monitoring"", ""Monitoring"", ""Active Listening"", ""Coordination"", ""Operation and Control"", ""Critical Thinking"", ""Equipment Maintenance"", ""Quality Control Analysis"", ""Reading Comprehension"", ""Social Perceptiveness"", ""Time Management"", ""Complex Problem Solving"", ""Judgment and Decision Making"", ""Speaking"", ""Troubleshooting"", ""Instructing"", ""Writing"", ""Active Learning"", ""Repairing"", ""Service Orientation"", ""Management of Personnel Resources"", ""Negotiation"", ""Persuasion"", ""Learning Strategies"", ""Mathematics"", ""Systems Analysis"", ""Systems Evaluation"", ""Equipment Selection"", ""Technology Design"", ""Management of Financial Resources"", ""Management of Material Resources"", ""Programming"", ""Installation"", ""Operations Analysis"", ""Science""]","[""Email software"", ""Microsoft Outlook"", ""Microsoft PowerPoint"", ""Microsoft Excel"", ""Label printing software"", ""SAP software"", ""Microsoft Office software"", ""Microsoft Word""]",business
"Forging Machine Setters, Operators, and Tenders, Metal and Plastic","Forging Machine Setters, Operators, and Tenders, Metal and Plastic. Core skills: Operations Monitoring, Active Listening, Monitoring, Operation and Control, Reading Comprehension, Time Management, Critical Thinking, Quality Control Analysis, Social Perceptiveness, Speaking, Troubleshooting, Coordination. Technology skills: Email software, Inventory tracking software, Machine control software.",onet,51-4022.00,data_science,"[""Operations Monitoring"", ""Active Listening"", ""Monitoring"", ""Operation and Control"", ""Reading Comprehension"", ""Time Management"", ""Critical Thinking"", ""Quality Control Analysis"", ""Social Perceptiveness"", ""Speaking"", ""Troubleshooting"", ""Coordination"", ""Equipment Maintenance"", ""Judgment and Decision Making"", ""Writing"", ""Complex Problem Solving"", ""Repairing"", ""Active Learning"", ""Learning Strategies"", ""Management of Personnel Resources"", ""Persuasion"", ""Instructing"", ""Negotiation"", ""Mathematics"", ""Service Orientation"", ""Equipment Selection"", ""Systems Analysis"", ""Systems Evaluation"", ""Operations Analysis"", ""Technology Design"", ""Installation"", ""Management of Material Resources"", ""Management of Financial Resources"", ""Science"", ""Programming""]","[""Email software"", ""Inventory tracking software"", ""Machine control software""]",
Shoe Machine Operators and Tenders,"Shoe Machine Operators and Tenders. Core skills: Reading Comprehension, Active Listening, Critical Thinking, Monitoring, Operation and Control, Operations Monitoring, Equipment Maintenance, Quality Control Analysis, Speaking, Time Management, Troubleshooting, Complex Problem Solving. Technology skills: Microsoft Excel, Microsoft PowerPoint, Microsoft Outlook, Production control software, Adobe Acrobat, Microsoft Office software, Microsoft Word, Inventory tracking software.",onet,51-6042.00,data_science,"[""Reading Comprehension"", ""Active Listening"", ""Critical Thinking"", ""Monitoring"", ""Operation and Control"", ""Operations Monitoring"", ""Equipment Maintenance"", ""Quality Control Analysis"", ""Speaking"", ""Time Management"", ""Troubleshooting"", ""Complex Problem Solving"", ""Judgment and Decision Making"", ""Repairing"", ""Equipment Selection"", ""Coordination"", ""Social Perceptiveness"", ""Active Learning"", ""Instructing"", ""Learning Strategies"", ""Management of Personnel Resources"", ""Negotiation"", ""Persuasion"", ""Service Orientation"", ""Systems Analysis"", ""Systems Evaluation"", ""Writing"", ""Mathematics"", ""Management of Financial Resources"", ""Management of Material Resources"", ""Operations Analysis"", ""Technology Design"", ""Programming"", ""Science"", ""Installation""]","[""Microsoft Excel"", ""Microsoft PowerPoint"", ""Microsoft Outlook"", ""Production control software"", ""Adobe Acrobat"", ""Microsoft Office software"", ""Microsoft Word"", ""Inventory tracking software""]",business
"Woodworking Machine Setters, Operators, and Tenders, Except Sawing","Woodworking Machine Setters, Operators, and Tenders, Except Sawing. Core skills: Operations Monitoring, Operation and Control, Quality Control Analysis, Monitoring, Critical Thinking, Equipment Maintenance, Speaking, Troubleshooting, Active Listening, Equipment Selection, Judgment and Decision Making, Repairing. Technology skills: Autodesk AutoCAD, Computer aided design and drafting CADD software, Dassault Systemes CATIA, Vero Software ALPHACAM, YouTube, Adobe Creative Cloud software, Adobe Illustrator, Adobe Photoshop, Apple macOS, Microsoft Windows, Microsoft Excel, Microsoft Outlook.",onet,51-7042.00,data_science,"[""Operations Monitoring"", ""Operation and Control"", ""Quality Control Analysis"", ""Monitoring"", ""Critical Thinking"", ""Equipment Maintenance"", ""Speaking"", ""Troubleshooting"", ""Active Listening"", ""Equipment Selection"", ""Judgment and Decision Making"", ""Repairing"", ""Complex Problem Solving"", ""Reading Comprehension"", ""Time Management"", ""Active Learning"", ""Mathematics"", ""Learning Strategies"", ""Social Perceptiveness"", ""Coordination"", ""Systems Evaluation"", ""Installation"", ""Instructing"", ""Management of Personnel Resources"", ""Negotiation"", ""Operations Analysis"", ""Persuasion"", ""Service Orientation"", ""Technology Design"", ""Writing"", ""Management of Material Resources"", ""Programming"", ""Systems Analysis"", ""Management of Financial Resources"", ""Science""]","[""Autodesk AutoCAD"", ""Computer aided design and drafting CADD software"", ""Dassault Systemes CATIA"", ""Vero Software ALPHACAM"", ""YouTube"", ""Adobe Creative Cloud software"", ""Adobe Illustrator"", ""Adobe Photoshop"", ""Apple macOS"", ""Microsoft Windows"", ""Microsoft Excel"", ""Microsoft Outlook"", ""Adobe Acrobat"", ""Adobe InDesign"", ""Dassault Systemes SolidWorks"", ""Microsoft Office software"", ""Microsoft Word"", ""Oracle Java"", ""Timekeeping software"", ""Microsoft PowerPoint"", ""AS/400 Database"", ""Inventory control software"", ""Computerized numerical control CNC software""]",design
"Cutting and Slicing Machine Setters, Operators, and Tenders","Cutting and Slicing Machine Setters, Operators, and Tenders. Core skills: Operations Monitoring, Operation and Control, Quality Control Analysis, Monitoring, Reading Comprehension, Coordination, Critical Thinking, Equipment Maintenance, Troubleshooting, Active Listening, Complex Problem Solving, Judgment and Decision Making. Technology skills: Microsoft Excel, Microsoft Outlook, SAP software, Microsoft Word.",onet,51-9032.00,data_science,"[""Operations Monitoring"", ""Operation and Control"", ""Quality Control Analysis"", ""Monitoring"", ""Reading Comprehension"", ""Coordination"", ""Critical Thinking"", ""Equipment Maintenance"", ""Troubleshooting"", ""Active Listening"", ""Complex Problem Solving"", ""Judgment and Decision Making"", ""Repairing"", ""Social Perceptiveness"", ""Time Management"", ""Active Learning"", ""Equipment Selection"", ""Mathematics"", ""Speaking"", ""Systems Analysis"", ""Writing"", ""Management of Personnel Resources"", ""Systems Evaluation"", ""Instructing"", ""Learning Strategies"", ""Negotiation"", ""Persuasion"", ""Service Orientation"", ""Management of Material Resources"", ""Programming"", ""Technology Design"", ""Management of Financial Resources"", ""Operations Analysis"", ""Installation"", ""Science""]","[""Microsoft Excel"", ""Microsoft Outlook"", ""SAP software"", ""Microsoft Word""]",business
Telecommunications Engineering Specialists,"Telecommunications Engineering Specialists. Core skills: Active Listening, Critical Thinking, Reading Comprehension, Active Learning, Speaking, Writing, Complex Problem Solving, Judgment and Decision Making, Monitoring, Operations Monitoring, Social Perceptiveness, Systems Analysis. Technology skills: Linux, Microsoft Windows Server, Shell script, UNIX, Microsoft Project, Microsoft Teams, Project scheduling software, Autodesk AutoCAD, Autodesk Navisworks, Autodesk Revit, NavisWorks Jetstream, IBM Notes.",onet,15-1241.01,cloud_devops,"[""Active Listening"", ""Critical Thinking"", ""Reading Comprehension"", ""Active Learning"", ""Speaking"", ""Writing"", ""Complex Problem Solving"", ""Judgment and Decision Making"", ""Monitoring"", ""Operations Monitoring"", ""Social Perceptiveness"", ""Systems Analysis"", ""Systems Evaluation"", ""Coordination"", ""Mathematics"", ""Persuasion"", ""Quality Control Analysis"", ""Service Orientation"", ""Time Management"", ""Learning Strategies"", ""Troubleshooting"", ""Equipment Maintenance"", ""Instructing"", ""Negotiation"", ""Management of Personnel Resources"", ""Technology Design"", ""Equipment Selection"", ""Repairing"", ""Management of Material Resources"", ""Programming"", ""Management of Financial Resources"", ""Operations Analysis"", ""Installation"", ""Operation and Control"", ""Science""]","[""Linux"", ""Microsoft Windows Server"", ""Shell script"", ""UNIX"", ""Microsoft Project"", ""Microsoft Teams"", ""Project scheduling software"", ""Autodesk AutoCAD"", ""Autodesk Navisworks"", ""Autodesk Revit"", ""NavisWorks Jetstream"", ""IBM Notes"", ""Microsoft Exchange"", ""Microsoft Outlook"", ""Cisco Systems Cisco Traffic Analyzer"", ""Nagios"", ""Wireshark"", ""2AB iLock Security Services"", ""Access management software"", ""Avaya Identity Engines"", ""Apache Kafka"", ""Microsoft PowerShell"", ""Microsoft Visual Basic Scripting Edition VBScript"", ""Antivirus software"", ""McAfee"", ""NortonLifeLock cybersecurity software"", ""Oracle Java"", ""Perl"", ""Python"", ""Microsoft SQL Server"", ""SiteMaster SiteSmart"", ""Structured query language SQL"", ""IBM Lotus 1-2-3"", ""Microsoft Excel"", ""NovaStor NovaBACKUP"", ""Zmanda Amanda"", ""IBM Rational Requirements Composer"", ""Requirements analysis software"", ""Call accounting software"", ""IBM Domino"", ""Virtual private networking VPN software"", ""Microsoft Office software"", ""Microsoft Word"", ""Firewall software"", ""Network management software"", ""Web browser software"", ""Voice over internet protocol VoIP system software"", ""Microsoft PowerPoint"", ""Web design software"", ""Supervisory control and data acquisition SCADA software"", ""Microsoft Visio""]",computer_science
Penetration Testers,"Penetration Testers. Core skills: . Technology skills: Go, Microsoft PowerShell, Oracle Java 2 Platform Enterprise Edition J2EE, Ruby, Apple iOS, Bash, Google Android, Shell script, Invicti Acunetix, Metasploit, Rapid7 software, Tenable Nessus.",onet,15-1299.04,cloud_devops,[],"[""Go"", ""Microsoft PowerShell"", ""Oracle Java 2 Platform Enterprise Edition J2EE"", ""Ruby"", ""Apple iOS"", ""Bash"", ""Google Android"", ""Shell script"", ""Invicti Acunetix"", ""Metasploit"", ""Rapid7 software"", ""Tenable Nessus"", ""C#"", ""C++"", ""Oracle Java"", ""Perl"", ""JavaScript"", ""Microsoft Active Server Pages ASP"", ""PHP"", ""RESTful API"", ""Amazon Web Services AWS software"", ""Microsoft SQL Server"", ""ServiceNow"", ""Structured query language SQL"", ""Docker"", ""GitHub"", ""Kubernetes"", ""Kali Linux"", ""MITRE ATT&CK software"", ""System testing software"", ""IBM QRadar SIEM"", ""Wireshark"", ""IBM Middleware"", ""Web server software"", ""Hex-Rays IDA Pro"", ""Vector 35 Binary Ninja"", ""Microsoft Excel"", ""IBM Terraform"", ""Splunk Enterprise"", ""Ansible software"", ""Management information systems MIS"", ""Microsoft Office software"", ""Firewall software"", ""Database management systems"", ""Ghidra"", ""Microsoft Active Directory"", ""Qualys Cloud Platform"", ""Google Cloud software""]",computer_science
"Electronics Engineers, Except Computer","Electronics Engineers, Except Computer. Core skills: Complex Problem Solving, Critical Thinking, Reading Comprehension, Speaking, Active Listening, Judgment and Decision Making, Systems Analysis, Mathematics, Writing, Monitoring, Systems Evaluation, Operations Analysis. Technology skills: Autodesk AutoCAD, Dassault Systemes CATIA, Dassault Systemes SolidWorks, Xilinx Integrated Software Environment ISE, Microsoft PowerPoint, C, Formula translation/translator FORTRAN, National Instruments LabVIEW, SystemVerilog, Ansoft Simplorer, Cadence PSpice, Synopsys Saber.",onet,17-2072.00,cloud_devops,"[""Complex Problem Solving"", ""Critical Thinking"", ""Reading Comprehension"", ""Speaking"", ""Active Listening"", ""Judgment and Decision Making"", ""Systems Analysis"", ""Mathematics"", ""Writing"", ""Monitoring"", ""Systems Evaluation"", ""Operations Analysis"", ""Active Learning"", ""Quality Control Analysis"", ""Coordination"", ""Instructing"", ""Learning Strategies"", ""Operations Monitoring"", ""Science"", ""Technology Design"", ""Troubleshooting"", ""Equipment Maintenance"", ""Equipment Selection"", ""Operation and Control"", ""Persuasion"", ""Service Orientation"", ""Social Perceptiveness"", ""Management of Material Resources"", ""Management of Personnel Resources"", ""Negotiation"", ""Programming"", ""Repairing"", ""Time Management"", ""Management of Financial Resources"", ""Installation""]","[""Autodesk AutoCAD"", ""Dassault Systemes CATIA"", ""Dassault Systemes SolidWorks"", ""Xilinx Integrated Software Environment ISE"", ""Microsoft PowerPoint"", ""C"", ""Formula translation/translator FORTRAN"", ""National Instruments LabVIEW"", ""SystemVerilog"", ""Ansoft Simplorer"", ""Cadence PSpice"", ""Synopsys Saber"", ""The MathWorks MATLAB"", ""C++"", ""Microsoft Visual Basic.NET"", ""Oracle Java"", ""Python"", ""Hewlett-Packard HP OpenVMS"", ""Linux"", ""Magellan Firmware"", ""UNIX"", ""Graphics software"", ""Trimble SketchUp Pro"", ""Oracle Database"", ""Structured query language SQL"", ""Microsoft Excel"", ""ESRI ArcGIS software"", ""IBM Lotus Notes"", ""Agile Product Lifecyle Management PLM"", ""Apache Subversion SVN"", ""Extensible markup language XML"", ""Microsoft Office software"", ""Microsoft Word"", ""Web browser software"", ""McCabe Software TRUEchange"", ""Supervisory control and data acquisition SCADA software"", ""Rabbit Semiconductor Dynamic C""]",
Architectural and Civil Drafters,"Architectural and Civil Drafters. Core skills: Reading Comprehension, Complex Problem Solving, Systems Analysis, Active Learning, Critical Thinking, Writing, Active Listening, Mathematics, Monitoring, Time Management, Coordination, Instructing. Technology skills: Autodesk AutoCAD Civil 3D, Autodesk Revit, Bentley MicroStation, Trimble SketchUp Pro, Microsoft PowerPoint, Adobe After Effects, Adobe Creative Cloud software, Adobe Illustrator, Adobe Photoshop, Bentley Systems InRoads Suite, Boundary survey software, Geomechanical design analysis GDA software.",onet,17-3011.00,cloud_devops,"[""Reading Comprehension"", ""Complex Problem Solving"", ""Systems Analysis"", ""Active Learning"", ""Critical Thinking"", ""Writing"", ""Active Listening"", ""Mathematics"", ""Monitoring"", ""Time Management"", ""Coordination"", ""Instructing"", ""Judgment and Decision Making"", ""Speaking"", ""Learning Strategies"", ""Social Perceptiveness"", ""Service Orientation"", ""Negotiation"", ""Persuasion"", ""Systems Evaluation"", ""Management of Personnel Resources"", ""Quality Control Analysis"", ""Science"", ""Operations Monitoring"", ""Programming"", ""Operations Analysis"", ""Technology Design"", ""Troubleshooting"", ""Management of Financial Resources"", ""Management of Material Resources"", ""Equipment Selection"", ""Operation and Control"", ""Equipment Maintenance"", ""Installation"", ""Repairing""]","[""Autodesk AutoCAD Civil 3D"", ""Autodesk Revit"", ""Bentley MicroStation"", ""Trimble SketchUp Pro"", ""Microsoft PowerPoint"", ""Adobe After Effects"", ""Adobe Creative Cloud software"", ""Adobe Illustrator"", ""Adobe Photoshop"", ""Bentley Systems InRoads Suite"", ""Boundary survey software"", ""Geomechanical design analysis GDA software"", ""Topographic map software"", ""ESRI ArcGIS software"", ""ESRI ArcView"", ""Geographic information system GIS systems"", ""ARCOM Masterspec"", ""Database software"", ""Microsoft Access"", ""Digitizing and photogrammetric software"", ""Scanning software"", ""Adobe Acrobat"", ""Document management system software"", ""C"", ""Microsoft .NET Framework"", ""ERP software"", ""SAP software"", ""Animation software"", ""Autodesk 3ds Max"", ""Microsoft Word"", ""Specification software"", ""Microsoft Project"", ""SpecsInTact"", ""Microsoft Excel"", ""100 Plus Hatch Pattern Library"", ""Microsoft Outlook"", ""Adobe InDesign"", ""Extensible markup language XML"", ""Microsoft Office software"", ""Microsoft Windows"", ""Bill of materials software"", ""Microsoft Visio""]",design
Architectural and Engineering Managers,"Architectural and Engineering Managers. Core skills: Reading Comprehension, Active Listening, Complex Problem Solving, Speaking, Writing, Active Learning, Critical Thinking, Judgment and Decision Making, Mathematics, Time Management, Coordination, Monitoring. Technology skills: Amazon DynamoDB, Apache Hive, Elasticsearch, MongoDB, Microsoft PowerPoint, Autodesk AutoCAD Civil 3D, Autodesk Revit, Bentley MicroStation, Dassault Systemes SolidWorks, C#, Perl, Scala.",onet,11-9041.00,cloud_devops,"[""Reading Comprehension"", ""Active Listening"", ""Complex Problem Solving"", ""Speaking"", ""Writing"", ""Active Learning"", ""Critical Thinking"", ""Judgment and Decision Making"", ""Mathematics"", ""Time Management"", ""Coordination"", ""Monitoring"", ""Social Perceptiveness"", ""Instructing"", ""Learning Strategies"", ""Management of Personnel Resources"", ""Service Orientation"", ""Negotiation"", ""Persuasion"", ""Systems Analysis"", ""Quality Control Analysis"", ""Systems Evaluation"", ""Management of Financial Resources"", ""Management of Material Resources"", ""Science"", ""Operations Monitoring"", ""Operations Analysis"", ""Troubleshooting"", ""Programming"", ""Technology Design"", ""Operation and Control"", ""Equipment Maintenance"", ""Equipment Selection"", ""Installation"", ""Repairing""]","[""Amazon DynamoDB"", ""Apache Hive"", ""Elasticsearch"", ""MongoDB"", ""Microsoft PowerPoint"", ""Autodesk AutoCAD Civil 3D"", ""Autodesk Revit"", ""Bentley MicroStation"", ""Dassault Systemes SolidWorks"", ""C#"", ""Perl"", ""Scala"", ""Swift"", ""Apache Kafka"", ""Apache Maven"", ""Go"", ""Ruby"", ""Django"", ""JavaScript Object Notation JSON"", ""Node.js"", ""React"", ""Apple macOS"", ""Bash"", ""Shell script"", ""UNIX"", ""Agile Product Lifecyle Management PLM"", ""Microsoft Dynamics"", ""Oracle JD Edwards EnterpriseOne"", ""SAP software"", ""IBM SPSS Statistics"", ""Minitab"", ""The MathWorks MATLAB"", ""Water surface pressure gradient WSPG software"", ""Amazon Elastic Compute Cloud EC2"", ""Amazon Redshift"", ""Amazon Web Services AWS software"", ""Microsoft SQL Server"", ""Atlassian Confluence"", ""Microsoft Project"", ""Oracle Primavera Enterprise Project Portfolio Management"", ""Realization Streamliner"", ""ESRI ArcGIS software"", ""ESRI ArcView"", ""Geographic information system GIS software"", ""Chef"", ""Perforce Helix software"", ""Puppet"", ""IBM Notes"", ""Microsoft Exchange"", ""Microsoft Outlook"", ""Delcam PowerMILL"", ""Geometric CAMWorks"", ""Open Mind hyperMILL"", ""Atlassian JIRA"", ""Workflow software"", ""Docker"", ""GitHub"", ""Nagios"", ""Wireshark"", ""Adobe Acrobat Pro Extended"", ""Adobe LifeCycle ES"", ""MicroStrategy"", ""Qlik Tech QlikView"", ""Maintenance scheduling software"", ""Scheduling software"", ""RTA Fleet Management"", ""Supervisory control and data acquisition SCADA software"", ""Microsoft Excel"", ""Sage 50 Accounting"", ""Citrix cloud computing software"", ""PostgreSQL"", ""Ansible software"", ""Trimble SketchUp Pro"", ""Git"", ""Extensible markup language XML"", ""Customer information control system CICS"", ""Microsoft Office software"", ""Microsoft Word"", ""Virtual private networking VPN software"", ""Kronos Workforce Timekeeper"", ""Web browser software"", ""Hewlett Packard LoadRunner"", ""LSA Visual Easy Lean"", ""Splunk Enterprise"", ""Microsoft Visio""]",
Executive Secretaries and Executive Administrative Assistants,"Executive Secretaries and Executive Administrative Assistants. Core skills: Active Listening, Reading Comprehension, Speaking, Service Orientation, Writing, Coordination, Critical Thinking, Social Perceptiveness, Time Management, Active Learning, Judgment and Decision Making, Monitoring. Technology skills: Microsoft Dynamics, Oracle PeopleSoft, PRONTO Xi, SAP software, Facebook, Google Sites, LinkedIn, ProQuest RefWorks RefShare, Adobe Illustrator, Adobe Photoshop, Graphics software, JamBoard.",onet,43-6011.00,cloud_devops,"[""Active Listening"", ""Reading Comprehension"", ""Speaking"", ""Service Orientation"", ""Writing"", ""Coordination"", ""Critical Thinking"", ""Social Perceptiveness"", ""Time Management"", ""Active Learning"", ""Judgment and Decision Making"", ""Monitoring"", ""Negotiation"", ""Complex Problem Solving"", ""Instructing"", ""Learning Strategies"", ""Persuasion"", ""Mathematics"", ""Systems Analysis"", ""Systems Evaluation"", ""Management of Personnel Resources"", ""Quality Control Analysis"", ""Management of Material Resources"", ""Management of Financial Resources"", ""Programming"", ""Operations Monitoring"", ""Technology Design"", ""Operations Analysis"", ""Science"", ""Operation and Control"", ""Equipment Selection"", ""Repairing"", ""Equipment Maintenance"", ""Installation"", ""Troubleshooting""]","[""Microsoft Dynamics"", ""Oracle PeopleSoft"", ""PRONTO Xi"", ""SAP software"", ""Facebook"", ""Google Sites"", ""LinkedIn"", ""ProQuest RefWorks RefShare"", ""Adobe Illustrator"", ""Adobe Photoshop"", ""Graphics software"", ""JamBoard"", ""Cisco Webex"", ""Google Meet"", ""LogMeIn GoToMeeting"", ""Zoom"", ""Evernote"", ""Google Docs"", ""Microsoft OneNote"", ""Microsoft Word"", ""Airtable"", ""Database software"", ""Microsoft Access"", ""ProQuest RefWorks"", ""Intuit QuickBooks"", ""Sage 50 Accounting"", ""Sage Peachtree Premium Accounting for Manufacturing"", ""SAP Concur"", ""Adobe Acrobat"", ""Microsoft SharePoint"", ""Microsoft SharePoint Server"", ""Records management systems"", ""Corel WordPerfect Office Suite"", ""Google Workspace software"", ""Microsoft Office software"", ""Dropbox"", ""Google Drive"", ""Slack"", ""Human resource management software HRMS"", ""Questek Humanis"", ""Workflow International Deskflow Enterprise"", ""KAPES"", ""Micro Estimating FabPlan"", ""MTI Systems Costimator JS"", ""Apple Keynote"", ""Google Slides"", ""Microsoft PowerPoint"", ""Microsoft Project"", ""Microsoft Team Foundation Server"", ""Oracle Primavera Enterprise Project Portfolio Management"", ""PCC EHR"", ""PCC Pediatric Partner"", ""IBM Notes"", ""Microsoft Outlook"", ""Eko"", ""ParentSquare"", ""Adobe InDesign"", ""Microsoft Publisher"", ""LogMeIn GoToWebinar"", ""Slido interaction software"", ""Work Technology WorkTech Time"", ""Workbrain Time and Attendance"", ""Appointment scheduling software"", ""Workbrain Employee Scheduling"", ""Microsoft Excel"", ""Blackbaud The Raiser's Edge"", ""Aestiva Purchase Order"", ""Apple macOS"", ""Oracle E-Business Suite Financials"", ""Inetsoft"", ""Web browser software"", ""Fishbowl Warehouse"", ""Microsoft Visio"", ""LexisNexis"", ""Intrado SchoolMessenger""]",design
"Education Administrators, Kindergarten through Secondary","Education Administrators, Kindergarten through Secondary. Core skills: Speaking, Active Listening, Judgment and Decision Making, Learning Strategies, Critical Thinking, Reading Comprehension, Writing, Monitoring, Social Perceptiveness, Complex Problem Solving, Management of Personnel Resources, Systems Evaluation. Technology skills: Desmos, Geogebra, IBM SPSS Statistics, The MathWorks MATLAB, Microsoft Dynamics GP, NetSuite ERP, Thinc Technologies Virtual School, Wilcomp Software RenWeb, Blackboard software, Microsoft Access, School Attendance Keeper, Student information systems SIS software.",onet,11-9032.00,cloud_devops,"[""Speaking"", ""Active Listening"", ""Judgment and Decision Making"", ""Learning Strategies"", ""Critical Thinking"", ""Reading Comprehension"", ""Writing"", ""Monitoring"", ""Social Perceptiveness"", ""Complex Problem Solving"", ""Management of Personnel Resources"", ""Systems Evaluation"", ""Active Learning"", ""Coordination"", ""Instructing"", ""Negotiation"", ""Service Orientation"", ""Time Management"", ""Persuasion"", ""Systems Analysis"", ""Management of Financial Resources"", ""Management of Material Resources"", ""Mathematics"", ""Quality Control Analysis"", ""Operations Analysis"", ""Operations Monitoring"", ""Science"", ""Technology Design"", ""Programming"", ""Troubleshooting"", ""Operation and Control"", ""Equipment Selection"", ""Equipment Maintenance"", ""Installation"", ""Repairing""]","[""Desmos"", ""Geogebra"", ""IBM SPSS Statistics"", ""The MathWorks MATLAB"", ""Microsoft Dynamics GP"", ""NetSuite ERP"", ""Thinc Technologies Virtual School"", ""Wilcomp Software RenWeb"", ""Blackboard software"", ""Microsoft Access"", ""School Attendance Keeper"", ""Student information systems SIS software"", ""Common Curriculum"", ""Edulastic"", ""Rethink Ed"", ""Schoology"", ""Google Gmail"", ""Microsoft Outlook"", ""Bloomz"", ""ParentSquare"", ""Nearpod"", ""Seesaw"", ""Google Calendar"", ""Scheduling software"", ""Microsoft Excel"", ""Microsoft SharePoint"", ""IBM Domino"", ""Microsoft Publisher"", ""Microsoft Office software"", ""Google Drive"", ""Microsoft Word"", ""Apache Cassandra"", ""Human resource management software HRMS"", ""Web browser software"", ""Microsoft PowerPoint"", ""Google Classroom"", ""Intrado SchoolMessenger""]",data_science
"Education Administrators, Postsecondary","Education Administrators, Postsecondary. Core skills: Critical Thinking, Reading Comprehension, Active Listening, Instructing, Monitoring, Speaking, Time Management, Writing, Active Learning, Complex Problem Solving, Judgment and Decision Making, Learning Strategies. Technology skills: Microsoft Dynamics, Oracle PeopleSoft, SAP software, SunGard Higher Education Banner Unified Digital Campus, Blackboard software, Database software, Microsoft Access, Nolij Corporation Nolij Transfer, Adobe Dreamweaver, Facebook, Google Sites, Social media sites.",onet,11-9033.00,cloud_devops,"[""Critical Thinking"", ""Reading Comprehension"", ""Active Listening"", ""Instructing"", ""Monitoring"", ""Speaking"", ""Time Management"", ""Writing"", ""Active Learning"", ""Complex Problem Solving"", ""Judgment and Decision Making"", ""Learning Strategies"", ""Management of Personnel Resources"", ""Social Perceptiveness"", ""Coordination"", ""Negotiation"", ""Persuasion"", ""Service Orientation"", ""Systems Analysis"", ""Systems Evaluation"", ""Management of Financial Resources"", ""Management of Material Resources"", ""Mathematics"", ""Operations Monitoring"", ""Operations Analysis"", ""Technology Design"", ""Science"", ""Programming"", ""Quality Control Analysis"", ""Equipment Maintenance"", ""Equipment Selection"", ""Installation"", ""Operation and Control"", ""Repairing"", ""Troubleshooting""]","[""Microsoft Dynamics"", ""Oracle PeopleSoft"", ""SAP software"", ""SunGard Higher Education Banner Unified Digital Campus"", ""Blackboard software"", ""Database software"", ""Microsoft Access"", ""Nolij Corporation Nolij Transfer"", ""Adobe Dreamweaver"", ""Facebook"", ""Google Sites"", ""Social media sites"", ""Common Curriculum"", ""Instructure Canvas"", ""Moodle"", ""Schoology"", ""IBM SPSS Statistics"", ""Minitab"", ""SAS"", ""StataCorp Stata"", ""Mentimeter"", ""Microsoft PowerPoint"", ""Pear Deck"", ""Poll Everywhere"", ""Ellucian Degree Works"", ""Google Classroom"", ""Microsoft Project"", ""Fund accounting software"", ""Sage 50 Accounting"", ""Screencastify"", ""YouTube"", ""Google Docs"", ""Microsoft Word"", ""Microsoft Excel"", ""Microsoft Outlook"", ""Microsoft SharePoint"", ""Google Meet"", ""ParentSquare"", ""Microsoft Publisher"", ""Blackbaud The Raiser's Edge"", ""CollegeNET Schedule 25"", ""Microsoft Office software"", ""Google Drive"", ""GroupMe"", ""IBM Cognos Impromptu"", ""SAP BusinessObjects Crystal Reports"", ""Human resource management software HRMS"", ""Web browser software"", ""Hypertext markup language HTML"", ""Microsoft Visio"", ""Intrado SchoolMessenger""]",
"Secretaries and Administrative Assistants, Except Legal, Medical, and Executive","Secretaries and Administrative Assistants, Except Legal, Medical, and Executive. Core skills: Active Listening, Speaking, Reading Comprehension, Writing, Service Orientation, Time Management, Coordination, Monitoring, Critical Thinking, Judgment and Decision Making, Social Perceptiveness, Active Learning. Technology skills: Microsoft Dynamics, Oracle PeopleSoft, people@work, SAP software, Airtable, Blackboard software, Microsoft SQL Server, Yardi software, Cisco Webex, Google Meet, LogMeIn GoToMeeting, Zoom.",onet,43-6014.00,cloud_devops,"[""Active Listening"", ""Speaking"", ""Reading Comprehension"", ""Writing"", ""Service Orientation"", ""Time Management"", ""Coordination"", ""Monitoring"", ""Critical Thinking"", ""Judgment and Decision Making"", ""Social Perceptiveness"", ""Active Learning"", ""Complex Problem Solving"", ""Management of Personnel Resources"", ""Negotiation"", ""Persuasion"", ""Instructing"", ""Learning Strategies"", ""Mathematics"", ""Systems Analysis"", ""Systems Evaluation"", ""Operations Analysis"", ""Operations Monitoring"", ""Quality Control Analysis"", ""Management of Material Resources"", ""Management of Financial Resources"", ""Programming"", ""Technology Design"", ""Operation and Control"", ""Equipment Maintenance"", ""Equipment Selection"", ""Installation"", ""Repairing"", ""Science"", ""Troubleshooting""]","[""Microsoft Dynamics"", ""Oracle PeopleSoft"", ""people@work"", ""SAP software"", ""Airtable"", ""Blackboard software"", ""Microsoft SQL Server"", ""Yardi software"", ""Cisco Webex"", ""Google Meet"", ""LogMeIn GoToMeeting"", ""Zoom"", ""Apache Cassandra"", ""Apache Hadoop"", ""Apache Hive"", ""Teradata Database"", ""Intuit QuickBooks"", ""Sage 50 Accounting"", ""SAP Concur"", ""Tax software"", ""Adobe Creative Cloud software"", ""Adobe Illustrator"", ""Adobe Photoshop"", ""Canva"", ""Apple macOS"", ""Linux"", ""Microsoft Windows"", ""Oracle Solaris"", ""3M Post-it App"", ""Google Docs"", ""Microsoft OneNote"", ""Microsoft Word"", ""Adobe Dreamweaver"", ""Facebook"", ""Google Sites"", ""Social media sites"", ""IBM Cognos Impromptu"", ""MicroStrategy"", ""Oracle Business Intelligence Enterprise Edition"", ""Qlik Tech QlikView"", ""Atlassian Confluence"", ""Microsoft Project"", ""Microsoft Teams"", ""Oracle Primavera Enterprise Project Portfolio Management"", ""Apache Tomcat"", ""Drupal"", ""Hypertext markup language HTML"", ""Microsoft Active Server Pages ASP"", ""IBM Notes"", ""Microsoft Exchange"", ""Microsoft Outlook"", ""Adobe Acrobat"", ""Filing system software"", ""Microsoft SharePoint"", ""Dropbox"", ""Google Drive"", ""Slack"", ""ADP Workforce Now"", ""Human resource management software HRMS"", ""Oracle Taleo"", ""IBM SPSS Statistics"", ""Minitab"", ""SAS"", ""Apple Keynote"", ""Google Slides"", ""Microsoft PowerPoint"", ""Google Sheets"", ""Microsoft Excel"", ""ClassDojo"", ""Skype"", ""Adobe InDesign"", ""Microsoft Publisher"", ""Loom"", ""YouTube"", ""Blackbaud The Raiser's Edge"", ""Salesforce software"", ""Google Workspace software"", ""Microsoft Office software"", ""Delphi Technology"", ""Oracle E-Business Suite Financials"", ""McAfee"", ""NortonLifeLock cybersecurity software"", ""Kronos Workforce Timekeeper"", ""Timekeeping software"", ""Mozilla Firefox"", ""Web browser software"", ""Quest Erwin Data Modeler"", ""Medical procedure coding software"", ""Atlassian JIRA"", ""IBM Power Systems software"", ""Citrix cloud computing software"", ""Schoology"", ""Apache HTTP Server"", ""IBM InfoSphere DataStage"", ""LogMeIn GoToWebinar"", ""Customer information control system CICS"", ""Dictation software"", ""GroupMe"", ""SAP Crystal Reports"", ""Veritas NetBackup"", ""IBM WebSphere"", ""Data warehouse software"", ""Appointment scheduling software"", ""Microsoft Visio"", ""LexisNexis"", ""Intrado SchoolMessenger""]",computer_science
"Education Administrators, All Other","Education Administrators, All Other. Core skills: . Technology skills: .",onet,11-9039.00,cloud_devops,[],[],
Administrative Services Managers,"Administrative Services Managers. Core skills: Active Listening, Reading Comprehension, Time Management, Speaking, Coordination, Critical Thinking, Writing, Negotiation, Management of Personnel Resources, Monitoring, Complex Problem Solving, Judgment and Decision Making. Technology skills: Microsoft Dynamics, Oracle PeopleSoft, Sage MAS 200 ERP, SAP software, Google Docs, Microsoft Word, Database software, Microsoft Access, Sage 300 Construction and Real Estate, Yardi software, Email software, IBM Notes.",onet,11-3012.00,cloud_devops,"[""Active Listening"", ""Reading Comprehension"", ""Time Management"", ""Speaking"", ""Coordination"", ""Critical Thinking"", ""Writing"", ""Negotiation"", ""Management of Personnel Resources"", ""Monitoring"", ""Complex Problem Solving"", ""Judgment and Decision Making"", ""Service Orientation"", ""Social Perceptiveness"", ""Active Learning"", ""Systems Analysis"", ""Instructing"", ""Learning Strategies"", ""Persuasion"", ""Management of Financial Resources"", ""Management of Material Resources"", ""Operations Analysis"", ""Systems Evaluation"", ""Mathematics"", ""Operations Monitoring"", ""Quality Control Analysis"", ""Troubleshooting"", ""Operation and Control"", ""Technology Design"", ""Programming"", ""Equipment Selection"", ""Equipment Maintenance"", ""Installation"", ""Repairing"", ""Science""]","[""Microsoft Dynamics"", ""Oracle PeopleSoft"", ""Sage MAS 200 ERP"", ""SAP software"", ""Google Docs"", ""Microsoft Word"", ""Database software"", ""Microsoft Access"", ""Sage 300 Construction and Real Estate"", ""Yardi software"", ""Email software"", ""IBM Notes"", ""MicroFocus GroupWise"", ""Microsoft Outlook"", ""Fund accounting software"", ""Intuit QuickBooks"", ""Sage 50 Accounting"", ""ADP Enterprise HR"", ""ADP Workforce Now"", ""Human resource management software HRMS"", ""IBM SPSS Statistics"", ""Minitab"", ""SAS"", ""Medical procedure coding software"", ""PracticeWorks Systems Kodak WINOMS CS"", ""Adobe Acrobat"", ""Microsoft SharePoint"", ""Adobe PageMaker"", ""Microsoft Publisher"", ""Microsoft Internet Explorer"", ""Web browser software"", ""Microsoft Project"", ""Oracle Primavera Enterprise Project Portfolio Management"", ""Microsoft Excel"", ""Atlassian JIRA"", ""IBM Power Systems software"", ""Blackbaud The Raiser's Edge"", ""Microsoft Office software"", ""Google Drive"", ""Microsoft Windows XP"", ""Teradata Database"", ""GroupMe"", ""Delphi Technology"", ""Autodesk AutoCAD"", ""SAP BusinessObjects Crystal Reports"", ""R"", ""Microsoft PowerPoint"", ""LinkedIn"", ""Supervisory control and data acquisition SCADA software"", ""Microsoft Visio"", ""LexisNexis""]",
First-Line Supervisors of Office and Administrative Support Workers,"First-Line Supervisors of Office and Administrative Support Workers. Core skills: Active Listening, Coordination, Monitoring, Reading Comprehension, Social Perceptiveness, Speaking, Critical Thinking, Active Learning, Instructing, Judgment and Decision Making, Management of Personnel Resources, Time Management. Technology skills: Microsoft Dynamics, Oracle Fusion Applications, Oracle PeopleSoft, SAP software, Blackboard software, Microsoft Access, Oracle Database, Yardi software, Fund accounting software, Intuit QuickBooks, Quicken, Sage 50 Accounting.",onet,43-1011.00,cloud_devops,"[""Active Listening"", ""Coordination"", ""Monitoring"", ""Reading Comprehension"", ""Social Perceptiveness"", ""Speaking"", ""Critical Thinking"", ""Active Learning"", ""Instructing"", ""Judgment and Decision Making"", ""Management of Personnel Resources"", ""Time Management"", ""Writing"", ""Learning Strategies"", ""Negotiation"", ""Persuasion"", ""Service Orientation"", ""Complex Problem Solving"", ""Systems Evaluation"", ""Systems Analysis"", ""Quality Control Analysis"", ""Management of Material Resources"", ""Mathematics"", ""Management of Financial Resources"", ""Operations Analysis"", ""Operations Monitoring"", ""Troubleshooting"", ""Programming"", ""Technology Design"", ""Operation and Control"", ""Equipment Maintenance"", ""Equipment Selection"", ""Installation"", ""Repairing"", ""Science""]","[""Microsoft Dynamics"", ""Oracle Fusion Applications"", ""Oracle PeopleSoft"", ""SAP software"", ""Blackboard software"", ""Microsoft Access"", ""Oracle Database"", ""Yardi software"", ""Fund accounting software"", ""Intuit QuickBooks"", ""Quicken"", ""Sage 50 Accounting"", ""Henry Schein Dentrix"", ""Medical condition coding software"", ""Medical procedure coding software"", ""MEDITECH software"", ""Contract management software"", ""HCSS HeavyJob"", ""Microsoft Project"", ""Microsoft Teams"", ""IBM Cognos Impromptu"", ""MicroStrategy"", ""Qlik Tech QlikView"", ""Tableau"", ""IBM Notes"", ""Microsoft Exchange"", ""Microsoft Outlook"", ""Adobe Acrobat"", ""Document management system software"", ""Microsoft SharePoint"", ""Loom"", ""Screencastify"", ""YouTube"", ""Blackbaud The Raiser's Edge"", ""Oracle Eloqua"", ""Salesforce software"", ""Dropbox"", ""Google Drive"", ""Slack"", ""Apple macOS"", ""Handheld computer device software"", ""Microsoft Windows"", ""Evernote"", ""Google Docs"", ""Microsoft Word"", ""ADP Workforce Now"", ""Human resource management software HRMS"", ""Oracle Taleo"", ""Microsoft Internet Explorer"", ""Mozilla Firefox"", ""Web browser software"", ""JamBoard"", ""SmugMug Flickr"", ""Delphi Technology"", ""Oracle E-Business Suite Financials"", ""IBM SPSS Statistics"", ""Minitab"", ""Facebook"", ""Social media sites"", ""Microsoft Excel"", ""Citrix cloud computing software"", ""Padlet"", ""LogMeIn GoToMeeting"", ""IBM Domino"", ""Microsoft Publisher"", ""Microsoft Office software"", ""GroupMe"", ""NortonLifeLock cybersecurity software"", ""SAP Crystal Reports"", ""Nearpod"", ""Payroll software"", ""Microsoft PowerPoint"", ""Work scheduling software"", ""Microsoft Visio"", ""LexisNexis""]",
"Education and Childcare Administrators, Preschool and Daycare","Education and Childcare Administrators, Preschool and Daycare. Core skills: Active Listening, Coordination, Critical Thinking, Monitoring, Reading Comprehension, Speaking, Complex Problem Solving, Instructing, Judgment and Decision Making, Service Orientation, Social Perceptiveness, Management of Personnel Resources. Technology skills: Intuit QuickBooks, Quicken, Bloomz, ParentSquare, Tadpoles, ACS Technologies HeadMaster, B&I Computer Consultants Childcare Sage, SofterWare EZ-CARE2, The Gallagher Group DataCare, Microsoft Excel, Microsoft Outlook, Microsoft Publisher.",onet,11-9031.00,cloud_devops,"[""Active Listening"", ""Coordination"", ""Critical Thinking"", ""Monitoring"", ""Reading Comprehension"", ""Speaking"", ""Complex Problem Solving"", ""Instructing"", ""Judgment and Decision Making"", ""Service Orientation"", ""Social Perceptiveness"", ""Management of Personnel Resources"", ""Time Management"", ""Writing"", ""Learning Strategies"", ""Negotiation"", ""Active Learning"", ""Persuasion"", ""Management of Financial Resources"", ""Management of Material Resources"", ""Systems Analysis"", ""Systems Evaluation"", ""Mathematics"", ""Quality Control Analysis"", ""Operations Analysis"", ""Troubleshooting"", ""Operations Monitoring"", ""Technology Design"", ""Operation and Control"", ""Programming"", ""Science"", ""Equipment Maintenance"", ""Equipment Selection"", ""Installation"", ""Repairing""]","[""Intuit QuickBooks"", ""Quicken"", ""Bloomz"", ""ParentSquare"", ""Tadpoles"", ""ACS Technologies HeadMaster"", ""B&I Computer Consultants Childcare Sage"", ""SofterWare EZ-CARE2"", ""The Gallagher Group DataCare"", ""Microsoft Excel"", ""Microsoft Outlook"", ""Microsoft Publisher"", ""Microsoft Office software"", ""Microsoft Word"", ""GroupMe"", ""Web browser software"", ""Microsoft PowerPoint"", ""Auburn Software Debit Square""]",business
Web Administrators,"Web Administrators. Core skills: Critical Thinking, Reading Comprehension, Active Listening, Complex Problem Solving, Judgment and Decision Making, Monitoring, Systems Evaluation, Speaking, Systems Analysis, Writing, Active Learning, Programming. Technology skills: AJAX, Apache Tomcat, Cascading style sheets CSS, jQuery, Microsoft PowerPoint, Microsoft .NET Framework, Microsoft Azure software, Microsoft Visual Basic Scripting Edition VBScript, Microsoft Visual Studio, Linux, Red Hat Enterprise Linux, Shell script.",onet,15-1299.01,web_development,"[""Critical Thinking"", ""Reading Comprehension"", ""Active Listening"", ""Complex Problem Solving"", ""Judgment and Decision Making"", ""Monitoring"", ""Systems Evaluation"", ""Speaking"", ""Systems Analysis"", ""Writing"", ""Active Learning"", ""Programming"", ""Quality Control Analysis"", ""Coordination"", ""Instructing"", ""Learning Strategies"", ""Time Management"", ""Service Orientation"", ""Social Perceptiveness"", ""Operations Analysis"", ""Management of Personnel Resources"", ""Negotiation"", ""Persuasion"", ""Troubleshooting"", ""Operations Monitoring"", ""Technology Design"", ""Mathematics"", ""Science"", ""Management of Financial Resources"", ""Management of Material Resources"", ""Equipment Selection"", ""Operation and Control"", ""Installation"", ""Equipment Maintenance"", ""Repairing""]","[""AJAX"", ""Apache Tomcat"", ""Cascading style sheets CSS"", ""jQuery"", ""Microsoft PowerPoint"", ""Microsoft .NET Framework"", ""Microsoft Azure software"", ""Microsoft Visual Basic Scripting Edition VBScript"", ""Microsoft Visual Studio"", ""Linux"", ""Red Hat Enterprise Linux"", ""Shell script"", ""UNIX"", ""Adobe Dreamweaver"", ""Microsoft FrontPage"", ""Salesforce Marketing Cloud"", ""WordPress"", ""Microsoft Virtual Server"", ""Oracle WebLogic Server"", ""Red Hat WildFly"", ""VMWare ESX Server"", ""Microsoft ActiveX"", ""Oracle Java"", ""Perl"", ""Python"", ""Amazon Web Services AWS software"", ""Microsoft SQL Server"", ""MySQL"", ""Structured query language SQL"", ""Adobe Creative Cloud software"", ""Adobe Illustrator"", ""Adobe Photoshop"", ""Corel CorelDraw Graphics Suite"", ""Customer information control system CICS"", ""IBM Middleware"", ""Microsoft Internet Information Services (IIS)"", ""Microsoft Internet Information Services (IIS) Manager"", ""Common gateway interface CGI"", ""Extensible markup language XML"", ""Extensible stylesheet language XSL"", ""Oracle Fusion Middleware"", ""Adobe Acrobat"", ""Microsoft SharePoint"", ""Microsoft SharePoint Server"", ""Berkeley Internet Domain Name BIND"", ""Microsoft Active Directory"", ""Microsoft DNS Server"", ""Google Analytics"", ""SAS"", ""WebTrends Analytics"", ""Apple Safari"", ""Microsoft Internet Explorer"", ""Mozilla Firefox"", ""OpenText Livelink ECM"", ""Vignette Content Management"", ""Email software"", ""Microsoft Exchange"", ""Adobe InDesign"", ""Adobe PageMaker"", ""Adobe Director"", ""Sorenson Media Sorenson Squeeze"", ""Firewall software"", ""Juniper Networks NetScreen-Security Manager"", ""IBM WebSphere"", ""IBM WebSphere MQ"", ""Microsoft Project"", ""Oracle Primavera Enterprise Project Portfolio Management"", ""Router software"", ""Switch software"", ""Microsoft Excel"", ""Citrix cloud computing software"", ""PostgreSQL"", ""Oracle Fusion Applications"", ""Vignette Portal"", ""CA SiteMinder"", ""Microsoft Office software"", ""Microsoft Word"", ""Oracle Business Intelligence Enterprise Edition"", ""Google Ads"", ""Sony Sound Forge"", ""Storage area network SAN software"", ""Microsoft Visio""]",computer_science
Search Marketing Strategists,"Search Marketing Strategists. Core skills: Complex Problem Solving, Reading Comprehension, Active Learning, Active Listening, Critical Thinking, Judgment and Decision Making, Speaking, Writing, Monitoring, Systems Analysis, Systems Evaluation, Coordination. Technology skills: AJAX, Cascading style sheets CSS, Microsoft ASP.NET, PHP, Adobe Photoshop, JamBoard, Google Looker Analytics, IBM Digital Analytics, Searchmetrics Suite, Tableau, Microsoft Access, Microsoft SQL Server.",onet,13-1161.01,web_development,"[""Complex Problem Solving"", ""Reading Comprehension"", ""Active Learning"", ""Active Listening"", ""Critical Thinking"", ""Judgment and Decision Making"", ""Speaking"", ""Writing"", ""Monitoring"", ""Systems Analysis"", ""Systems Evaluation"", ""Coordination"", ""Persuasion"", ""Instructing"", ""Time Management"", ""Negotiation"", ""Service Orientation"", ""Social Perceptiveness"", ""Learning Strategies"", ""Mathematics"", ""Programming"", ""Management of Personnel Resources"", ""Technology Design"", ""Management of Financial Resources"", ""Operations Analysis"", ""Operations Monitoring"", ""Management of Material Resources"", ""Quality Control Analysis"", ""Science"", ""Troubleshooting"", ""Equipment Maintenance"", ""Equipment Selection"", ""Installation"", ""Operation and Control"", ""Repairing""]","[""AJAX"", ""Cascading style sheets CSS"", ""Microsoft ASP.NET"", ""PHP"", ""Adobe Photoshop"", ""JamBoard"", ""Google Looker Analytics"", ""IBM Digital Analytics"", ""Searchmetrics Suite"", ""Tableau"", ""Microsoft Access"", ""Microsoft SQL Server"", ""Online databases"", ""Structured query language SQL"", ""Google Ads"", ""Google Tag Manager"", ""HubSpot software"", ""Marketo Marketing Automation"", ""Adobe Dreamweaver"", ""Facebook"", ""Google Webmaster Tools"", ""WordPress"", ""Email software"", ""Microsoft Outlook"", ""Yahoo! Email"", ""Apache Solr"", ""Elasticsearch"", ""MySQL"", ""Customer information databases"", ""Oracle Eloqua"", ""Twitter"", ""WhatsApp"", ""Oracle Java"", ""Python"", ""Microsoft Excel"", ""Open Source Matters Joomla!"", ""Microsoft Dynamics"", ""YouTube"", ""Microsoft Office software"", ""Microsoft Word"", ""Adobe Analytics"", ""Web browser software"", ""Microsoft PowerPoint"", ""Google Analytics"", ""Microsoft Project"", ""Microsoft Visio"", ""Pinterest""]",computer_science
Online Merchants,"Online Merchants. Core skills: Reading Comprehension, Active Listening, Critical Thinking, Speaking, Persuasion, Service Orientation, Writing, Judgment and Decision Making, Monitoring, Negotiation, Social Perceptiveness, Complex Problem Solving. Technology skills: AJAX, Hypertext markup language HTML, JavaScript, PHP, Adobe Photoshop, JamBoard, CCBill, PayPal, Snorasson Holdings CCNow, Square, Adobe Dreamweaver, Content management systems CMS.",onet,13-1199.06,web_development,"[""Reading Comprehension"", ""Active Listening"", ""Critical Thinking"", ""Speaking"", ""Persuasion"", ""Service Orientation"", ""Writing"", ""Judgment and Decision Making"", ""Monitoring"", ""Negotiation"", ""Social Perceptiveness"", ""Complex Problem Solving"", ""Coordination"", ""Mathematics"", ""Active Learning"", ""Management of Financial Resources"", ""Time Management"", ""Management of Material Resources"", ""Management of Personnel Resources"", ""Systems Analysis"", ""Systems Evaluation"", ""Learning Strategies"", ""Programming"", ""Instructing"", ""Operations Analysis"", ""Operations Monitoring"", ""Technology Design"", ""Quality Control Analysis"", ""Equipment Selection"", ""Operation and Control"", ""Repairing"", ""Science"", ""Installation"", ""Troubleshooting"", ""Equipment Maintenance""]","[""AJAX"", ""Hypertext markup language HTML"", ""JavaScript"", ""PHP"", ""Adobe Photoshop"", ""JamBoard"", ""CCBill"", ""PayPal"", ""Snorasson Holdings CCNow"", ""Square"", ""Adobe Dreamweaver"", ""Content management systems CMS"", ""Facebook"", ""WordPress"", ""Bing Ads"", ""Google Ads"", ""Search engine marketing SEM software"", ""Webtrends software"", ""Microsoft Access"", ""Microsoft SQL Server"", ""Search engine results pages SERP software"", ""Structured query language SQL"", ""Financial accounting software"", ""Intuit QuickBooks"", ""Tax software"", ""Apple macOS"", ""Linux"", ""Microsoft Windows"", ""Apache Solr"", ""MySQL"", ""Relational database management software"", ""C#"", ""jQuery"", ""Oracle Java"", ""Microsoft .NET Framework"", ""Microsoft Visual Studio"", ""Screencast-O-Matic"", ""YouTube"", ""Extensible markup language XML"", ""IBM InfoSphere DataStage"", ""IBM Digital Analytics"", ""Search engine optimization SEO software"", ""Bing for Power BI"", ""Google Analytics"", ""Microsoft Excel"", ""Microsoft Outlook"", ""NetSuite ERP"", ""IBM Domino"", ""Microsoft Dynamics"", ""Microsoft Office software"", ""Microsoft Word"", ""Twitter"", ""Web browser software"", ""Shipment processing software"", ""Microsoft PowerPoint"", ""IBM WebSphere"", ""Microsoft Project"", ""Inventory tracking software"", ""Mobile application software"", ""Microsoft Visio""]",web_development
Special Effects Artists and Animators,"Special Effects Artists and Animators. Core skills: Active Listening, Critical Thinking, Reading Comprehension, Speaking, Active Learning, Judgment and Decision Making, Writing, Complex Problem Solving, Monitoring, Time Management, Coordination, Learning Strategies. Technology skills: Adobe Creative Cloud software, Adobe Illustrator, Canva, Trimble SketchUp Pro, Adobe After Effects, Apple Final Cut Pro, Pixar RenderMan Studio, YouTube, Adobe ActionScript, C, Unity Technologies Unity, XML User Interface XUI.",onet,27-1014.00,web_development,"[""Active Listening"", ""Critical Thinking"", ""Reading Comprehension"", ""Speaking"", ""Active Learning"", ""Judgment and Decision Making"", ""Writing"", ""Complex Problem Solving"", ""Monitoring"", ""Time Management"", ""Coordination"", ""Learning Strategies"", ""Persuasion"", ""Social Perceptiveness"", ""Systems Analysis"", ""Instructing"", ""Service Orientation"", ""Systems Evaluation"", ""Negotiation"", ""Management of Personnel Resources"", ""Operation and Control"", ""Mathematics"", ""Operations Analysis"", ""Programming"", ""Operations Monitoring"", ""Equipment Selection"", ""Management of Financial Resources"", ""Management of Material Resources"", ""Technology Design"", ""Quality Control Analysis"", ""Science"", ""Troubleshooting"", ""Equipment Maintenance"", ""Installation"", ""Repairing""]","[""Adobe Creative Cloud software"", ""Adobe Illustrator"", ""Canva"", ""Trimble SketchUp Pro"", ""Adobe After Effects"", ""Apple Final Cut Pro"", ""Pixar RenderMan Studio"", ""YouTube"", ""Adobe ActionScript"", ""C"", ""Unity Technologies Unity"", ""XML User Interface XUI"", ""AJAX"", ""Cascading style sheets CSS"", ""Hypertext markup language HTML"", ""PHP"", ""Autodesk 3ds Max Design"", ""Autodesk AutoCAD Civil 3D"", ""AutoDesSys form Z"", ""solidThinking"", ""C++"", ""jQuery"", ""Object-oriented programming languages"", ""Python"", ""Apple macOS"", ""Microsoft Windows"", ""UNIX"", ""Adobe Dreamweaver"", ""Google Sites"", ""Social media sites"", ""Adobe InDesign"", ""QuarkXPress"", ""Microsoft Excel"", ""Perforce Helix software"", ""Adobe Acrobat"", ""Extensible markup language XML"", ""Microsoft Office software"", ""Microsoft Word"", ""Figma"", ""Microsoft PowerPoint"", ""Microsoft Visio""]",design
Writers and Authors,"Writers and Authors. Core skills: Writing, Reading Comprehension, Active Listening, Speaking, Critical Thinking, Time Management, Active Learning, Coordination, Persuasion, Social Perceptiveness, Judgment and Decision Making, Service Orientation. Technology skills: Adobe After Effects, Flipgrid, TikTok, YouTube, Adobe Dreamweaver, Facebook, Web content management system CMS software, WordPress, Adobe Creative Cloud software, Adobe Illustrator, Adobe Photoshop, Canva.",onet,27-3043.00,web_development,"[""Writing"", ""Reading Comprehension"", ""Active Listening"", ""Speaking"", ""Critical Thinking"", ""Time Management"", ""Active Learning"", ""Coordination"", ""Persuasion"", ""Social Perceptiveness"", ""Judgment and Decision Making"", ""Service Orientation"", ""Complex Problem Solving"", ""Monitoring"", ""Instructing"", ""Negotiation"", ""Learning Strategies"", ""Management of Personnel Resources"", ""Systems Evaluation"", ""Systems Analysis"", ""Technology Design"", ""Programming"", ""Quality Control Analysis"", ""Mathematics"", ""Operations Analysis"", ""Management of Financial Resources"", ""Management of Material Resources"", ""Science"", ""Equipment Maintenance"", ""Equipment Selection"", ""Installation"", ""Operation and Control"", ""Operations Monitoring"", ""Repairing"", ""Troubleshooting""]","[""Adobe After Effects"", ""Flipgrid"", ""TikTok"", ""YouTube"", ""Adobe Dreamweaver"", ""Facebook"", ""Web content management system CMS software"", ""WordPress"", ""Adobe Creative Cloud software"", ""Adobe Illustrator"", ""Adobe Photoshop"", ""Canva"", ""Adobe Persuasion"", ""Corel Presentation"", ""Google Slides"", ""Microsoft PowerPoint"", ""Adobe InDesign"", ""Campaign Monitor"", ""QuarkXPress"", ""Asana"", ""Google Drive"", ""Slack"", ""Drupal"", ""Hypertext markup language HTML"", ""PHP"", ""Microsoft Outlook"", ""SendGrid"", ""Adobe Acrobat"", ""Microsoft SharePoint"", ""Eko"", ""ParentSquare"", ""Google Workspace software"", ""Microsoft Office software"", ""Google Docs"", ""Microsoft Word"", ""Google Ads"", ""HubSpot software"", ""FileMaker Pro"", ""Microsoft Access"", ""Microsoft Excel"", ""Blackbaud The Raiser's Edge"", ""MySQL"", ""Figma"", ""Twitter"", ""Google Analytics"", ""Microsoft Project"", ""Chatbot software""]",design
"Food Servers, Nonrestaurant","Food Servers, Nonrestaurant. Core skills: Active Listening, Service Orientation, Speaking, Coordination, Critical Thinking, Reading Comprehension, Social Perceptiveness, Time Management, Judgment and Decision Making, Monitoring, Management of Personnel Resources, Complex Problem Solving. Technology skills: Microsoft Outlook, CBORD Nutrition Service Suite, Picis CareSuite, Capital Codeworks MenuMax, Microsoft Office software, Microsoft Windows, Facebook.",onet,35-3041.00,web_development,"[""Active Listening"", ""Service Orientation"", ""Speaking"", ""Coordination"", ""Critical Thinking"", ""Reading Comprehension"", ""Social Perceptiveness"", ""Time Management"", ""Judgment and Decision Making"", ""Monitoring"", ""Management of Personnel Resources"", ""Complex Problem Solving"", ""Instructing"", ""Negotiation"", ""Operations Monitoring"", ""Persuasion"", ""Quality Control Analysis"", ""Active Learning"", ""Learning Strategies"", ""Mathematics"", ""Operation and Control"", ""Systems Analysis"", ""Systems Evaluation"", ""Troubleshooting"", ""Writing"", ""Management of Financial Resources"", ""Management of Material Resources"", ""Technology Design"", ""Operations Analysis"", ""Equipment Maintenance"", ""Equipment Selection"", ""Programming"", ""Installation"", ""Repairing"", ""Science""]","[""Microsoft Outlook"", ""CBORD Nutrition Service Suite"", ""Picis CareSuite"", ""Capital Codeworks MenuMax"", ""Microsoft Office software"", ""Microsoft Windows"", ""Facebook""]",
"Production Workers, All Other","Production Workers, All Other. Core skills: . Technology skills: .",onet,51-9199.00,web_development,[],[],
Information Technology Project Managers,"Information Technology Project Managers. Core skills: Critical Thinking, Active Listening, Coordination, Reading Comprehension, Time Management, Writing, Management of Personnel Resources, Speaking, Systems Analysis, Judgment and Decision Making, Monitoring, Systems Evaluation. Technology skills: Atlassian Confluence, Atlassian JIRA, Microsoft Teams, Oracle Primavera Enterprise Project Portfolio Management, Apache Kafka, Apache Maven, Microsoft Team Foundation Server, Oracle Java 2 Platform Enterprise Edition J2EE, Airtable, IBM DB2, ServiceNow, Transact-SQL.",onet,15-1299.09,web_development,"[""Critical Thinking"", ""Active Listening"", ""Coordination"", ""Reading Comprehension"", ""Time Management"", ""Writing"", ""Management of Personnel Resources"", ""Speaking"", ""Systems Analysis"", ""Judgment and Decision Making"", ""Monitoring"", ""Systems Evaluation"", ""Active Learning"", ""Complex Problem Solving"", ""Negotiation"", ""Social Perceptiveness"", ""Service Orientation"", ""Instructing"", ""Management of Financial Resources"", ""Management of Material Resources"", ""Persuasion"", ""Learning Strategies"", ""Mathematics"", ""Quality Control Analysis"", ""Operations Analysis"", ""Operations Monitoring"", ""Programming"", ""Science"", ""Technology Design"", ""Troubleshooting"", ""Operation and Control"", ""Equipment Maintenance"", ""Equipment Selection"", ""Installation"", ""Repairing""]","[""Atlassian Confluence"", ""Atlassian JIRA"", ""Microsoft Teams"", ""Oracle Primavera Enterprise Project Portfolio Management"", ""Apache Kafka"", ""Apache Maven"", ""Microsoft Team Foundation Server"", ""Oracle Java 2 Platform Enterprise Edition J2EE"", ""Airtable"", ""IBM DB2"", ""ServiceNow"", ""Transact-SQL"", ""Django"", ""Google Angular"", ""React"", ""Spring Framework"", ""Microsoft Dynamics"", ""Oracle PeopleSoft"", ""SAP ERP"", ""SAP software"", ""Bash"", ""Microsoft Windows Server"", ""Red Hat Enterprise Linux"", ""UNIX Shell"", ""Amazon DynamoDB"", ""Apache Hive"", ""Elasticsearch"", ""Oracle PL/SQL"", ""C#"", ""jQuery"", ""Scala"", ""Swift"", ""Docker"", ""GitHub"", ""Red Hat OpenShift"", ""Spring Boot"", ""Apache Spark"", ""IBM Cognos Impromptu"", ""Oracle Business Intelligence Enterprise Edition"", ""Tableau"", ""MatchWare MindView"", ""MindGenius"", ""MPI Micro Planner X-Pert"", ""NovaMind Merlin Project Manager"", ""Adobe Creative Cloud software"", ""Adobe Illustrator"", ""JamBoard"", ""Trimble SketchUp Pro"", ""Extensible markup language XML"", ""IBM InfoSphere DataStage"", ""Microsoft SQL Server Integration Services SSIS"", ""Oracle Fusion Middleware"", ""IBM SPSS Statistics"", ""Minitab"", ""SAS"", ""The MathWorks MATLAB"", ""Chef"", ""IBM Software Configuration and Library Manager SCLM"", ""Perforce Helix software"", ""Puppet"", ""Adobe Acrobat"", ""Document management system software"", ""Microsoft SharePoint"", ""O3spaces Workplace"", ""Apache Subversion SVN"", ""Continuous integration software"", ""Git"", ""Version control software"", ""Glasscubes"", ""Google Drive"", ""Slack"", ""Wrike"", ""3M Post-it App"", ""Google Docs"", ""Microsoft OneNote"", ""Microsoft Word"", ""IBM Notes"", ""Microsoft Exchange"", ""Microsoft Outlook"", ""Cisco Webex"", ""Google Meet"", ""LogMeIn GoToMeeting"", ""Blackbaud The Raiser's Edge"", ""Oracle Eloqua"", ""Salesforce software"", ""Autodesk AutoCAD"", ""Autodesk Revit"", ""Dassault Systemes CATIA"", ""Hewlett Packard LoadRunner"", ""JUnit"", ""Selenium"", ""IBM WebSphere"", ""IBM WebSphere MQ"", ""Splunk Enterprise"", ""ESRI ArcGIS software"", ""Geographic information system GIS software"", ""Epic Systems"", ""Healthcare common procedure coding system HCPCS"", ""IBM Power Systems software"", ""Kforge"", ""Nagios"", ""Wireshark"", ""Hibernate ORM"", ""PostgreSQL"", ""Blackboard software"", ""Edulastic"", ""Adobe InDesign"", ""Microsoft Publisher"", ""Apple Final Cut Pro"", ""Screencast-O-Matic"", ""Delphi Technology"", ""Oracle E-Business Suite Financials"", ""Google Ads"", ""Marketo Marketing Automation"", ""McAfee"", ""NortonLifeLock cybersecurity software"", ""Microsoft SQL Server Reporting Services SSRS"", ""SAP Crystal Reports"", ""Human resource management software HRMS"", ""Oracle Taleo"", ""Adobe Dreamweaver"", ""Facebook"", ""Microsoft Excel"", ""Quest Erwin Data Modeler"", ""Tax software"", ""Citrix cloud computing software"", ""Ansible software"", ""Resource management software"", ""VMware"", ""Skype"", ""IBM Domino"", ""Apache HTTP Server"", ""Virtual private networking VPN software"", ""Customer information control system CICS"", ""Microsoft Office software"", ""Salesforce Visualforce"", ""Voice over internet protocol VoIP system software"", ""Veritas NetBackup"", ""Microsoft PowerPoint"", ""Google Analytics"", ""Unified modeling language UML"", ""Scheduling software"", ""Supervisory control and data acquisition SCADA software"", ""Microsoft Visio"", ""LexisNexis""]",computer_science
Editors,"Editors. Core skills: Reading Comprehension, Writing, Active Listening, Critical Thinking, Speaking, Time Management, Quality Control Analysis, Active Learning, Complex Problem Solving, Judgment and Decision Making, Social Perceptiveness, Systems Analysis. Technology skills: AutoCrit Editing Wizard, Google Docs, Microsoft Word, Orpheus Technology Pro Writing Aid, Adobe Dreamweaver, CCI NewsGate, Facebook, WordPress, Adobe FrameMaker, Adobe InDesign, Microsoft Publisher, QuarkXPress.",onet,27-3041.00,web_development,"[""Reading Comprehension"", ""Writing"", ""Active Listening"", ""Critical Thinking"", ""Speaking"", ""Time Management"", ""Quality Control Analysis"", ""Active Learning"", ""Complex Problem Solving"", ""Judgment and Decision Making"", ""Social Perceptiveness"", ""Systems Analysis"", ""Coordination"", ""Instructing"", ""Management of Personnel Resources"", ""Monitoring"", ""Negotiation"", ""Persuasion"", ""Learning Strategies"", ""Service Orientation"", ""Systems Evaluation"", ""Mathematics"", ""Operations Analysis"", ""Operations Monitoring"", ""Programming"", ""Technology Design"", ""Management of Financial Resources"", ""Management of Material Resources"", ""Operation and Control"", ""Equipment Maintenance"", ""Equipment Selection"", ""Installation"", ""Repairing"", ""Science"", ""Troubleshooting""]","[""AutoCrit Editing Wizard"", ""Google Docs"", ""Microsoft Word"", ""Orpheus Technology Pro Writing Aid"", ""Adobe Dreamweaver"", ""CCI NewsGate"", ""Facebook"", ""WordPress"", ""Adobe FrameMaker"", ""Adobe InDesign"", ""Microsoft Publisher"", ""QuarkXPress"", ""Adobe After Effects"", ""Apple Final Cut Pro"", ""Avid Technology Media Composer"", ""YouTube"", ""Cascading style sheets CSS"", ""Drupal"", ""Extensible hypertext markup language XHTML"", ""Hypertext markup language HTML"", ""Adobe Creative Cloud software"", ""Adobe Illustrator"", ""Adobe Photoshop"", ""Adobe Acrobat"", ""Microsoft SharePoint"", ""Adobe Captivate"", ""InScribe"", ""Apple iWork Keynote"", ""Microsoft PowerPoint"", ""FileMaker Pro"", ""Style guide databases"", ""Microsoft Excel"", ""Microsoft Outlook"", ""Polycom RealPresence"", ""Extensible markup language XML"", ""Microsoft Office software"", ""Google Drive"", ""Apple macOS"", ""Twitter"", ""Web browser software"", ""File transfer protocol FTP software"", ""Google Analytics"", ""Microsoft Project"", ""Microsoft Visio"", ""LexisNexis""]",
Printing Press Operators,"Printing Press Operators. Core skills: Quality Control Analysis, Operations Monitoring, Monitoring, Operation and Control, Active Listening, Critical Thinking, Equipment Maintenance, Judgment and Decision Making, Reading Comprehension, Repairing, Speaking, Time Management. Technology skills: Adobe Illustrator, Adobe Photoshop, Graphics software, Image editing software, Adobe InDesign, Adobe PageMaker, Enfocus PitStop Pro, QuarkXPress, Adobe Acrobat, Adobe LifeCycle Production Print ES3, Xerox FreeFlow Print Server, Electronics for Imaging EFI Monarch.",onet,51-5112.00,web_development,"[""Quality Control Analysis"", ""Operations Monitoring"", ""Monitoring"", ""Operation and Control"", ""Active Listening"", ""Critical Thinking"", ""Equipment Maintenance"", ""Judgment and Decision Making"", ""Reading Comprehension"", ""Repairing"", ""Speaking"", ""Time Management"", ""Troubleshooting"", ""Complex Problem Solving"", ""Coordination"", ""Active Learning"", ""Social Perceptiveness"", ""Equipment Selection"", ""Persuasion"", ""Writing"", ""Instructing"", ""Systems Analysis"", ""Systems Evaluation"", ""Learning Strategies"", ""Management of Material Resources"", ""Management of Personnel Resources"", ""Mathematics"", ""Service Orientation"", ""Negotiation"", ""Management of Financial Resources"", ""Operations Analysis"", ""Programming"", ""Technology Design"", ""Installation"", ""Science""]","[""Adobe Illustrator"", ""Adobe Photoshop"", ""Graphics software"", ""Image editing software"", ""Adobe InDesign"", ""Adobe PageMaker"", ""Enfocus PitStop Pro"", ""QuarkXPress"", ""Adobe Acrobat"", ""Adobe LifeCycle Production Print ES3"", ""Xerox FreeFlow Print Server"", ""Electronics for Imaging EFI Monarch"", ""Electronics for Imaging EFI Pace"", ""SAP software"", ""Email software"", ""Microsoft Outlook"", ""Printers Software Inc. Presidio"", ""Printing management system software"", ""Microsoft Excel"", ""Microsoft Office software"", ""Squeegee"", ""Microsoft Word"", ""Xerox ProfitQuick"", ""Job tracking software"", ""Job scheduling software"", ""Inventory tracking software"", ""AABACH Graphic Systems DIGRA""]",design
Fishing and Hunting Workers,"Fishing and Hunting Workers. Core skills: Coordination, Critical Thinking, Judgment and Decision Making, Speaking, Monitoring, Time Management, Active Listening, Complex Problem Solving, Instructing, Learning Strategies, Reading Comprehension, Equipment Maintenance. Technology skills: Microsoft Excel, MaxSea TIMEZERO, P-Sea WindPlot, Signet Nobeltec Catch, Trimble MyTopo Terrain Navigator Pro, DeerDays, Strat-Tech Deer Hunting Expert, Winchester Ammunition Ballistics Calculator, Catchlog Trading Catchlog, OLRAC Electronic Logbook Software Solution, Microsoft Office software, MaxSea Time Zero Navigator NOAA.",onet,45-3031.00,web_development,"[""Coordination"", ""Critical Thinking"", ""Judgment and Decision Making"", ""Speaking"", ""Monitoring"", ""Time Management"", ""Active Listening"", ""Complex Problem Solving"", ""Instructing"", ""Learning Strategies"", ""Reading Comprehension"", ""Equipment Maintenance"", ""Management of Personnel Resources"", ""Operation and Control"", ""Operations Monitoring"", ""Social Perceptiveness"", ""Troubleshooting"", ""Active Learning"", ""Equipment Selection"", ""Management of Material Resources"", ""Systems Analysis"", ""Quality Control Analysis"", ""Repairing"", ""Service Orientation"", ""Writing"", ""Management of Financial Resources"", ""Mathematics"", ""Negotiation"", ""Persuasion"", ""Systems Evaluation"", ""Science"", ""Technology Design"", ""Installation"", ""Operations Analysis"", ""Programming""]","[""Microsoft Excel"", ""MaxSea TIMEZERO"", ""P-Sea WindPlot"", ""Signet Nobeltec Catch"", ""Trimble MyTopo Terrain Navigator Pro"", ""DeerDays"", ""Strat-Tech Deer Hunting Expert"", ""Winchester Ammunition Ballistics Calculator"", ""Catchlog Trading Catchlog"", ""OLRAC Electronic Logbook Software Solution"", ""Microsoft Office software"", ""MaxSea Time Zero Navigator NOAA"", ""Inventory management systems""]",business
"Cutting, Punching, and Press Machine Setters, Operators, and Tenders, Metal and Plastic","Cutting, Punching, and Press Machine Setters, Operators, and Tenders, Metal and Plastic. Core skills: Operations Monitoring, Operation and Control, Active Listening, Critical Thinking, Monitoring, Quality Control Analysis, Speaking, Troubleshooting, Judgment and Decision Making, Active Learning, Coordination, Equipment Maintenance. Technology skills: Microsoft Excel, Microsoft Outlook, SAP software, Striker Systems SS-Punch, Microsoft Office software, Microsoft Word, Autodesk AutoCAD, Operational databases, Automated inventory software, Computerized numerical control CNC software.",onet,51-4031.00,web_development,"[""Operations Monitoring"", ""Operation and Control"", ""Active Listening"", ""Critical Thinking"", ""Monitoring"", ""Quality Control Analysis"", ""Speaking"", ""Troubleshooting"", ""Judgment and Decision Making"", ""Active Learning"", ""Coordination"", ""Equipment Maintenance"", ""Reading Comprehension"", ""Time Management"", ""Complex Problem Solving"", ""Repairing"", ""Social Perceptiveness"", ""Writing"", ""Equipment Selection"", ""Instructing"", ""Learning Strategies"", ""Management of Personnel Resources"", ""Mathematics"", ""Persuasion"", ""Systems Evaluation"", ""Negotiation"", ""Service Orientation"", ""Systems Analysis"", ""Operations Analysis"", ""Technology Design"", ""Science"", ""Management of Financial Resources"", ""Management of Material Resources"", ""Installation"", ""Programming""]","[""Microsoft Excel"", ""Microsoft Outlook"", ""SAP software"", ""Striker Systems SS-Punch"", ""Microsoft Office software"", ""Microsoft Word"", ""Autodesk AutoCAD"", ""Operational databases"", ""Automated inventory software"", ""Computerized numerical control CNC software""]",business
"Textile Knitting and Weaving Machine Setters, Operators, and Tenders","Textile Knitting and Weaving Machine Setters, Operators, and Tenders. Core skills: Operations Monitoring, Monitoring, Active Listening, Operation and Control, Critical Thinking, Quality Control Analysis, Speaking, Reading Comprehension, Time Management, Complex Problem Solving, Equipment Maintenance, Judgment and Decision Making. Technology skills: Microsoft Excel, Microsoft PowerPoint, Microsoft Outlook, Microsoft Office software, Microsoft Word.",onet,51-6063.00,web_development,"[""Operations Monitoring"", ""Monitoring"", ""Active Listening"", ""Operation and Control"", ""Critical Thinking"", ""Quality Control Analysis"", ""Speaking"", ""Reading Comprehension"", ""Time Management"", ""Complex Problem Solving"", ""Equipment Maintenance"", ""Judgment and Decision Making"", ""Troubleshooting"", ""Coordination"", ""Writing"", ""Equipment Selection"", ""Repairing"", ""Social Perceptiveness"", ""Instructing"", ""Learning Strategies"", ""Service Orientation"", ""Systems Analysis"", ""Active Learning"", ""Management of Personnel Resources"", ""Systems Evaluation"", ""Mathematics"", ""Negotiation"", ""Operations Analysis"", ""Installation"", ""Persuasion"", ""Management of Financial Resources"", ""Management of Material Resources"", ""Programming"", ""Technology Design"", ""Science""]","[""Microsoft Excel"", ""Microsoft PowerPoint"", ""Microsoft Outlook"", ""Microsoft Office software"", ""Microsoft Word""]",business
Machine Feeders and Offbearers,"Machine Feeders and Offbearers. Core skills: Operations Monitoring, Monitoring, Active Listening, Quality Control Analysis, Reading Comprehension, Speaking, Troubleshooting, Operation and Control, Coordination, Critical Thinking, Judgment and Decision Making, Social Perceptiveness. Technology skills: Microsoft Excel, Microsoft Outlook, Microsoft Office software, Work time tracking software, Machine operation software.",onet,53-7063.00,web_development,"[""Operations Monitoring"", ""Monitoring"", ""Active Listening"", ""Quality Control Analysis"", ""Reading Comprehension"", ""Speaking"", ""Troubleshooting"", ""Operation and Control"", ""Coordination"", ""Critical Thinking"", ""Judgment and Decision Making"", ""Social Perceptiveness"", ""Time Management"", ""Writing"", ""Mathematics"", ""Active Learning"", ""Complex Problem Solving"", ""Instructing"", ""Learning Strategies"", ""Persuasion"", ""Service Orientation"", ""Systems Evaluation"", ""Equipment Maintenance"", ""Management of Material Resources"", ""Management of Personnel Resources"", ""Negotiation"", ""Management of Financial Resources"", ""Repairing"", ""Equipment Selection"", ""Systems Analysis"", ""Operations Analysis"", ""Science"", ""Installation"", ""Programming"", ""Technology Design""]","[""Microsoft Excel"", ""Microsoft Outlook"", ""Microsoft Office software"", ""Work time tracking software"", ""Machine operation software""]",business
Commercial and Industrial Designers,"Commercial and Industrial Designers. Core skills: Active Listening, Reading Comprehension, Complex Problem Solving, Critical Thinking, Speaking, Judgment and Decision Making, Operations Analysis, Time Management, Coordination, Monitoring, Persuasion, Social Perceptiveness. Technology skills: Autodesk AutoCAD, Autodesk Revit, Dassault Systemes CATIA, Dassault Systemes SolidWorks, Adobe After Effects, Autodesk 3ds Max, Chaos Group V-Ray, Kapwing, Adobe Creative Cloud software, Adobe Illustrator, Adobe Photoshop, Trimble SketchUp Pro.",onet,27-1021.00,web_development,"[""Active Listening"", ""Reading Comprehension"", ""Complex Problem Solving"", ""Critical Thinking"", ""Speaking"", ""Judgment and Decision Making"", ""Operations Analysis"", ""Time Management"", ""Coordination"", ""Monitoring"", ""Persuasion"", ""Social Perceptiveness"", ""Technology Design"", ""Writing"", ""Active Learning"", ""Systems Analysis"", ""Systems Evaluation"", ""Negotiation"", ""Service Orientation"", ""Instructing"", ""Learning Strategies"", ""Management of Personnel Resources"", ""Mathematics"", ""Quality Control Analysis"", ""Science"", ""Operations Monitoring"", ""Management of Financial Resources"", ""Management of Material Resources"", ""Operation and Control"", ""Equipment Selection"", ""Programming"", ""Troubleshooting"", ""Equipment Maintenance"", ""Installation"", ""Repairing""]","[""Autodesk AutoCAD"", ""Autodesk Revit"", ""Dassault Systemes CATIA"", ""Dassault Systemes SolidWorks"", ""Adobe After Effects"", ""Autodesk 3ds Max"", ""Chaos Group V-Ray"", ""Kapwing"", ""Adobe Creative Cloud software"", ""Adobe Illustrator"", ""Adobe Photoshop"", ""Trimble SketchUp Pro"", ""Apache Maven"", ""C"", ""National Instruments LabVIEW"", ""Verilog"", ""C#"", ""C++"", ""jQuery"", ""Python"", ""Adobe InDesign"", ""Microsoft Publisher"", ""QuarkXPress"", ""1CadCam Unigraphics"", ""Geometric CAMWorks"", ""Siemens NX"", ""Finite element analysis software"", ""Minitab"", ""The MathWorks MATLAB"", ""Cascading style sheets CSS"", ""Hypertext markup language HTML"", ""JavaScript"", ""Email software"", ""IBM Notes"", ""Microsoft Excel"", ""ESRI ArcGIS software"", ""Adobe Acrobat"", ""SAP software"", ""Eko"", ""Microsoft Office software"", ""Software as a service SaaS"", ""Apple iOS"", ""Microsoft Word"", ""Figma"", ""Delphi Technology"", ""Web browser software"", ""Microsoft PowerPoint"", ""Microsoft Access"", ""Microsoft Project"", ""InVision software""]",design
Graphic Designers,"Graphic Designers. Core skills: Active Listening, Speaking, Active Learning, Critical Thinking, Writing, Complex Problem Solving, Coordination, Judgment and Decision Making, Reading Comprehension, Social Perceptiveness, Time Management, Monitoring. Technology skills: AJAX, Cascading style sheets CSS, Hypertext markup language HTML, PHP, Adobe After Effects, Apple Final Cut Pro, WeVideo, YouTube, Autodesk AutoCAD, Autodesk AutoCAD Civil 3D, Autodesk Revit, Bentley MicroStation.",onet,27-1024.00,web_development,"[""Active Listening"", ""Speaking"", ""Active Learning"", ""Critical Thinking"", ""Writing"", ""Complex Problem Solving"", ""Coordination"", ""Judgment and Decision Making"", ""Reading Comprehension"", ""Social Perceptiveness"", ""Time Management"", ""Monitoring"", ""Negotiation"", ""Persuasion"", ""Service Orientation"", ""Systems Analysis"", ""Instructing"", ""Learning Strategies"", ""Operations Analysis"", ""Systems Evaluation"", ""Management of Personnel Resources"", ""Technology Design"", ""Programming"", ""Management of Material Resources"", ""Mathematics"", ""Operations Monitoring"", ""Management of Financial Resources"", ""Quality Control Analysis"", ""Equipment Selection"", ""Operation and Control"", ""Science"", ""Equipment Maintenance"", ""Installation"", ""Repairing"", ""Troubleshooting""]","[""AJAX"", ""Cascading style sheets CSS"", ""Hypertext markup language HTML"", ""PHP"", ""Adobe After Effects"", ""Apple Final Cut Pro"", ""WeVideo"", ""YouTube"", ""Autodesk AutoCAD"", ""Autodesk AutoCAD Civil 3D"", ""Autodesk Revit"", ""Bentley MicroStation"", ""Adobe Creative Cloud software"", ""Adobe Illustrator"", ""Canva"", ""Trimble SketchUp Pro"", ""Adobe Distiller"", ""Adobe InDesign"", ""Microsoft Publisher"", ""QuarkXPress"", ""Adobe Dreamweaver"", ""Adobe Macromedia HomeSite"", ""Facebook"", ""WordPress"", ""Apple iWork Keynote"", ""Apple Keynote"", ""Google Slides"", ""Microsoft PowerPoint"", ""FileMaker Pro"", ""Microsoft Access"", ""Structured query language SQL"", ""IBM Notes"", ""Microsoft Outlook"", ""Adobe Acrobat"", ""PDF readers"", ""Adobe ActionScript"", ""Verilog"", ""Corel WordPerfect Office Suite"", ""Microsoft Office software"", ""Apple macOS"", ""Microsoft Windows"", ""Google Docs"", ""Microsoft Word"", ""Google Chrome"", ""Web browser software"", ""Microsoft Excel"", ""Intuit QuickBooks"", ""Nuance OmniPage Professional"", ""Oracle Eloqua"", ""Extensible markup language XML"", ""Google Drive"", ""Figma"", ""Google Ads"", ""Avid Pro Tools"", ""jQuery"", ""Microsoft Project"", ""Microsoft Visio""]",web_development
"Fine Artists, Including Painters, Sculptors, and Illustrators","Fine Artists, Including Painters, Sculptors, and Illustrators. Core skills: Active Learning, Critical Thinking, Active Listening, Judgment and Decision Making, Reading Comprehension, Speaking, Complex Problem Solving, Social Perceptiveness, Time Management, Writing, Monitoring, Operations Analysis. Technology skills: Adobe Creative Cloud software, Adobe Photoshop, Corel CorelDraw Graphics Suite, SmugMug Flickr, GroupMe, Twitter, Autodesk 3D Studio Design, Autodesk AutoCAD, Dassault Systemes CATIA, Trimble SketchUp Pro, ArtScope.net eArtist, Camp Software Art Licensing Manager.",onet,27-1013.00,web_development,"[""Active Learning"", ""Critical Thinking"", ""Active Listening"", ""Judgment and Decision Making"", ""Reading Comprehension"", ""Speaking"", ""Complex Problem Solving"", ""Social Perceptiveness"", ""Time Management"", ""Writing"", ""Monitoring"", ""Operations Analysis"", ""Coordination"", ""Service Orientation"", ""Learning Strategies"", ""Operations Monitoring"", ""Persuasion"", ""Quality Control Analysis"", ""Systems Analysis"", ""Mathematics"", ""Operation and Control"", ""Systems Evaluation"", ""Equipment Selection"", ""Management of Financial Resources"", ""Negotiation"", ""Management of Material Resources"", ""Troubleshooting"", ""Instructing"", ""Management of Personnel Resources"", ""Programming"", ""Technology Design"", ""Equipment Maintenance"", ""Installation"", ""Repairing"", ""Science""]","[""Adobe Creative Cloud software"", ""Adobe Photoshop"", ""Corel CorelDraw Graphics Suite"", ""SmugMug Flickr"", ""GroupMe"", ""Twitter"", ""Autodesk 3D Studio Design"", ""Autodesk AutoCAD"", ""Dassault Systemes CATIA"", ""Trimble SketchUp Pro"", ""ArtScope.net eArtist"", ""Camp Software Art Licensing Manager"", ""FileMaker Bento"", ""GYST"", ""Adobe ActionScript"", ""Unity Technologies Unity"", ""Unreal Technology Unreal Engine"", ""C#"", ""C++"", ""Python"", ""Adobe Acrobat"", ""Code Line Art Files"", ""Adobe FrameMaker"", ""Adobe InDesign"", ""Adobe Dreamweaver"", ""Facebook"", ""Hypertext markup language HTML"", ""JavaScript"", ""Perforce Helix software"", ""Email software"", ""Intuit QuickBooks"", ""Credit card processing software"", ""ClassDojo"", ""Adobe After Effects"", ""Extensible markup language XML"", ""Microsoft Office software"", ""Microsoft Word"", ""Web browser software"", ""Microsoft PowerPoint"", ""WorkingArtist Systems WorkingArtist""]",design
Human Factors Engineers and Ergonomists,"Human Factors Engineers and Ergonomists. Core skills: Active Listening, Complex Problem Solving, Critical Thinking, Reading Comprehension, Speaking, Writing, Active Learning, Judgment and Decision Making, Systems Evaluation, Mathematics, Monitoring, Social Perceptiveness. Technology skills: IBM SPSS Statistics, SAS, Statistical software, The MathWorks MATLAB, Microsoft PowerPoint, AJAX, Cascading style sheets CSS, Hypertext markup language HTML, JavaScript Object Notation JSON, C++, jQuery, Oracle Java.",onet,17-2112.01,web_development,"[""Active Listening"", ""Complex Problem Solving"", ""Critical Thinking"", ""Reading Comprehension"", ""Speaking"", ""Writing"", ""Active Learning"", ""Judgment and Decision Making"", ""Systems Evaluation"", ""Mathematics"", ""Monitoring"", ""Social Perceptiveness"", ""Learning Strategies"", ""Operations Analysis"", ""Science"", ""Systems Analysis"", ""Instructing"", ""Technology Design"", ""Time Management"", ""Coordination"", ""Service Orientation"", ""Management of Personnel Resources"", ""Negotiation"", ""Persuasion"", ""Quality Control Analysis"", ""Operations Monitoring"", ""Programming"", ""Management of Financial Resources"", ""Troubleshooting"", ""Management of Material Resources"", ""Equipment Selection"", ""Operation and Control"", ""Equipment Maintenance"", ""Installation"", ""Repairing""]","[""IBM SPSS Statistics"", ""SAS"", ""Statistical software"", ""The MathWorks MATLAB"", ""Microsoft PowerPoint"", ""AJAX"", ""Cascading style sheets CSS"", ""Hypertext markup language HTML"", ""JavaScript Object Notation JSON"", ""C++"", ""jQuery"", ""Oracle Java"", ""R"", ""Debugging software"", ""TechSmith Morae"", ""Usability testing software"", ""User interface design software"", ""Adobe Creative Cloud software"", ""Adobe Illustrator"", ""Adobe Photoshop"", ""Altia Design"", ""Graphical user interface GUI design software"", ""Seeing Machines faceLAB"", ""Autodesk AutoCAD"", ""Dassault Systemes CATIA"", ""Dassault Systemes SolidWorks"", ""Apple Safari"", ""Microsoft Internet Explorer"", ""Mozilla Firefox"", ""Microsoft Visual Basic"", ""National Instruments LabVIEW"", ""Microsoft Excel"", ""Atlassian JIRA"", ""Microsoft Outlook"", ""Adobe Acrobat"", ""Adobe InDesign"", ""TechSmith Camtasia"", ""Extensible markup language XML"", ""Microsoft Office software"", ""Linux"", ""Microsoft Word"", ""Adobe Dreamweaver"", ""Microsoft Visio""]",web_development
Cartographers and Photogrammetrists,"Cartographers and Photogrammetrists. Core skills: Reading Comprehension, Critical Thinking, Writing, Active Listening, Active Learning, Complex Problem Solving, Judgment and Decision Making, Monitoring, Speaking, Coordination, Social Perceptiveness, Time Management. Technology skills: Adobe Creative Cloud software, Adobe Illustrator, Adobe Photoshop, Corel CorelDraw Graphics Suite, Microsoft PowerPoint, Geomechanical design analysis GDA software, Mapping software, Mapthematics GeoCart, Precision analytical aerotriangulation pugging software, ESRI ArcGIS software, ESRI software, Geographic information system GIS software.",onet,17-1021.00,web_development,"[""Reading Comprehension"", ""Critical Thinking"", ""Writing"", ""Active Listening"", ""Active Learning"", ""Complex Problem Solving"", ""Judgment and Decision Making"", ""Monitoring"", ""Speaking"", ""Coordination"", ""Social Perceptiveness"", ""Time Management"", ""Learning Strategies"", ""Mathematics"", ""Systems Analysis"", ""Instructing"", ""Service Orientation"", ""Systems Evaluation"", ""Negotiation"", ""Persuasion"", ""Management of Personnel Resources"", ""Quality Control Analysis"", ""Operations Monitoring"", ""Programming"", ""Science"", ""Troubleshooting"", ""Management of Financial Resources"", ""Management of Material Resources"", ""Operations Analysis"", ""Technology Design"", ""Equipment Selection"", ""Equipment Maintenance"", ""Operation and Control"", ""Repairing"", ""Installation""]","[""Adobe Creative Cloud software"", ""Adobe Illustrator"", ""Adobe Photoshop"", ""Corel CorelDraw Graphics Suite"", ""Microsoft PowerPoint"", ""Geomechanical design analysis GDA software"", ""Mapping software"", ""Mapthematics GeoCart"", ""Precision analytical aerotriangulation pugging software"", ""ESRI ArcGIS software"", ""ESRI software"", ""Geographic information system GIS software"", ""Geographic information system GIS systems"", ""Boeing SoftPlotter"", ""RSI ENVI"", ""Terrasolid TerraScan"", ""Textron Systems Geospatial Solutions RemoteView"", ""C"", ""Microsoft Visual Basic"", ""Software development tools"", ""Standardized general markup language SGML"", ""Autodesk AutoCAD"", ""Bentley MicroStation"", ""Cosmo Software Cosmo World"", ""MultiGen Paradigm Vega Prime"", ""Autodesk World"", ""Microsoft Access"", ""Oracle Database"", ""Structured query language SQL"", ""Digital databases"", ""Master Seafloor Digital Database"", ""Rand McNally World Digital Database"", ""World Vector Shoreline"", ""Adobe InDesign"", ""Corporate Montage CADScript"", ""QuarkXPress"", ""Email software"", ""Microsoft Outlook"", ""Adobe Acrobat"", ""Microsoft SharePoint"", ""Adobe Dreamweaver"", ""Quark Immedia"", ""Microsoft Excel"", ""SAP software"", ""Extensible markup language XML"", ""Arbor Image Draftsman"", ""Microsoft Office software"", ""Microsoft Windows"", ""Microsoft Word"", ""SAP Adaptive Server Enterprise"", ""Python"", ""Microsoft Internet Explorer"", ""IBM iSeries Access"", ""Leica AEROPLAN LiDAR"", ""JavaScript Object Notation JSON""]",design
Prepress Technicians and Workers,"Prepress Technicians and Workers. Core skills: Active Listening, Critical Thinking, Monitoring, Speaking, Time Management, Complex Problem Solving, Coordination, Judgment and Decision Making, Operations Monitoring, Reading Comprehension, Active Learning, Persuasion. Technology skills: Adobe Creative Cloud software, Adobe Illustrator, Adobe Photoshop, Corel CorelDraw Graphics Suite, Microsoft PowerPoint, Adobe InDesign, Adobe PageMaker, Esko ArtPro, QuarkXPress, Adobe Acrobat, Adobe LifeCycle Enterprise Suite, Global Graphics Software Harlequin.",onet,51-5111.00,web_development,"[""Active Listening"", ""Critical Thinking"", ""Monitoring"", ""Speaking"", ""Time Management"", ""Complex Problem Solving"", ""Coordination"", ""Judgment and Decision Making"", ""Operations Monitoring"", ""Reading Comprehension"", ""Active Learning"", ""Persuasion"", ""Social Perceptiveness"", ""Writing"", ""Instructing"", ""Quality Control Analysis"", ""Negotiation"", ""Operation and Control"", ""Service Orientation"", ""Equipment Maintenance"", ""Learning Strategies"", ""Systems Analysis"", ""Systems Evaluation"", ""Management of Personnel Resources"", ""Equipment Selection"", ""Repairing"", ""Troubleshooting"", ""Mathematics"", ""Operations Analysis"", ""Management of Material Resources"", ""Programming"", ""Technology Design"", ""Science"", ""Management of Financial Resources"", ""Installation""]","[""Adobe Creative Cloud software"", ""Adobe Illustrator"", ""Adobe Photoshop"", ""Corel CorelDraw Graphics Suite"", ""Microsoft PowerPoint"", ""Adobe InDesign"", ""Adobe PageMaker"", ""Esko ArtPro"", ""QuarkXPress"", ""Adobe Acrobat"", ""Adobe LifeCycle Enterprise Suite"", ""Global Graphics Software Harlequin"", ""Hamrick Software VueScan"", ""Multi-line optical character reader OCR software"", ""File transfer protocol FTP software"", ""ProjectSend"", ""Microsoft Excel"", ""Microsoft Outlook"", ""Adobe Director"", ""Microsoft Office software"", ""Microsoft Word"", ""Web browser software""]",design
Photographic Process Workers and Processing Machine Operators,"Photographic Process Workers and Processing Machine Operators. Core skills: Operations Monitoring, Active Listening, Quality Control Analysis, Reading Comprehension, Service Orientation, Speaking, Complex Problem Solving, Critical Thinking, Monitoring, Operation and Control, Judgment and Decision Making, Time Management. Technology skills: Adobe Creative Cloud software, Adobe Illustrator, Adobe Photoshop, Camera Bits Photo Mechanic, Microsoft PowerPoint, Amazon Web Services AWS software, Microsoft Access, MySQL, Structured query language SQL, Adobe InDesign, Microsoft Publisher, Cascading style sheets CSS.",onet,51-9151.00,web_development,"[""Operations Monitoring"", ""Active Listening"", ""Quality Control Analysis"", ""Reading Comprehension"", ""Service Orientation"", ""Speaking"", ""Complex Problem Solving"", ""Critical Thinking"", ""Monitoring"", ""Operation and Control"", ""Judgment and Decision Making"", ""Time Management"", ""Active Learning"", ""Negotiation"", ""Persuasion"", ""Social Perceptiveness"", ""Troubleshooting"", ""Coordination"", ""Equipment Maintenance"", ""Equipment Selection"", ""Instructing"", ""Systems Analysis"", ""Writing"", ""Learning Strategies"", ""Systems Evaluation"", ""Programming"", ""Repairing"", ""Management of Personnel Resources"", ""Management of Material Resources"", ""Management of Financial Resources"", ""Mathematics"", ""Technology Design"", ""Science"", ""Operations Analysis"", ""Installation""]","[""Adobe Creative Cloud software"", ""Adobe Illustrator"", ""Adobe Photoshop"", ""Camera Bits Photo Mechanic"", ""Microsoft PowerPoint"", ""Amazon Web Services AWS software"", ""Microsoft Access"", ""MySQL"", ""Structured query language SQL"", ""Adobe InDesign"", ""Microsoft Publisher"", ""Cascading style sheets CSS"", ""RESTful API"", ""Microsoft Excel"", ""Microsoft Outlook"", ""Docker"", ""SAP software"", ""Git"", ""Microsoft Office software"", ""Microsoft Word"", ""MongoDB"", ""TypeScript""]",computer_science
Electrical and Electronic Engineering Technologists and Technicians,"Electrical and Electronic Engineering Technologists and Technicians. Core skills: Reading Comprehension, Critical Thinking, Active Listening, Repairing, Troubleshooting, Complex Problem Solving, Speaking, Writing, Active Learning, Judgment and Decision Making, Monitoring, Systems Analysis. Technology skills: MathWorks Simulink, The MathWorks MATLAB, Transmission line simulators, Wolfram Research Mathematica, Microsoft PowerPoint, Autodesk AutoCAD, Autodesk Revit, Bentley MicroStation, Dassault Systemes SolidWorks, C, Eclipse IDE, Microsoft Visual Basic.",onet,17-3023.00,web_development,"[""Reading Comprehension"", ""Critical Thinking"", ""Active Listening"", ""Repairing"", ""Troubleshooting"", ""Complex Problem Solving"", ""Speaking"", ""Writing"", ""Active Learning"", ""Judgment and Decision Making"", ""Monitoring"", ""Systems Analysis"", ""Coordination"", ""Equipment Maintenance"", ""Operations Monitoring"", ""Quality Control Analysis"", ""Service Orientation"", ""Social Perceptiveness"", ""Systems Evaluation"", ""Time Management"", ""Mathematics"", ""Equipment Selection"", ""Instructing"", ""Learning Strategies"", ""Management of Personnel Resources"", ""Operation and Control"", ""Persuasion"", ""Negotiation"", ""Management of Financial Resources"", ""Management of Material Resources"", ""Installation"", ""Operations Analysis"", ""Technology Design"", ""Programming"", ""Science""]","[""MathWorks Simulink"", ""The MathWorks MATLAB"", ""Transmission line simulators"", ""Wolfram Research Mathematica"", ""Microsoft PowerPoint"", ""Autodesk AutoCAD"", ""Autodesk Revit"", ""Bentley MicroStation"", ""Dassault Systemes SolidWorks"", ""C"", ""Eclipse IDE"", ""Microsoft Visual Basic"", ""National Instruments LabVIEW"", ""Linux"", ""Magellan Firmware"", ""Microsoft Windows"", ""UNIX"", ""AVEVA InTouch HMI"", ""Programmable logic controller PLC software"", ""Rockwell RSView"", ""Supervisory control and data acquisition SCADA software"", ""Oracle Hyperion"", ""Oracle JD Edwards EnterpriseOne"", ""Oracle Primavera Enterprise Project Portfolio Management"", ""SAP software"", ""C++"", ""Computer aided software engineering CASE tools"", ""Microsoft Visual Basic.NET"", ""Python"", ""Database software"", ""FileMaker Pro"", ""Microsoft Access"", ""Oracle Database"", ""Debugging software"", ""Rockwell RSLogix"", ""Vector Software VectorCast"", ""Adobe Acrobat"", ""FlukeView Forms"", ""Bentley Systems ProjectWise"", ""Microsoft Project"", ""Microsoft Excel"", ""Microsoft Outlook"", ""Terminal emulation software"", ""Graphics software"", ""Microsoft Office software"", ""Microsoft Word"", ""IBM Cognos Impromptu"", ""Microsoft Internet Explorer"", ""IBM WebSphere"", ""JavaScript""]",
Security Management Specialists,"Security Management Specialists. Core skills: Active Listening, Critical Thinking, Speaking, Judgment and Decision Making, Reading Comprehension, Complex Problem Solving, Coordination, Monitoring, Systems Analysis, Systems Evaluation, Writing, Social Perceptiveness. Technology skills: Amazon Web Services AWS software, Microsoft Access, ServiceNow, Structured query language SQL, Microsoft PowerPoint, Firewall software, Symantec PGP, TrueCrypt, Virtual private networking VPN software, Chinotec Technologies Paros, McAfee, Nmap.",onet,13-1199.07,cybersecurity,"[""Active Listening"", ""Critical Thinking"", ""Speaking"", ""Judgment and Decision Making"", ""Reading Comprehension"", ""Complex Problem Solving"", ""Coordination"", ""Monitoring"", ""Systems Analysis"", ""Systems Evaluation"", ""Writing"", ""Social Perceptiveness"", ""Instructing"", ""Persuasion"", ""Service Orientation"", ""Time Management"", ""Active Learning"", ""Negotiation"", ""Operations Analysis"", ""Learning Strategies"", ""Management of Personnel Resources"", ""Quality Control Analysis"", ""Management of Financial Resources"", ""Management of Material Resources"", ""Operations Monitoring"", ""Mathematics"", ""Technology Design"", ""Programming"", ""Troubleshooting"", ""Operation and Control"", ""Equipment Selection"", ""Installation"", ""Science"", ""Equipment Maintenance"", ""Repairing""]","[""Amazon Web Services AWS software"", ""Microsoft Access"", ""ServiceNow"", ""Structured query language SQL"", ""Microsoft PowerPoint"", ""Firewall software"", ""Symantec PGP"", ""TrueCrypt"", ""Virtual private networking VPN software"", ""Chinotec Technologies Paros"", ""McAfee"", ""Nmap"", ""NortonLifeLock cybersecurity software"", ""Linux"", ""Microsoft Windows"", ""UNIX"", ""Adobe Acrobat"", ""Microsoft SharePoint"", ""Microsoft Azure software"", ""Microsoft PowerShell"", ""Management information systems MIS"", ""SAP software"", ""CyberArk"", ""Intrusion prevention system IPS"", ""Microsoft Active Directory"", ""Network directory services software"", ""JavaScript"", ""Security assertion markup language SAML"", ""Microsoft Excel"", ""ArcSight Enterprise Threat and Risk Management"", ""Single sign-on SSO"", ""Microsoft Outlook"", ""IBM Tivoli software"", ""Photo editing software"", ""Videoconferencing software"", ""Secure web gateway software"", ""Physical access management software"", ""Customer information control system CICS"", ""Microsoft Office software"", ""Microsoft Word"", ""Cisco Systems CiscoWorks"", ""Oracle Business Intelligence Enterprise Edition"", ""SAP Crystal Reports"", ""Oracle Java"", ""Web browser software"", ""Tenable Nessus"", ""MITRE ATT&CK software"", ""Splunk Enterprise"", ""Social networking software"", ""Microsoft Visio""]",cloud_devops
Security Managers,"Security Managers. Core skills: Critical Thinking, Active Listening, Judgment and Decision Making, Reading Comprehension, Complex Problem Solving, Monitoring, Social Perceptiveness, Speaking, Coordination, Management of Personnel Resources, Writing, Active Learning. Technology skills: FieldSoft AIMSonScene, Incident command system ICS software, Microsoft Project, Microsoft PowerPoint, Alarm system software, Maintenance management software, Physical access management software, Oracle PeopleSoft, SAP software, Corel WordPerfect Office Suite, Microsoft Office software, McAfee.",onet,11-3013.01,cybersecurity,"[""Critical Thinking"", ""Active Listening"", ""Judgment and Decision Making"", ""Reading Comprehension"", ""Complex Problem Solving"", ""Monitoring"", ""Social Perceptiveness"", ""Speaking"", ""Coordination"", ""Management of Personnel Resources"", ""Writing"", ""Active Learning"", ""Management of Financial Resources"", ""Time Management"", ""Instructing"", ""Learning Strategies"", ""Negotiation"", ""Persuasion"", ""Service Orientation"", ""Systems Evaluation"", ""Management of Material Resources"", ""Systems Analysis"", ""Mathematics"", ""Quality Control Analysis"", ""Operations Analysis"", ""Operations Monitoring"", ""Equipment Selection"", ""Operation and Control"", ""Troubleshooting"", ""Equipment Maintenance"", ""Repairing"", ""Programming"", ""Technology Design"", ""Science"", ""Installation""]","[""FieldSoft AIMSonScene"", ""Incident command system ICS software"", ""Microsoft Project"", ""Microsoft PowerPoint"", ""Alarm system software"", ""Maintenance management software"", ""Physical access management software"", ""Oracle PeopleSoft"", ""SAP software"", ""Corel WordPerfect Office Suite"", ""Microsoft Office software"", ""McAfee"", ""NortonLifeLock cybersecurity software"", ""Amazon Web Services AWS software"", ""Microsoft Access"", ""Microsoft Excel"", ""Microsoft Outlook"", ""Graphics software"", ""Microsoft Azure software"", ""Emergency notification system software"", ""Platform as a service PaaS"", ""Microsoft Word"", ""Firewall software"", ""Twitter"", ""Human resources management system HRMS"", ""Payroll software"", ""Web browser software"", ""Mapping software"", ""Facebook"", ""Work scheduling software"", ""Inventory tracking software"", ""Microsoft Visio""]",
First-Line Supervisors of Security Workers,"First-Line Supervisors of Security Workers. Core skills: Active Listening, Critical Thinking, Judgment and Decision Making, Reading Comprehension, Speaking, Management of Personnel Resources, Monitoring, Complex Problem Solving, Coordination, Social Perceptiveness, Time Management, Writing. Technology skills: Microsoft Access, Oracle software, Microsoft PowerPoint, Microsoft Excel, Microsoft Outlook, SAP business and customer relations management software, Microsoft Office software, Microsoft Word, Time and attendance software, Employee scheduling software.",onet,33-1091.00,cybersecurity,"[""Active Listening"", ""Critical Thinking"", ""Judgment and Decision Making"", ""Reading Comprehension"", ""Speaking"", ""Management of Personnel Resources"", ""Monitoring"", ""Complex Problem Solving"", ""Coordination"", ""Social Perceptiveness"", ""Time Management"", ""Writing"", ""Instructing"", ""Persuasion"", ""Active Learning"", ""Negotiation"", ""Service Orientation"", ""Learning Strategies"", ""Systems Analysis"", ""Systems Evaluation"", ""Management of Financial Resources"", ""Management of Material Resources"", ""Operations Monitoring"", ""Quality Control Analysis"", ""Mathematics"", ""Operation and Control"", ""Troubleshooting"", ""Equipment Maintenance"", ""Operations Analysis"", ""Repairing"", ""Equipment Selection"", ""Programming"", ""Technology Design"", ""Science"", ""Installation""]","[""Microsoft Access"", ""Oracle software"", ""Microsoft PowerPoint"", ""Microsoft Excel"", ""Microsoft Outlook"", ""SAP business and customer relations management software"", ""Microsoft Office software"", ""Microsoft Word"", ""Time and attendance software"", ""Employee scheduling software""]",business
Health Information Technologists and Medical Registrars,"Health Information Technologists and Medical Registrars. Core skills: . Technology skills: eClinicalWorks EHR software, Epic Systems, Henry Schein Dentrix, MEDITECH software, Eko, Encoded archival system EAD, Microsoft Access, Microsoft SQL Server, Structured query language SQL, Hyland Software OnBase, IDX Systems Patient Chart Tracking, SoftMed ChartLocater.",onet,29-9021.00,cybersecurity,[],"[""eClinicalWorks EHR software"", ""Epic Systems"", ""Henry Schein Dentrix"", ""MEDITECH software"", ""Eko"", ""Encoded archival system EAD"", ""Microsoft Access"", ""Microsoft SQL Server"", ""Structured query language SQL"", ""Hyland Software OnBase"", ""IDX Systems Patient Chart Tracking"", ""SoftMed ChartLocater"", ""SoftMed ChartReserve"", ""3M Encoder"", ""American Medical Association CodeManager"", ""Computerized indexing systems"", ""DRG grouping software"", ""Cyber Records MediChart Express"", ""ScanSoft Naturally Speaking"", ""Speech recognition software"", ""Voice dictation software"", ""IBM Cognos Impromptu"", ""MicroStrategy"", ""Qlik Tech QlikView"", ""Tableau"", ""IBM SPSS Statistics"", ""Minitab"", ""SAS"", ""StataCorp Stata"", ""Email software"", ""Microsoft Exchange"", ""Microsoft Outlook"", ""NDCMedisoft"", ""QMSoftware Receivables Management"", ""Siemens Soarian Financials"", ""Microsoft SQL Server Reporting Services SSRS"", ""SAP Crystal Reports"", ""SoftMed ChartRelease"", ""MD Synergy Medical Appointment Scheduling"", ""Scheduling software"", ""Siemens Soarian Scheduling"", ""IBM Lotus 1-2-3"", ""Microsoft Excel"", ""Microsoft Visual Basic"", ""Microsoft Visual Basic Scripting Edition VBScript"", ""Microsoft Dynamics"", ""SAP Business Objects"", ""Corel WordPerfect Office Suite"", ""Microsoft Office software"", ""Quest Erwin Data Modeler"", ""Scantron imaging software"", ""Information Resource Products Clinical Coding Expert"", ""Graphics software"", ""IBM InfoSphere DataStage"", ""Microsoft Windows"", ""Microsoft Word"", ""Virtual private networking VPN software"", ""Teradata Database"", ""Encoder software"", ""R"", ""Web browser software"", ""Microsoft PowerPoint"", ""Microsoft Project"", ""Billing software"", ""Microsoft Visio"", ""Coding database software""]",computer_science
Transportation Security Screeners,"Transportation Security Screeners. Core skills: Monitoring, Speaking, Active Listening, Coordination, Critical Thinking, Social Perceptiveness, Judgment and Decision Making, Persuasion, Reading Comprehension, Service Orientation, Active Learning, Instructing. Technology skills: Email software, Microsoft Outlook, Slack, Applicant tracking software, Oracle Taleo, Microsoft Excel, Rapiscan Threat Image Projection, Microsoft Office software, Linux, Microsoft Word, Oracle Java, Web browser software.",onet,33-9093.00,cybersecurity,"[""Monitoring"", ""Speaking"", ""Active Listening"", ""Coordination"", ""Critical Thinking"", ""Social Perceptiveness"", ""Judgment and Decision Making"", ""Persuasion"", ""Reading Comprehension"", ""Service Orientation"", ""Active Learning"", ""Instructing"", ""Writing"", ""Complex Problem Solving"", ""Operations Monitoring"", ""Negotiation"", ""Operation and Control"", ""Time Management"", ""Learning Strategies"", ""Management of Personnel Resources"", ""Quality Control Analysis"", ""Systems Evaluation"", ""Troubleshooting"", ""Systems Analysis"", ""Equipment Maintenance"", ""Equipment Selection"", ""Management of Material Resources"", ""Mathematics"", ""Operations Analysis"", ""Science"", ""Management of Financial Resources"", ""Repairing"", ""Programming"", ""Installation"", ""Technology Design""]","[""Email software"", ""Microsoft Outlook"", ""Slack"", ""Applicant tracking software"", ""Oracle Taleo"", ""Microsoft Excel"", ""Rapiscan Threat Image Projection"", ""Microsoft Office software"", ""Linux"", ""Microsoft Word"", ""Oracle Java"", ""Web browser software""]",computer_science
Operations Research Analysts,"Operations Research Analysts. Core skills: Mathematics, Complex Problem Solving, Active Listening, Critical Thinking, Reading Comprehension, Speaking, Writing, Active Learning, Judgment and Decision Making, Systems Analysis, Systems Evaluation, Operations Analysis. Technology skills: IBM SPSS Statistics, ILOG OPL-CPLEX Development System, Minitab, The MathWorks MATLAB, Google Docs, Microsoft Word, Apple macOS, Bash, Shell script, UNIX Shell, Perl, R.",onet,15-2031.00,cybersecurity,"[""Mathematics"", ""Complex Problem Solving"", ""Active Listening"", ""Critical Thinking"", ""Reading Comprehension"", ""Speaking"", ""Writing"", ""Active Learning"", ""Judgment and Decision Making"", ""Systems Analysis"", ""Systems Evaluation"", ""Operations Analysis"", ""Science"", ""Coordination"", ""Time Management"", ""Instructing"", ""Learning Strategies"", ""Monitoring"", ""Persuasion"", ""Social Perceptiveness"", ""Service Orientation"", ""Management of Personnel Resources"", ""Programming"", ""Negotiation"", ""Management of Financial Resources"", ""Management of Material Resources"", ""Operations Monitoring"", ""Quality Control Analysis"", ""Technology Design"", ""Troubleshooting"", ""Operation and Control"", ""Equipment Maintenance"", ""Equipment Selection"", ""Installation"", ""Repairing""]","[""IBM SPSS Statistics"", ""ILOG OPL-CPLEX Development System"", ""Minitab"", ""The MathWorks MATLAB"", ""Google Docs"", ""Microsoft Word"", ""Apple macOS"", ""Bash"", ""Shell script"", ""UNIX Shell"", ""Perl"", ""R"", ""Scala"", ""Swift"", ""Amazon Redshift"", ""Microsoft SQL Server"", ""MySQL"", ""Structured query language SQL"", ""Microsoft Dynamics"", ""Oracle PeopleSoft"", ""SAP Business Objects"", ""SAP software"", ""IBM Cognos Impromptu"", ""Microsoft Power BI"", ""Oracle Business Intelligence Enterprise Edition"", ""Tableau"", ""C"", ""Microsoft Visual Basic"", ""Microsoft Visual Basic for Applications VBA"", ""National Instruments LabVIEW"", ""Apache Hadoop"", ""Apache Hive"", ""Apache Pig"", ""Teradata Database"", ""ESRI ArcExplorer"", ""ESRI ArcGIS software"", ""Geographic information system GIS software"", ""IBM Notes"", ""Microsoft Exchange"", ""Microsoft Outlook"", ""Blackbaud The Raiser's Edge"", ""Oracle Eloqua"", ""Salesforce software"", ""Microsoft SQL Server Reporting Services SSRS"", ""SAP Crystal Reports"", ""Strategic Reporting Systems ReportSmith"", ""Business Forecast Systems Forecast Pro"", ""Oracle E-Business Suite Financials"", ""Dassault Systemes CATIA"", ""Mathsoft Mathcad"", ""Human resource management software HRMS"", ""Oracle Taleo"", ""Google Slides"", ""Microsoft PowerPoint"", ""Microsoft Visio"", ""ProModel"", ""Microsoft Excel"", ""iGrafx"", ""Fund accounting software"", ""GitHub"", ""IBM Power Systems software"", ""Wireshark"", ""Citrix cloud computing software"", ""Microsoft SharePoint"", ""Eko"", ""IBM Domino"", ""Extensible markup language XML"", ""Microsoft Office software"", ""Google Drive"", ""Marketo Marketing Automation"", ""McAfee"", ""Veritas NetBackup"", ""Microsoft MapPoint"", ""Splunk Enterprise"", ""Microsoft Project"", ""LexisNexis""]",computer_science
Security Guards,"Security Guards. Core skills: Active Listening, Monitoring, Speaking, Coordination, Critical Thinking, Judgment and Decision Making, Reading Comprehension, Social Perceptiveness, Active Learning, Persuasion, Service Orientation, Writing. Technology skills: IBM Lotus 1-2-3, Microsoft Excel, FaceTime, Corel WordPerfect Office Suite, Microsoft Office software, McAfee, NortonLifeLock cybersecurity software, Microsoft Outlook, Wireshark, Microsoft SharePoint, Microsoft Word.",onet,33-9032.00,cybersecurity,"[""Active Listening"", ""Monitoring"", ""Speaking"", ""Coordination"", ""Critical Thinking"", ""Judgment and Decision Making"", ""Reading Comprehension"", ""Social Perceptiveness"", ""Active Learning"", ""Persuasion"", ""Service Orientation"", ""Writing"", ""Complex Problem Solving"", ""Learning Strategies"", ""Negotiation"", ""Time Management"", ""Instructing"", ""Operations Monitoring"", ""Management of Personnel Resources"", ""Operation and Control"", ""Mathematics"", ""Quality Control Analysis"", ""Systems Analysis"", ""Systems Evaluation"", ""Troubleshooting"", ""Operations Analysis"", ""Science"", ""Management of Financial Resources"", ""Management of Material Resources"", ""Equipment Maintenance"", ""Programming"", ""Technology Design"", ""Equipment Selection"", ""Installation"", ""Repairing""]","[""IBM Lotus 1-2-3"", ""Microsoft Excel"", ""FaceTime"", ""Corel WordPerfect Office Suite"", ""Microsoft Office software"", ""McAfee"", ""NortonLifeLock cybersecurity software"", ""Microsoft Outlook"", ""Wireshark"", ""Microsoft SharePoint"", ""Microsoft Word""]",business
Non-Destructive Testing Specialists,"Non-Destructive Testing Specialists. Core skills: Quality Control Analysis, Reading Comprehension, Active Listening, Critical Thinking, Monitoring, Active Learning, Operations Monitoring, Writing, Complex Problem Solving, Judgment and Decision Making, Learning Strategies, Mathematics. Technology skills: IBM Notes, Microsoft Outlook, Microsoft PowerPoint, Fractal Concept SoftScan, GE Sensing & Inspection Technologies Rhythm UT, National Instruments NI Vision Builder for Automated Inspection AI, Visualization Sciences Group VSG Avizo Fire, Autodesk AutoCAD, Dassault Systemes CATIA, Microsoft Excel, Geographic information system GIS systems, Visualization Sciences Group VSG Open Inventor.",onet,17-3029.01,cybersecurity,"[""Quality Control Analysis"", ""Reading Comprehension"", ""Active Listening"", ""Critical Thinking"", ""Monitoring"", ""Active Learning"", ""Operations Monitoring"", ""Writing"", ""Complex Problem Solving"", ""Judgment and Decision Making"", ""Learning Strategies"", ""Mathematics"", ""Operation and Control"", ""Speaking"", ""Systems Analysis"", ""Systems Evaluation"", ""Coordination"", ""Instructing"", ""Science"", ""Social Perceptiveness"", ""Time Management"", ""Troubleshooting"", ""Management of Personnel Resources"", ""Equipment Maintenance"", ""Equipment Selection"", ""Service Orientation"", ""Negotiation"", ""Persuasion"", ""Repairing"", ""Management of Material Resources"", ""Operations Analysis"", ""Technology Design"", ""Management of Financial Resources"", ""Programming"", ""Installation""]","[""IBM Notes"", ""Microsoft Outlook"", ""Microsoft PowerPoint"", ""Fractal Concept SoftScan"", ""GE Sensing & Inspection Technologies Rhythm UT"", ""National Instruments NI Vision Builder for Automated Inspection AI"", ""Visualization Sciences Group VSG Avizo Fire"", ""Autodesk AutoCAD"", ""Dassault Systemes CATIA"", ""Microsoft Excel"", ""Geographic information system GIS systems"", ""Visualization Sciences Group VSG Open Inventor"", ""National Instruments LabVIEW"", ""SAP software"", ""National Instruments NI Motion Assistant"", ""Microsoft Office software"", ""Microsoft Word"", ""Microsoft Access"", ""Microsoft Project""]",business
"Inspectors, Testers, Sorters, Samplers, and Weighers","Inspectors, Testers, Sorters, Samplers, and Weighers. Core skills: Quality Control Analysis, Critical Thinking, Writing, Active Listening, Judgment and Decision Making, Reading Comprehension, Speaking, Monitoring, Operations Monitoring, Time Management, Complex Problem Solving, Coordination. Technology skills: Autodesk AutoCAD, Dassault Systemes CATIA, Dassault Systemes SolidWorks, Mastercam Design, Skype, Data analysis software, Minitab, The MathWorks MATLAB, Tolerance analysis software, Data entry software, Database software, Microsoft Access.",onet,51-9061.00,cybersecurity,"[""Quality Control Analysis"", ""Critical Thinking"", ""Writing"", ""Active Listening"", ""Judgment and Decision Making"", ""Reading Comprehension"", ""Speaking"", ""Monitoring"", ""Operations Monitoring"", ""Time Management"", ""Complex Problem Solving"", ""Coordination"", ""Operation and Control"", ""Social Perceptiveness"", ""Mathematics"", ""Active Learning"", ""Service Orientation"", ""Persuasion"", ""Troubleshooting"", ""Management of Personnel Resources"", ""Negotiation"", ""Systems Analysis"", ""Systems Evaluation"", ""Equipment Selection"", ""Instructing"", ""Learning Strategies"", ""Operations Analysis"", ""Management of Material Resources"", ""Equipment Maintenance"", ""Management of Financial Resources"", ""Repairing"", ""Science"", ""Technology Design"", ""Programming"", ""Installation""]","[""Autodesk AutoCAD"", ""Dassault Systemes CATIA"", ""Dassault Systemes SolidWorks"", ""Mastercam Design"", ""Skype"", ""Data analysis software"", ""Minitab"", ""The MathWorks MATLAB"", ""Tolerance analysis software"", ""Data entry software"", ""Database software"", ""Microsoft Access"", ""Structured query language SQL"", ""Coordinate measuring machine software"", ""Cybermetrics GAGETrak"", ""Verisurf Metrology"", ""Wilcox Associates PC-DMIS Inspection Planner"", ""IBM Lotus Notes"", ""IBM Notes"", ""Microsoft Outlook"", ""Computer-aided inspection software"", ""Mastercam computer-aided design and manufacturing software"", ""Apache Hive"", ""Apache Pig"", ""Microsoft Excel"", ""Inspection marking systems"", ""Medical condition coding software"", ""Atlassian JIRA"", ""Label inspection systems"", ""Microsoft SharePoint"", ""SAP software"", ""Extensible markup language XML"", ""Microsoft Office software"", ""Microsoft Word"", ""R"", ""Microsoft PowerPoint"", ""Selenium"", ""Microsoft Visio""]",data_science
Solar Thermal Installers and Technicians,"Solar Thermal Installers and Technicians. Core skills: Installation, Quality Control Analysis, Reading Comprehension, Active Listening, Critical Thinking, Monitoring, Operations Monitoring, Speaking, Judgment and Decision Making, Time Management, Troubleshooting, Active Learning. Technology skills: Autodesk AutoCAD, Dassault Systemes CATIA, Dassault Systemes SolidWorks, PTC Pro/ENGINEER Wildfire, Microsoft PowerPoint, Microsoft Visual Basic for Applications VBA, National Instruments LabVIEW, Microsoft Excel, Microsoft Outlook, Adobe Photoshop, 1CadCam Unigraphics, Salesforce software.",onet,47-2152.04,cybersecurity,"[""Installation"", ""Quality Control Analysis"", ""Reading Comprehension"", ""Active Listening"", ""Critical Thinking"", ""Monitoring"", ""Operations Monitoring"", ""Speaking"", ""Judgment and Decision Making"", ""Time Management"", ""Troubleshooting"", ""Active Learning"", ""Complex Problem Solving"", ""Equipment Maintenance"", ""Instructing"", ""Service Orientation"", ""Coordination"", ""Equipment Selection"", ""Operation and Control"", ""Repairing"", ""Social Perceptiveness"", ""Writing"", ""Negotiation"", ""Persuasion"", ""Systems Analysis"", ""Systems Evaluation"", ""Learning Strategies"", ""Mathematics"", ""Management of Personnel Resources"", ""Technology Design"", ""Management of Material Resources"", ""Management of Financial Resources"", ""Operations Analysis"", ""Programming"", ""Science""]","[""Autodesk AutoCAD"", ""Dassault Systemes CATIA"", ""Dassault Systemes SolidWorks"", ""PTC Pro/ENGINEER Wildfire"", ""Microsoft PowerPoint"", ""Microsoft Visual Basic for Applications VBA"", ""National Instruments LabVIEW"", ""Microsoft Excel"", ""Microsoft Outlook"", ""Adobe Photoshop"", ""1CadCam Unigraphics"", ""Salesforce software"", ""Microsoft Office software"", ""Microsoft Word"", ""Oracle Java"", ""Cost estimating software"", ""Work scheduling software"", ""Inventory control system software""]",business
Segmental Pavers,"Segmental Pavers. Core skills: Active Listening, Speaking, Coordination, Critical Thinking, Judgment and Decision Making, Operation and Control, Social Perceptiveness, Operations Monitoring, Persuasion, Service Orientation, Time Management, Complex Problem Solving. Technology skills: Microsoft Excel, Microsoft PowerPoint, Decorative Software Online Visualizers, Depiction Software Deco-Con, Depiction Software Hardscape Imaging, UNI-GROUP Lockpave Pro, Microsoft Office software, Microsoft Word, Web browser software, Database software, Depiction Software Deco-Con Estimator.",onet,47-4091.00,cybersecurity,"[""Active Listening"", ""Speaking"", ""Coordination"", ""Critical Thinking"", ""Judgment and Decision Making"", ""Operation and Control"", ""Social Perceptiveness"", ""Operations Monitoring"", ""Persuasion"", ""Service Orientation"", ""Time Management"", ""Complex Problem Solving"", ""Instructing"", ""Management of Personnel Resources"", ""Monitoring"", ""Reading Comprehension"", ""Active Learning"", ""Negotiation"", ""Writing"", ""Quality Control Analysis"", ""Learning Strategies"", ""Troubleshooting"", ""Equipment Maintenance"", ""Operations Analysis"", ""Repairing"", ""Systems Analysis"", ""Systems Evaluation"", ""Equipment Selection"", ""Mathematics"", ""Management of Financial Resources"", ""Management of Material Resources"", ""Technology Design"", ""Installation"", ""Science"", ""Programming""]","[""Microsoft Excel"", ""Microsoft PowerPoint"", ""Decorative Software Online Visualizers"", ""Depiction Software Deco-Con"", ""Depiction Software Hardscape Imaging"", ""UNI-GROUP Lockpave Pro"", ""Microsoft Office software"", ""Microsoft Word"", ""Web browser software"", ""Database software"", ""Depiction Software Deco-Con Estimator""]",business
"Rotary Drill Operators, Oil and Gas","Rotary Drill Operators, Oil and Gas. Core skills: Critical Thinking, Operation and Control, Operations Monitoring, Monitoring, Active Listening, Instructing, Coordination, Speaking, Complex Problem Solving, Judgment and Decision Making, Reading Comprehension, Equipment Maintenance. Technology skills: Microsoft Excel, Drillingsoftware Tubular Database, Pason WellView Field Solution, Structure query language SQL, CAPSHER Technology SureTec, Drillingsoftware DrillPro, SAP software, Salesforce software, Microsoft Office software, Microsoft Word, Python, Schlumberger Petrel E&P.",onet,47-5012.00,cybersecurity,"[""Critical Thinking"", ""Operation and Control"", ""Operations Monitoring"", ""Monitoring"", ""Active Listening"", ""Instructing"", ""Coordination"", ""Speaking"", ""Complex Problem Solving"", ""Judgment and Decision Making"", ""Reading Comprehension"", ""Equipment Maintenance"", ""Learning Strategies"", ""Quality Control Analysis"", ""Repairing"", ""Troubleshooting"", ""Writing"", ""Active Learning"", ""Management of Personnel Resources"", ""Negotiation"", ""Persuasion"", ""Social Perceptiveness"", ""Time Management"", ""Equipment Selection"", ""Mathematics"", ""Service Orientation"", ""Systems Analysis"", ""Systems Evaluation"", ""Operations Analysis"", ""Management of Material Resources"", ""Technology Design"", ""Management of Financial Resources"", ""Science"", ""Installation"", ""Programming""]","[""Microsoft Excel"", ""Drillingsoftware Tubular Database"", ""Pason WellView Field Solution"", ""Structure query language SQL"", ""CAPSHER Technology SureTec"", ""Drillingsoftware DrillPro"", ""SAP software"", ""Salesforce software"", ""Microsoft Office software"", ""Microsoft Word"", ""Python"", ""Schlumberger Petrel E&P""]",computer_science
"Radio, Cellular, and Tower Equipment Installers and Repairers","Radio, Cellular, and Tower Equipment Installers and Repairers. Core skills: Repairing, Equipment Maintenance, Installation, Active Listening, Critical Thinking, Reading Comprehension, Speaking, Monitoring, Operations Monitoring, Quality Control Analysis, Time Management, Active Learning. Technology skills: Microsoft Excel, Microsoft PowerPoint, AERONET calculator, Sweep analysis software, Zoho WebNMS Cell Tower Manager, Computerized maintenance management system CMMS, Maintenance documentation software, Caliper Maptitude, Microsoft Outlook, Microsoft Office software, Microsoft Windows, Microsoft Word.",onet,49-2021.00,cybersecurity,"[""Repairing"", ""Equipment Maintenance"", ""Installation"", ""Active Listening"", ""Critical Thinking"", ""Reading Comprehension"", ""Speaking"", ""Monitoring"", ""Operations Monitoring"", ""Quality Control Analysis"", ""Time Management"", ""Active Learning"", ""Complex Problem Solving"", ""Coordination"", ""Judgment and Decision Making"", ""Social Perceptiveness"", ""Systems Analysis"", ""Troubleshooting"", ""Writing"", ""Equipment Selection"", ""Operation and Control"", ""Systems Evaluation"", ""Instructing"", ""Mathematics"", ""Learning Strategies"", ""Persuasion"", ""Service Orientation"", ""Management of Personnel Resources"", ""Negotiation"", ""Programming"", ""Management of Financial Resources"", ""Management of Material Resources"", ""Technology Design"", ""Science"", ""Operations Analysis""]","[""Microsoft Excel"", ""Microsoft PowerPoint"", ""AERONET calculator"", ""Sweep analysis software"", ""Zoho WebNMS Cell Tower Manager"", ""Computerized maintenance management system CMMS"", ""Maintenance documentation software"", ""Caliper Maptitude"", ""Microsoft Outlook"", ""Microsoft Office software"", ""Microsoft Windows"", ""Microsoft Word"", ""Location mapping software"", ""Microsoft Project"", ""Backbone.js""]",business
Avionics Technicians,"Avionics Technicians. Core skills: Equipment Maintenance, Repairing, Troubleshooting, Critical Thinking, Operations Monitoring, Quality Control Analysis, Complex Problem Solving, Active Listening, Speaking, Judgment and Decision Making, Reading Comprehension, Writing. Technology skills: SAP software, Workday software, Microsoft PowerPoint, Linux, UNIX, Autodesk AutoCAD, Dassault Systemes CATIA, C++, Oracle Java, Avionics system testing software, Computer diagnostic software, Microsoft Excel.",onet,49-2091.00,cybersecurity,"[""Equipment Maintenance"", ""Repairing"", ""Troubleshooting"", ""Critical Thinking"", ""Operations Monitoring"", ""Quality Control Analysis"", ""Complex Problem Solving"", ""Active Listening"", ""Speaking"", ""Judgment and Decision Making"", ""Reading Comprehension"", ""Writing"", ""Monitoring"", ""Time Management"", ""Active Learning"", ""Coordination"", ""Equipment Selection"", ""Systems Analysis"", ""Instructing"", ""Persuasion"", ""Science"", ""Social Perceptiveness"", ""Systems Evaluation"", ""Installation"", ""Service Orientation"", ""Learning Strategies"", ""Management of Personnel Resources"", ""Operation and Control"", ""Negotiation"", ""Operations Analysis"", ""Mathematics"", ""Technology Design"", ""Management of Material Resources"", ""Programming"", ""Management of Financial Resources""]","[""SAP software"", ""Workday software"", ""Microsoft PowerPoint"", ""Linux"", ""UNIX"", ""Autodesk AutoCAD"", ""Dassault Systemes CATIA"", ""C++"", ""Oracle Java"", ""Avionics system testing software"", ""Computer diagnostic software"", ""Microsoft Excel"", ""Microsoft Outlook"", ""Technical Data Management System TDMS"", ""Software development tools"", ""Apache HTTP Server"", ""Maintenance record software"", ""Microsoft Office software"", ""Microsoft Word""]",computer_science
Electro-Mechanical and Mechatronics Technologists and Technicians,"Electro-Mechanical and Mechatronics Technologists and Technicians. Core skills: Operations Monitoring, Troubleshooting, Monitoring, Repairing, Critical Thinking, Quality Control Analysis, Operation and Control, Judgment and Decision Making, Complex Problem Solving, Reading Comprehension, Active Learning, Active Listening. Technology skills: ESRI ArcGIS software, MathWorks Simulink, Pix4D software, The MathWorks MATLAB, Microsoft PowerPoint, Autodesk AutoCAD, Dassault Systemes SolidWorks, National Instruments Ultiboard, PTC Creo Parametric, Human machine interface HMI software, Motion control software, Programmable logic controller PLC software.",onet,17-3024.00,cybersecurity,"[""Operations Monitoring"", ""Troubleshooting"", ""Monitoring"", ""Repairing"", ""Critical Thinking"", ""Quality Control Analysis"", ""Operation and Control"", ""Judgment and Decision Making"", ""Complex Problem Solving"", ""Reading Comprehension"", ""Active Learning"", ""Active Listening"", ""Equipment Maintenance"", ""Equipment Selection"", ""Installation"", ""Speaking"", ""Systems Analysis"", ""Systems Evaluation"", ""Writing"", ""Coordination"", ""Time Management"", ""Instructing"", ""Learning Strategies"", ""Mathematics"", ""Social Perceptiveness"", ""Management of Personnel Resources"", ""Science"", ""Programming"", ""Operations Analysis"", ""Service Orientation"", ""Technology Design"", ""Management of Material Resources"", ""Negotiation"", ""Persuasion"", ""Management of Financial Resources""]","[""ESRI ArcGIS software"", ""MathWorks Simulink"", ""Pix4D software"", ""The MathWorks MATLAB"", ""Microsoft PowerPoint"", ""Autodesk AutoCAD"", ""Dassault Systemes SolidWorks"", ""National Instruments Ultiboard"", ""PTC Creo Parametric"", ""Human machine interface HMI software"", ""Motion control software"", ""Programmable logic controller PLC software"", ""Supervisory control and data acquisition SCADA software"", ""Manufacturing resource planning MRP software"", ""Oracle Agile Product Lifecycle Management PLM"", ""SAP software"", ""Linux"", ""UNIX"", ""C++"", ""Python"", ""Microsoft Excel"", ""Microsoft Outlook"", ""McNeel Rhinoceros 3D"", ""National Instruments LabVIEW"", ""Rapid prototyping software"", ""Computerized maintenance management system CMMS"", ""Microsoft Office software"", ""Microsoft Word"", ""Microsoft Access"", ""Rockwell RSLogix"", ""Airdata"", ""MindJet MindManager""]",computer_science
Agricultural Technicians,"Agricultural Technicians. Core skills: Reading Comprehension, Active Listening, Critical Thinking, Active Learning, Judgment and Decision Making, Monitoring, Writing, Coordination, Instructing, Operations Monitoring, Speaking, Time Management. Technology skills: Email software, Microsoft Outlook, Microsoft PowerPoint, Microsoft Excel, Geographic information system GIS systems, Global positioning system GPS software, SAP software, Microsoft Office software, Microsoft Word, Statistical software, Web browser software, Microsoft Access.",onet,19-4012.00,cybersecurity,"[""Reading Comprehension"", ""Active Listening"", ""Critical Thinking"", ""Active Learning"", ""Judgment and Decision Making"", ""Monitoring"", ""Writing"", ""Coordination"", ""Instructing"", ""Operations Monitoring"", ""Speaking"", ""Time Management"", ""Complex Problem Solving"", ""Learning Strategies"", ""Mathematics"", ""Social Perceptiveness"", ""Management of Personnel Resources"", ""Operation and Control"", ""Science"", ""Service Orientation"", ""Systems Analysis"", ""Negotiation"", ""Persuasion"", ""Systems Evaluation"", ""Repairing"", ""Troubleshooting"", ""Equipment Maintenance"", ""Equipment Selection"", ""Management of Material Resources"", ""Quality Control Analysis"", ""Management of Financial Resources"", ""Technology Design"", ""Programming"", ""Operations Analysis"", ""Installation""]","[""Email software"", ""Microsoft Outlook"", ""Microsoft PowerPoint"", ""Microsoft Excel"", ""Geographic information system GIS systems"", ""Global positioning system GPS software"", ""SAP software"", ""Microsoft Office software"", ""Microsoft Word"", ""Statistical software"", ""Web browser software"", ""Microsoft Access""]",business
Chemical Technicians,"Chemical Technicians. Core skills: Science, Critical Thinking, Reading Comprehension, Active Listening, Monitoring, Writing, Active Learning, Speaking, Operations Monitoring, Complex Problem Solving, Judgment and Decision Making, Learning Strategies. Technology skills: Database software, Microsoft Access, Oracle Database, Structured query language SQL, Microsoft PowerPoint, C++, Oracle Java, Python, R, Microsoft Excel, Email software, Microsoft Outlook.",onet,19-4031.00,cybersecurity,"[""Science"", ""Critical Thinking"", ""Reading Comprehension"", ""Active Listening"", ""Monitoring"", ""Writing"", ""Active Learning"", ""Speaking"", ""Operations Monitoring"", ""Complex Problem Solving"", ""Judgment and Decision Making"", ""Learning Strategies"", ""Quality Control Analysis"", ""Systems Evaluation"", ""Time Management"", ""Coordination"", ""Instructing"", ""Mathematics"", ""Operation and Control"", ""Systems Analysis"", ""Equipment Maintenance"", ""Social Perceptiveness"", ""Troubleshooting"", ""Equipment Selection"", ""Repairing"", ""Service Orientation"", ""Negotiation"", ""Persuasion"", ""Management of Personnel Resources"", ""Operations Analysis"", ""Management of Material Resources"", ""Technology Design"", ""Management of Financial Resources"", ""Programming"", ""Installation""]","[""Database software"", ""Microsoft Access"", ""Oracle Database"", ""Structured query language SQL"", ""Microsoft PowerPoint"", ""C++"", ""Oracle Java"", ""Python"", ""R"", ""Microsoft Excel"", ""Email software"", ""Microsoft Outlook"", ""Software development tools"", ""SAP software"", ""Microsoft Office software"", ""Linux"", ""Microsoft Word"", ""Laboratory information management system LIMS""]",computer_science
"Business Teachers, Postsecondary","Business Teachers, Postsecondary. Core skills: Speaking, Instructing, Active Listening, Learning Strategies, Reading Comprehension, Writing, Active Learning, Critical Thinking, Monitoring, Complex Problem Solving, Judgment and Decision Making, Social Perceptiveness. Technology skills: Email software, Google Gmail, Microsoft Outlook, Blackboard software, Instructure Canvas, Learning management system LMS, Schoology, Collaborative editing software, Google Docs, Microsoft Word, IBM SPSS Statistics, SAS.",onet,25-1011.00,business,"[""Speaking"", ""Instructing"", ""Active Listening"", ""Learning Strategies"", ""Reading Comprehension"", ""Writing"", ""Active Learning"", ""Critical Thinking"", ""Monitoring"", ""Complex Problem Solving"", ""Judgment and Decision Making"", ""Social Perceptiveness"", ""Time Management"", ""Systems Analysis"", ""Systems Evaluation"", ""Coordination"", ""Mathematics"", ""Persuasion"", ""Negotiation"", ""Service Orientation"", ""Management of Personnel Resources"", ""Operations Analysis"", ""Programming"", ""Science"", ""Management of Financial Resources"", ""Management of Material Resources"", ""Technology Design"", ""Operations Monitoring"", ""Quality Control Analysis"", ""Operation and Control"", ""Equipment Maintenance"", ""Equipment Selection"", ""Installation"", ""Repairing"", ""Troubleshooting""]","[""Email software"", ""Google Gmail"", ""Microsoft Outlook"", ""Blackboard software"", ""Instructure Canvas"", ""Learning management system LMS"", ""Schoology"", ""Collaborative editing software"", ""Google Docs"", ""Microsoft Word"", ""IBM SPSS Statistics"", ""SAS"", ""StataCorp Stata"", ""DOC Cop"", ""Google Scholar"", ""iParadigms Turnitin"", ""Microsoft Excel"", ""Sage 50 Accounting"", ""Image scanning software"", ""Microsoft Office software"", ""R"", ""Web browser software"", ""Microsoft PowerPoint"", ""Hypertext markup language HTML""]",data_science
Business Continuity Planners,"Business Continuity Planners. Core skills: Active Listening, Complex Problem Solving, Critical Thinking, Judgment and Decision Making, Active Learning, Reading Comprehension, Speaking, Systems Analysis, Systems Evaluation, Writing, Coordination, Monitoring. Technology skills: Microsoft Access, Microsoft SQL Server, ServiceNow, Structured query language SQL, Mentimeter, Microsoft PowerPoint, Oracle JD Edwards EnterpriseOne, Strategic BCP ResilienceONE, Sungard Assurance, Virtual Corporation Sustainable Planner, Adobe Acrobat, Microsoft SharePoint.",onet,13-1199.04,business,"[""Active Listening"", ""Complex Problem Solving"", ""Critical Thinking"", ""Judgment and Decision Making"", ""Active Learning"", ""Reading Comprehension"", ""Speaking"", ""Systems Analysis"", ""Systems Evaluation"", ""Writing"", ""Coordination"", ""Monitoring"", ""Social Perceptiveness"", ""Instructing"", ""Learning Strategies"", ""Time Management"", ""Management of Personnel Resources"", ""Negotiation"", ""Persuasion"", ""Service Orientation"", ""Mathematics"", ""Operations Analysis"", ""Management of Financial Resources"", ""Management of Material Resources"", ""Quality Control Analysis"", ""Operations Monitoring"", ""Programming"", ""Technology Design"", ""Troubleshooting"", ""Equipment Selection"", ""Operation and Control"", ""Equipment Maintenance"", ""Installation"", ""Repairing"", ""Science""]","[""Microsoft Access"", ""Microsoft SQL Server"", ""ServiceNow"", ""Structured query language SQL"", ""Mentimeter"", ""Microsoft PowerPoint"", ""Oracle JD Edwards EnterpriseOne"", ""Strategic BCP ResilienceONE"", ""Sungard Assurance"", ""Virtual Corporation Sustainable Planner"", ""Adobe Acrobat"", ""Microsoft SharePoint"", ""Microsoft SharePoint Server"", ""Atlassian Confluence"", ""Microsoft Project"", ""Oracle Primavera Enterprise Project Portfolio Management"", ""Emergency notification system software"", ""MIR3 Intelligent Notification"", ""Actuate BIRT"", ""Jaspersoft Business Intelligence Suite"", ""Microsoft Excel"", ""Atlassian JIRA"", ""Microsoft Outlook"", ""SunGard NotiFind"", ""Microsoft Office software"", ""Computer operating systems"", ""Microsoft Word"", ""Teradata Database"", ""SAP Crystal Reports"", ""Web browser software"", ""Local area network LAN software"", ""Enterprise backup systems"", ""Microsoft Visio""]",computer_science
Appraisers of Personal and Business Property,"Appraisers of Personal and Business Property. Core skills: Reading Comprehension, Critical Thinking, Writing, Active Listening, Speaking, Active Learning, Complex Problem Solving, Judgment and Decision Making, Time Management, Mathematics, Monitoring, Negotiation. Technology skills: Ascend Property Assessment, Bruno Realty eNeighboorhoods, Microsoft Access, Yardi software, Microsoft PowerPoint, Mass appraisal records system MARS, Wilson's Computer Applications RealEasy Appraisals, WinEstimator WinEst, WinGap, Cost estimating software, CPR Visual Estimator, HP 49G+ Appraiser Fee Calculator.",onet,13-2022.00,business,"[""Reading Comprehension"", ""Critical Thinking"", ""Writing"", ""Active Listening"", ""Speaking"", ""Active Learning"", ""Complex Problem Solving"", ""Judgment and Decision Making"", ""Time Management"", ""Mathematics"", ""Monitoring"", ""Negotiation"", ""Persuasion"", ""Service Orientation"", ""Social Perceptiveness"", ""Coordination"", ""Learning Strategies"", ""Systems Analysis"", ""Systems Evaluation"", ""Instructing"", ""Management of Personnel Resources"", ""Quality Control Analysis"", ""Management of Material Resources"", ""Management of Financial Resources"", ""Operations Monitoring"", ""Programming"", ""Troubleshooting"", ""Operations Analysis"", ""Science"", ""Operation and Control"", ""Technology Design"", ""Equipment Maintenance"", ""Repairing"", ""Equipment Selection"", ""Installation""]","[""Ascend Property Assessment"", ""Bruno Realty eNeighboorhoods"", ""Microsoft Access"", ""Yardi software"", ""Microsoft PowerPoint"", ""Mass appraisal records system MARS"", ""Wilson's Computer Applications RealEasy Appraisals"", ""WinEstimator WinEst"", ""WinGap"", ""Cost estimating software"", ""CPR Visual Estimator"", ""HP 49G+ Appraiser Fee Calculator"", ""Microsoft Excel"", ""Microsoft Outlook"", ""Microsoft Office software"", ""Microsoft Windows"", ""Microsoft Word"", ""Web browser software""]",
"Business Operations Specialists, All Other","Business Operations Specialists, All Other. Core skills: . Technology skills: .",onet,13-1199.00,business,[],[],
Market Research Analysts and Marketing Specialists,"Market Research Analysts and Marketing Specialists. Core skills: Critical Thinking, Reading Comprehension, Writing, Active Listening, Complex Problem Solving, Speaking, Judgment and Decision Making, Active Learning, Mathematics, Monitoring, Persuasion, Social Perceptiveness. Technology skills: IBM SPSS Statistics, Minitab, Sawtooth Composite Product Mapping CPM, The MathWorks MATLAB, Airtable, Amazon Redshift, Microsoft SQL Server, MySQL, Factiva, LexisNexis, Mintel Reports, Verispan Patient Parameters.",onet,13-1161.00,business,"[""Critical Thinking"", ""Reading Comprehension"", ""Writing"", ""Active Listening"", ""Complex Problem Solving"", ""Speaking"", ""Judgment and Decision Making"", ""Active Learning"", ""Mathematics"", ""Monitoring"", ""Persuasion"", ""Social Perceptiveness"", ""Systems Analysis"", ""Systems Evaluation"", ""Coordination"", ""Learning Strategies"", ""Time Management"", ""Operations Analysis"", ""Service Orientation"", ""Instructing"", ""Management of Personnel Resources"", ""Negotiation"", ""Science"", ""Programming"", ""Operations Monitoring"", ""Management of Financial Resources"", ""Management of Material Resources"", ""Quality Control Analysis"", ""Technology Design"", ""Equipment Maintenance"", ""Equipment Selection"", ""Installation"", ""Operation and Control"", ""Repairing"", ""Troubleshooting""]","[""IBM SPSS Statistics"", ""Minitab"", ""Sawtooth Composite Product Mapping CPM"", ""The MathWorks MATLAB"", ""Airtable"", ""Amazon Redshift"", ""Microsoft SQL Server"", ""MySQL"", ""Factiva"", ""LexisNexis"", ""Mintel Reports"", ""Verispan Patient Parameters"", ""Blackbaud The Raiser's Edge"", ""Insightful Corporation Confirmit"", ""Oracle Eloqua"", ""Salesforce software"", ""Aprimo Marketing"", ""Microsoft Dynamics"", ""Oracle PeopleSoft"", ""SAP software"", ""Cascading style sheets CSS"", ""Hypertext markup language HTML"", ""JavaScript"", ""PHP"", ""Adobe Creative Cloud software"", ""Adobe Illustrator"", ""Adobe Photoshop"", ""Canva"", ""Adobe After Effects"", ""Loom"", ""TikTok"", ""YouTube"", ""Google Looker Analytics"", ""IBM Cognos Impromptu"", ""Oracle Business Intelligence Enterprise Edition"", ""Tableau"", ""Adobe Dreamweaver"", ""Facebook"", ""Instagram"", ""WordPress"", ""Cytel Software XLMiner"", ""Google Analytics"", ""NCR Teradata Warehouse Miner"", ""Oracle Darwin"", ""Adobe InDesign"", ""LogiXML Ad-HOC"", ""Microsoft Publisher"", ""Sawtooth SSI Web"", ""Asana"", ""Dropbox"", ""Google Drive"", ""Slack"", ""3M Post-it App"", ""Evernote"", ""Google Docs"", ""Microsoft Word"", ""Apache Hadoop"", ""Apache Hive"", ""Apache Pig"", ""Teradata Database"", ""Basecamp"", ""ClassApps SelectSurveyASP"", ""Microsoft Project"", ""Perseus SurveySolutions"", ""Adobe ActionScript"", ""Microsoft Visual Basic"", ""Microsoft Visual Basic for Applications VBA"", ""Google Ads"", ""HubSpot software"", ""Marketo Marketing Automation"", ""Apple Keynote"", ""Google Slides"", ""Microsoft PowerPoint"", ""IBM Notes"", ""Microsoft Outlook"", ""Adobe Acrobat"", ""Microsoft SharePoint"", ""LogMeIn GoToMeeting"", ""Zoom"", ""Apple macOS"", ""Red Hat Enterprise Linux"", ""Delphi Technology"", ""Financial planning software"", ""Microsoft Excel"", ""ESRI ArcGIS software"", ""Adxstudio, for Microsoft"", ""Map Maker"", ""Digivey software (expert system feature)"", ""Digivey software (point of sale feature)"", ""LogMeIn GoToWebinar"", ""Microsoft Office software"", ""GroupMe"", ""NortonLifeLock cybersecurity software"", ""SAP Crystal Reports"", ""R"", ""Web browser software"", ""Microsoft Visio""]",computer_science
"News Analysts, Reporters, and Journalists","News Analysts, Reporters, and Journalists. Core skills: Speaking, Reading Comprehension, Writing, Active Listening, Social Perceptiveness, Time Management, Coordination, Critical Thinking, Active Learning, Complex Problem Solving, Judgment and Decision Making, Persuasion. Technology skills: Adobe After Effects, Apple Final Cut Pro, Grass Valley EDIUS, YouTube, FileMaker Pro, Microsoft Access, Microsoft SQL Server, Statistics databases, Facebook, Social media sites, Web content management system CMS software, WordPress.",onet,27-3023.00,business,"[""Speaking"", ""Reading Comprehension"", ""Writing"", ""Active Listening"", ""Social Perceptiveness"", ""Time Management"", ""Coordination"", ""Critical Thinking"", ""Active Learning"", ""Complex Problem Solving"", ""Judgment and Decision Making"", ""Persuasion"", ""Monitoring"", ""Service Orientation"", ""Negotiation"", ""Instructing"", ""Management of Personnel Resources"", ""Systems Analysis"", ""Learning Strategies"", ""Systems Evaluation"", ""Mathematics"", ""Management of Financial Resources"", ""Operation and Control"", ""Operations Monitoring"", ""Quality Control Analysis"", ""Technology Design"", ""Management of Material Resources"", ""Operations Analysis"", ""Programming"", ""Equipment Maintenance"", ""Equipment Selection"", ""Installation"", ""Repairing"", ""Science"", ""Troubleshooting""]","[""Adobe After Effects"", ""Apple Final Cut Pro"", ""Grass Valley EDIUS"", ""YouTube"", ""FileMaker Pro"", ""Microsoft Access"", ""Microsoft SQL Server"", ""Statistics databases"", ""Facebook"", ""Social media sites"", ""Web content management system CMS software"", ""WordPress"", ""IBM SPSS Statistics"", ""Nielsen Arianna"", ""Nielsen Marketbreaks"", ""Statistical analysis software"", ""Adobe InDesign"", ""Microsoft Publisher"", ""QuarkXPress"", ""Snapchat"", ""Twitter"", ""Audion Laboratories VoxPro"", ""Avid Technology Pro Tools"", ""Microsoft Excel"", ""ESRI ArcView"", ""Microsoft Outlook"", ""Microsoft Visual FoxPro"", ""Adobe Photoshop"", ""RCS NexGen Digital"", ""Microsoft Office software"", ""Microsoft Word"", ""Web browser software"", ""Microsoft PowerPoint"", ""Mapping software"", ""Desktop Technologies NewsBoss"", ""Hypertext markup language HTML"", ""LexisNexis""]",computer_science
"Agents and Business Managers of Artists, Performers, and Athletes","Agents and Business Managers of Artists, Performers, and Athletes. Core skills: Active Listening, Negotiation, Persuasion, Reading Comprehension, Speaking, Social Perceptiveness, Coordination, Critical Thinking, Time Management, Writing, Active Learning, Complex Problem Solving. Technology skills: Facebook, LinkedIn, Salesforce Marketing Cloud, Videoconferencing software, Zoom, Email software, Microsoft Outlook, Financial accounting software, Adobe Photoshop, Salesforce software, Microsoft Excel, Avid Technology iNEWS.",onet,13-1011.00,business,"[""Active Listening"", ""Negotiation"", ""Persuasion"", ""Reading Comprehension"", ""Speaking"", ""Social Perceptiveness"", ""Coordination"", ""Critical Thinking"", ""Time Management"", ""Writing"", ""Active Learning"", ""Complex Problem Solving"", ""Judgment and Decision Making"", ""Service Orientation"", ""Instructing"", ""Management of Personnel Resources"", ""Monitoring"", ""Learning Strategies"", ""Systems Analysis"", ""Systems Evaluation"", ""Mathematics"", ""Management of Financial Resources"", ""Operations Analysis"", ""Science"", ""Management of Material Resources"", ""Programming"", ""Technology Design"", ""Operation and Control"", ""Operations Monitoring"", ""Equipment Maintenance"", ""Equipment Selection"", ""Installation"", ""Quality Control Analysis"", ""Repairing"", ""Troubleshooting""]","[""Facebook"", ""LinkedIn"", ""Salesforce Marketing Cloud"", ""Videoconferencing software"", ""Zoom"", ""Email software"", ""Microsoft Outlook"", ""Financial accounting software"", ""Adobe Photoshop"", ""Salesforce software"", ""Microsoft Excel"", ""Avid Technology iNEWS"", ""Tax planning software"", ""Web server software"", ""Microsoft Office software"", ""Apple macOS"", ""Microsoft Word"", ""Twitter"", ""Statistical analysis software"", ""Web browser software"", ""Microsoft PowerPoint"", ""Database software"", ""LexisNexis""]",business
Marketing Managers,"Marketing Managers. Core skills: Active Learning, Active Listening, Critical Thinking, Reading Comprehension, Social Perceptiveness, Speaking, Judgment and Decision Making, Monitoring, Persuasion, Complex Problem Solving, Negotiation, Coordination. Technology skills: Airtable, Amazon Redshift, MySQL, Yardi software, Cascading style sheets CSS, Hypertext markup language HTML, JavaScript, PHP, Adobe After Effects, Flipgrid, TikTok, YouTube.",onet,11-2021.00,business,"[""Active Learning"", ""Active Listening"", ""Critical Thinking"", ""Reading Comprehension"", ""Social Perceptiveness"", ""Speaking"", ""Judgment and Decision Making"", ""Monitoring"", ""Persuasion"", ""Complex Problem Solving"", ""Negotiation"", ""Coordination"", ""Systems Evaluation"", ""Time Management"", ""Management of Personnel Resources"", ""Operations Analysis"", ""Systems Analysis"", ""Writing"", ""Learning Strategies"", ""Service Orientation"", ""Instructing"", ""Management of Financial Resources"", ""Mathematics"", ""Management of Material Resources"", ""Programming"", ""Quality Control Analysis"", ""Operations Monitoring"", ""Science"", ""Technology Design"", ""Equipment Maintenance"", ""Equipment Selection"", ""Installation"", ""Operation and Control"", ""Repairing"", ""Troubleshooting""]","[""Airtable"", ""Amazon Redshift"", ""MySQL"", ""Yardi software"", ""Cascading style sheets CSS"", ""Hypertext markup language HTML"", ""JavaScript"", ""PHP"", ""Adobe After Effects"", ""Flipgrid"", ""TikTok"", ""YouTube"", ""Blackbaud The Raiser's Edge"", ""Oracle Eloqua"", ""QAD Marketing Automation"", ""Salesforce software"", ""Apache Cassandra"", ""Apache Hive"", ""Elasticsearch"", ""Oracle PL/SQL"", ""Microsoft Dynamics"", ""Oracle Fusion Applications"", ""Oracle PeopleSoft"", ""SAP software"", ""IBM SPSS Statistics"", ""Minitab"", ""SAS"", ""The MathWorks MATLAB"", ""C"", ""Microsoft Azure software"", ""Microsoft Visual Basic for Applications VBA"", ""Ruby"", ""Adobe Creative Cloud software"", ""Adobe Illustrator"", ""Canva"", ""JamBoard"", ""Google Looker Analytics"", ""IBM Cognos Impromptu"", ""Oracle Business Intelligence Enterprise Edition"", ""Tableau"", ""Adobe Dreamweaver"", ""Facebook"", ""Instagram"", ""WordPress"", ""Asana"", ""Dropbox"", ""Google Drive"", ""Slack"", ""Jupyter Notebook"", ""Python"", ""R"", ""Swift"", ""Apple Keynote"", ""Google Slides"", ""Mentimeter"", ""Microsoft PowerPoint"", ""Fund accounting software"", ""Intuit QuickBooks"", ""Tax software"", ""Adobe Acrobat"", ""Adobe Acrobat Reader"", ""Microsoft SharePoint"", ""Evernote"", ""Google Docs"", ""Microsoft Word"", ""Google Ads"", ""HubSpot software"", ""Marketo Marketing Automation"", ""Atlassian Confluence"", ""Microsoft Project"", ""Microsoft Teams"", ""IBM Notes"", ""Microsoft Outlook"", ""Google Meet"", ""LogMeIn GoToMeeting"", ""Adobe InDesign"", ""Microsoft Publisher"", ""Extensible markup language XML"", ""IBM InfoSphere DataStage"", ""Delphi Technology"", ""Oracle E-Business Suite Financials"", ""McAfee"", ""NortonLifeLock cybersecurity software"", ""Microsoft Excel"", ""Atlassian JIRA"", ""GitHub"", ""IBM Power Systems software"", ""Citrix cloud computing software"", ""Oracle Beehive"", ""Padlet"", ""Eko"", ""IBM Domino"", ""LogMeIn GoToWebinar"", ""Armand Morin MultiTrack Generator"", ""Microsoft Office software"", ""Apple macOS"", ""Figma"", ""Database reporting software"", ""Nearpod"", ""Web browser software"", ""Splunk Enterprise"", ""Google Analytics"", ""Microsoft Visio"", ""LexisNexis""]",web_development
Financial Risk Specialists,"Financial Risk Specialists. Core skills: . Technology skills: IBM SPSS Statistics, SAS, TensorFlow, The MathWorks MATLAB, Google Docs, Microsoft OneNote, Microsoft Word, Report generation software, Delphi Technology, Oracle E-Business Suite Financials, Wolfram Research Mathematica Finance Essentials, Wolfram Research Mathematica UnRisk Pricing Engine.",onet,13-2054.00,business,[],"[""IBM SPSS Statistics"", ""SAS"", ""TensorFlow"", ""The MathWorks MATLAB"", ""Google Docs"", ""Microsoft OneNote"", ""Microsoft Word"", ""Report generation software"", ""Delphi Technology"", ""Oracle E-Business Suite Financials"", ""Wolfram Research Mathematica Finance Essentials"", ""Wolfram Research Mathematica UnRisk Pricing Engine"", ""Microsoft Dynamics"", ""Oracle PeopleSoft"", ""SAP software"", ""SSA Global Infinium Financial Management"", ""Amazon Web Services AWS software"", ""PyTorch"", ""ServiceNow"", ""Yardi software"", ""dailyVest Investment Personalization Platform"", ""LexisNexis"", ""S&P Capital IQ"", ""Standard & Poor's Capital IQ Compustat"", ""IBM Cognos Impromptu"", ""Microsoft Power BI"", ""Oracle Business Intelligence Enterprise Edition"", ""Tableau"", ""Apple AppleWorks"", ""Corel QuattroPro"", ""IBM Lotus 1-2-3"", ""Microsoft Excel"", ""Fund accounting software"", ""Intuit QuickBooks"", ""Sage 50 Accounting"", ""Tax software"", ""Microsoft Azure software"", ""Microsoft Visual Basic"", ""Microsoft Visual Basic for Applications VBA"", ""Ruby"", ""C++"", ""Perl"", ""Python"", ""R"", ""Apple Keynote"", ""DealMaven PresLink for PowerPoint and Word"", ""Google Slides"", ""Microsoft PowerPoint"", ""IBM Notes"", ""Microsoft Exchange"", ""Microsoft Outlook"", ""Ivorix Neurostrategy Finance"", ""Matheny Pattern Forecaster Plus"", ""NeuroSolutions for MatLab"", ""Apache Hive"", ""Apache Pig"", ""Teradata Database"", ""Microsoft SQL Server Reporting Services SSRS"", ""Reporting software"", ""SAP Crystal Reports"", ""Microsoft SharePoint"", ""Microsoft SharePoint Server"", ""Linux"", ""UNIX"", ""Montgomery Investment Technology Utility XL"", ""TickQuest NeoTicker"", ""ADP Workforce Now"", ""Human resource management software HRMS"", ""Microsoft Project"", ""Oracle Primavera Enterprise Project Portfolio Management"", ""Atlassian JIRA"", ""Perforce Helix software"", ""IBM Power Systems software"", ""Salesforce software"", ""Microsoft Office software"", ""Marketo Marketing Automation"", ""McAfee"", ""Web browser software"", ""Microsoft Visio""]",data_science
Financial and Investment Analysts,"Financial and Investment Analysts. Core skills: . Technology skills: IBM SPSS Statistics, SAS, StataCorp Stata, The MathWorks MATLAB, Google Docs, Microsoft OneNote, Microsoft Word, Report generation software, Delphi Technology, Moody's RiskCalc, Oracle E-Business Suite Financials, Oracle Hyperion Financial Management.",onet,13-2051.00,business,[],"[""IBM SPSS Statistics"", ""SAS"", ""StataCorp Stata"", ""The MathWorks MATLAB"", ""Google Docs"", ""Microsoft OneNote"", ""Microsoft Word"", ""Report generation software"", ""Delphi Technology"", ""Moody's RiskCalc"", ""Oracle E-Business Suite Financials"", ""Oracle Hyperion Financial Management"", ""Microsoft Dynamics"", ""Oracle PeopleSoft"", ""SAP software"", ""Workday software"", ""Alteryx software"", ""IBM Cognos Impromptu"", ""Microsoft Power BI"", ""Tableau"", ""Microsoft SQL Server"", ""Oracle Database"", ""Structured query language SQL"", ""Yardi software"", ""dailyVest Investment Personalization Platform"", ""LexisNexis"", ""TradeTools Monthly U.S. Economic Database"", ""Ward Systems Group NeuroShell Trader"", ""Apple AppleWorks"", ""Corel QuattroPro"", ""IBM Lotus 1-2-3"", ""Microsoft Excel"", ""Email software"", ""IBM Notes"", ""Microsoft Exchange"", ""Microsoft Outlook"", ""Fund accounting software"", ""Intuit QuickBooks"", ""Sage 50 Accounting"", ""Tax software"", ""Apple Keynote"", ""DealMaven PresLink for PowerPoint and Word"", ""Google Slides"", ""Microsoft PowerPoint"", ""Ivorix Neurostrategy Finance"", ""Matheny Pattern Forecaster Plus"", ""NeuroSolutions for MatLab"", ""Apache Hive"", ""Apache Pig"", ""Teradata Database"", ""Microsoft SQL Server Reporting Services SSRS"", ""Reporting software"", ""SAP Crystal Reports"", ""Microsoft SharePoint"", ""Microsoft SharePoint Server"", ""Microsoft Visual Basic"", ""Microsoft Visual Basic for Applications VBA"", ""Montgomery Investment Technology Utility XL"", ""TickQuest NeoTicker"", ""ADP Workforce Now"", ""Human resource management software HRMS"", ""Microsoft Project"", ""Oracle Primavera Enterprise Project Portfolio Management"", ""Perforce Helix software"", ""IBM Power Systems software"", ""Salesforce software"", ""Microsoft Office software"", ""Marketo Marketing Automation"", ""R"", ""Web browser software"", ""Microsoft Visio""]",data_science
Accountants and Auditors,"Accountants and Auditors. Core skills: Reading Comprehension, Active Listening, Critical Thinking, Speaking, Judgment and Decision Making, Writing, Complex Problem Solving, Monitoring, Coordination, Mathematics, Active Learning, Service Orientation. Technology skills: Intuit QuickBooks, Sage 50 Accounting, SAP Concur, Summit Software Summit Biofuels Accounting, Google Docs, Microsoft OneNote, Microsoft Word, Delphi Technology, Oracle E-Business Suite Financials, TopCAATs, Tropics workers' compensation software, ATX Total Tax Office.",onet,13-2011.00,business,"[""Reading Comprehension"", ""Active Listening"", ""Critical Thinking"", ""Speaking"", ""Judgment and Decision Making"", ""Writing"", ""Complex Problem Solving"", ""Monitoring"", ""Coordination"", ""Mathematics"", ""Active Learning"", ""Service Orientation"", ""Social Perceptiveness"", ""Time Management"", ""Persuasion"", ""Negotiation"", ""Systems Analysis"", ""Systems Evaluation"", ""Instructing"", ""Learning Strategies"", ""Management of Personnel Resources"", ""Management of Financial Resources"", ""Programming"", ""Management of Material Resources"", ""Quality Control Analysis"", ""Operations Monitoring"", ""Technology Design"", ""Operations Analysis"", ""Operation and Control"", ""Equipment Selection"", ""Science"", ""Installation"", ""Equipment Maintenance"", ""Repairing"", ""Troubleshooting""]","[""Intuit QuickBooks"", ""Sage 50 Accounting"", ""SAP Concur"", ""Summit Software Summit Biofuels Accounting"", ""Google Docs"", ""Microsoft OneNote"", ""Microsoft Word"", ""Delphi Technology"", ""Oracle E-Business Suite Financials"", ""TopCAATs"", ""Tropics workers' compensation software"", ""ATX Total Tax Office"", ""CCH ProSystem fx TAX"", ""Intuit TurboTax"", ""Thomson GoSystem Tax"", ""Microsoft Dynamics"", ""Oracle PeopleSoft"", ""SAP software"", ""Workday software"", ""Intrax ProcedureNet"", ""Sage HandiSoft HandiLedger"", ""Tax compliance property tax management software"", ""TrendTracker Compliance Solution"", ""Microsoft SQL Server"", ""Oracle Database"", ""Structured query language SQL"", ""Yardi software"", ""Adobe Acrobat"", ""Document management system software"", ""Microsoft SharePoint"", ""Sage CPADocument Manager"", ""Guidance Software EnCase Enterprise"", ""IBM SPSS Statistics"", ""SAS"", ""WizSoft WizRule"", ""Epic Systems"", ""Medical condition coding software"", ""Medical procedure coding software"", ""MEDITECH software"", ""Alteryx software"", ""IBM Cognos Impromptu"", ""Oracle Business Intelligence Enterprise Edition"", ""Tableau"", ""ADP Workforce Now"", ""CPSI EHR System"", ""Human resource management software HRMS"", ""Sage HRMS"", ""Billing software"", ""Choice Technologies PowerBill +"", ""Client billing software"", ""Invoice software"", ""IBM Notes"", ""Microsoft Exchange"", ""Microsoft Outlook"", ""eXtensible Business Reporting Language XBRL"", ""Microsoft Visual Basic"", ""Microsoft Visual Basic for Applications VBA"", ""Corel WordPerfect Office Suite"", ""Microsoft Office software"", ""Microsoft Works"", ""Google Sheets"", ""Microsoft Excel"", ""Blackbaud The Raiser's Edge"", ""Salesforce software"", ""Microsoft Windows"", ""UNIX"", ""Apache Solr"", ""Teradata Database"", ""ADP Super Report Writer"", ""SAP Crystal Reports"", ""R"", ""Swift"", ""Payroll software"", ""WorkForce Software EmpCenter Time and Attendance"", ""Google Slides"", ""Microsoft PowerPoint"", ""Data extraction software"", ""WizSoft WizWhy"", ""Microsoft Project"", ""Oracle Primavera Enterprise Project Portfolio Management"", ""Thomson Reuters Risk Management"", ""IBM Power Systems software"", ""Eko"", ""Microsoft Publisher"", ""TechSmith Camtasia"", ""SAP BusinessObjects Data Integrator"", ""Tumbleweed SecureTransport"", ""NortonLifeLock cybersecurity software"", ""Asset management software"", ""Microsoft Visio"", ""LexisNexis""]",
"Securities, Commodities, and Financial Services Sales Agents","Securities, Commodities, and Financial Services Sales Agents. Core skills: Active Listening, Critical Thinking, Judgment and Decision Making, Monitoring, Active Learning, Persuasion, Reading Comprehension, Speaking, Complex Problem Solving, Social Perceptiveness, Writing, Service Orientation. Technology skills: Microsoft Dynamics GP, Oracle PeopleSoft, Oracle PeopleSoft Financials, SAP software, Microsoft PowerPoint, Bloomberg Professional, Oracle E-Business Suite Financials, Triple Point Commodity XL, Web-based trading systems, Database management software, FileMaker Pro, Microsoft Access.",onet,41-3031.00,business,"[""Active Listening"", ""Critical Thinking"", ""Judgment and Decision Making"", ""Monitoring"", ""Active Learning"", ""Persuasion"", ""Reading Comprehension"", ""Speaking"", ""Complex Problem Solving"", ""Social Perceptiveness"", ""Writing"", ""Service Orientation"", ""Systems Analysis"", ""Management of Financial Resources"", ""Mathematics"", ""Systems Evaluation"", ""Time Management"", ""Negotiation"", ""Coordination"", ""Instructing"", ""Management of Personnel Resources"", ""Learning Strategies"", ""Management of Material Resources"", ""Operations Analysis"", ""Programming"", ""Operations Monitoring"", ""Technology Design"", ""Quality Control Analysis"", ""Science"", ""Equipment Maintenance"", ""Equipment Selection"", ""Installation"", ""Operation and Control"", ""Troubleshooting"", ""Repairing""]","[""Microsoft Dynamics GP"", ""Oracle PeopleSoft"", ""Oracle PeopleSoft Financials"", ""SAP software"", ""Microsoft PowerPoint"", ""Bloomberg Professional"", ""Oracle E-Business Suite Financials"", ""Triple Point Commodity XL"", ""Web-based trading systems"", ""Database management software"", ""FileMaker Pro"", ""Microsoft Access"", ""Web-based information systems"", ""CSI Complex Systems ClientTrade"", ""Microsoft Dynamics"", ""Oracle Siebel CRM"", ""Salesforce software"", ""C++"", ""Oracle Java"", ""Python"", ""R"", ""Email software"", ""IBM Notes"", ""Microsoft Outlook"", ""Linux"", ""Microsoft Windows"", ""UNIX"", ""Fund accounting software"", ""Sage 50 Accounting"", ""ADP/Vantra VOLTS"", ""Imagine Software Imagine Trading System"", ""Microsoft Excel"", ""Graphics software"", ""Microsoft SharePoint"", ""Microsoft Visual Basic"", ""Customer information control system CICS"", ""Microsoft Office software"", ""Microsoft Word"", ""IBM Cognos Impromptu"", ""The MathWorks MATLAB"", ""Web browser software"", ""Regulatory agency compliance software"", ""LinkedIn"", ""Scheduling software""]",
"Office Clerks, General","Office Clerks, General. Core skills: Active Listening, Reading Comprehension, Speaking, Writing, Coordination, Critical Thinking, Service Orientation, Social Perceptiveness, Time Management, Monitoring, Active Learning, Instructing. Technology skills: Blackboard software, Database software, Microsoft Access, Yardi software, Adobe Acrobat, Microsoft SharePoint, Records management software, Transcription system software, Henry Schein Dentrix, Medical condition coding software, Medical procedure coding software, MEDITECH software.",onet,43-9061.00,business,"[""Active Listening"", ""Reading Comprehension"", ""Speaking"", ""Writing"", ""Coordination"", ""Critical Thinking"", ""Service Orientation"", ""Social Perceptiveness"", ""Time Management"", ""Monitoring"", ""Active Learning"", ""Instructing"", ""Judgment and Decision Making"", ""Complex Problem Solving"", ""Negotiation"", ""Persuasion"", ""Learning Strategies"", ""Management of Personnel Resources"", ""Mathematics"", ""Operations Monitoring"", ""Systems Analysis"", ""Systems Evaluation"", ""Management of Material Resources"", ""Quality Control Analysis"", ""Management of Financial Resources"", ""Troubleshooting"", ""Operation and Control"", ""Technology Design"", ""Programming"", ""Operations Analysis"", ""Equipment Maintenance"", ""Equipment Selection"", ""Installation"", ""Repairing"", ""Science""]","[""Blackboard software"", ""Database software"", ""Microsoft Access"", ""Yardi software"", ""Adobe Acrobat"", ""Microsoft SharePoint"", ""Records management software"", ""Transcription system software"", ""Henry Schein Dentrix"", ""Medical condition coding software"", ""Medical procedure coding software"", ""MEDITECH software"", ""Oracle JD Edwards EnterpriseOne"", ""Oracle PeopleSoft"", ""Oracle PeopleSoft Financials"", ""SAP software"", ""3M Post-it App"", ""Evernote"", ""Google Docs"", ""Microsoft Word"", ""Facebook"", ""Google Sites"", ""LinkedIn"", ""Social media sites"", ""IBM Notes"", ""Microsoft Exchange"", ""Microsoft Outlook"", ""Bookkeeping software"", ""Intuit QuickBooks"", ""Sage 50 Accounting"", ""Blackbaud The Raiser's Edge"", ""Microsoft Dynamics"", ""Salesforce.com Salesforce CRM"", ""Adobe InDesign"", ""Microsoft Publisher"", ""Google Workspace software"", ""Microsoft Office software"", ""Dropbox"", ""Google Drive"", ""Mavenlink"", ""Microsoft Project"", ""Microsoft Excel"", ""SmugMug Flickr"", ""Electronic Data Interchange EDI systems"", ""Microsoft Windows"", ""GroupMe"", ""ADP Workforce Now"", ""Web browser software"", ""Microsoft PowerPoint"", ""Billing software"", ""Appointment scheduling software"", ""LexisNexis""]",
Document Management Specialists,"Document Management Specialists. Core skills: Reading Comprehension, Active Listening, Critical Thinking, Writing, Complex Problem Solving, Monitoring, Systems Analysis, Active Learning, Systems Evaluation, Judgment and Decision Making, Speaking, Time Management. Technology skills: Adobe Acrobat, Alfresco Software Alfresco, FileHold Systems FileHold, Microsoft SharePoint, Apple Final Cut Pro, WeVideo, Microsoft Dynamics, Oracle PeopleSoft Financials, Pegasystems SmartBPM, SAP ERP Financials, CAPSYS Capture, EMC Captiva.",onet,15-1299.03,business,"[""Reading Comprehension"", ""Active Listening"", ""Critical Thinking"", ""Writing"", ""Complex Problem Solving"", ""Monitoring"", ""Systems Analysis"", ""Active Learning"", ""Systems Evaluation"", ""Judgment and Decision Making"", ""Speaking"", ""Time Management"", ""Coordination"", ""Instructing"", ""Learning Strategies"", ""Service Orientation"", ""Social Perceptiveness"", ""Persuasion"", ""Management of Personnel Resources"", ""Negotiation"", ""Programming"", ""Mathematics"", ""Operations Analysis"", ""Technology Design"", ""Management of Financial Resources"", ""Management of Material Resources"", ""Operations Monitoring"", ""Quality Control Analysis"", ""Science"", ""Equipment Maintenance"", ""Equipment Selection"", ""Installation"", ""Operation and Control"", ""Repairing"", ""Troubleshooting""]","[""Adobe Acrobat"", ""Alfresco Software Alfresco"", ""FileHold Systems FileHold"", ""Microsoft SharePoint"", ""Apple Final Cut Pro"", ""WeVideo"", ""Microsoft Dynamics"", ""Oracle PeopleSoft Financials"", ""Pegasystems SmartBPM"", ""SAP ERP Financials"", ""CAPSYS Capture"", ""EMC Captiva"", ""Microsoft Office Document Imaging"", ""Office Gemini Diamond Vision"", ""FileMaker Pro"", ""IBM DB2"", ""Microsoft Access"", ""Microsoft SQL Server"", ""IBM MVS"", ""Linux"", ""Microsoft Windows"", ""UNIX"", ""Apache Groovy"", ""Oracle Java"", ""Perl"", ""SAP PowerBuilder"", ""Microsoft .NET Framework"", ""Microsoft Visual Basic"", ""Oracle SQL Developer"", ""Autodesk AutoCAD"", ""Dassault Systemes SolidWorks"", ""PTC Creo Parametric"", ""IBM FileNet Content Manager"", ""Thomson Reuters GoFileRoom"", ""IBM Notes"", ""Microsoft Outlook"", ""Extensible markup language XML"", ""SAP BusinessObjects Data Integrator"", ""Adobe Dreamweaver"", ""Google Sites"", ""Central Desktop"", ""Microsoft Project"", ""Apache Tomcat"", ""Hypertext markup language HTML"", ""Microsoft Excel"", ""File system software"", ""Oracle WebLogic Server"", ""Optical character recognition OCR software"", ""Adobe Photoshop"", ""Google Meet"", ""Skype"", ""Adobe InDesign"", ""Version control software"", ""File compression software"", ""Microsoft Office software"", ""Microsoft Word"", ""Teradata Database"", ""Google Ads"", ""SAP Business Objects"", ""Microsoft PowerPoint"", ""IBM WebSphere MQ"", ""Google Analytics"", ""Unified modeling language UML"", ""Microsoft Visio""]",
Logistics Analysts,"Logistics Analysts. Core skills: Critical Thinking, Reading Comprehension, Active Listening, Complex Problem Solving, Monitoring, Speaking, Systems Analysis, Systems Evaluation, Judgment and Decision Making, Writing, Time Management, Active Learning. Technology skills: Oracle JD Edwards EnterpriseOne, Oracle PeopleSoft, Oracle PeopleSoft Financials, SAP software, Microsoft PowerPoint, Cadre Technologies Accuplus Integrated Distribution Logistics System, Four Soft 4S VisiLog, Logisuite Forwarder, Oracle E-Business Suite Logistics, IBM Cognos Impromptu, Microsoft Power BI, Oracle Business Intelligence Enterprise Edition.",onet,13-1081.02,business,"[""Critical Thinking"", ""Reading Comprehension"", ""Active Listening"", ""Complex Problem Solving"", ""Monitoring"", ""Speaking"", ""Systems Analysis"", ""Systems Evaluation"", ""Judgment and Decision Making"", ""Writing"", ""Time Management"", ""Active Learning"", ""Coordination"", ""Management of Personnel Resources"", ""Mathematics"", ""Service Orientation"", ""Social Perceptiveness"", ""Instructing"", ""Negotiation"", ""Persuasion"", ""Learning Strategies"", ""Management of Material Resources"", ""Management of Financial Resources"", ""Quality Control Analysis"", ""Operations Analysis"", ""Operations Monitoring"", ""Programming"", ""Technology Design"", ""Science"", ""Troubleshooting"", ""Equipment Maintenance"", ""Equipment Selection"", ""Installation"", ""Operation and Control"", ""Repairing""]","[""Oracle JD Edwards EnterpriseOne"", ""Oracle PeopleSoft"", ""Oracle PeopleSoft Financials"", ""SAP software"", ""Microsoft PowerPoint"", ""Cadre Technologies Accuplus Integrated Distribution Logistics System"", ""Four Soft 4S VisiLog"", ""Logisuite Forwarder"", ""Oracle E-Business Suite Logistics"", ""IBM Cognos Impromptu"", ""Microsoft Power BI"", ""Oracle Business Intelligence Enterprise Edition"", ""Tableau"", ""IBM SPSS Statistics"", ""Minitab"", ""Optimization software"", ""The MathWorks MATLAB"", ""Amazon Redshift"", ""Microsoft Access"", ""Microsoft SQL Server"", ""Structured query language SQL"", ""IBM Notes"", ""Microsoft Outlook"", ""Microsoft Visual Basic"", ""Microsoft Visual Basic for Applications VBA"", ""Reporting software"", ""SAP Crystal Reports"", ""Microsoft Project"", ""Oracle Primavera Enterprise Project Portfolio Management"", ""Inventory control software"", ""Inventory management systems"", ""Flow chart software"", ""Microsoft Visio"", ""Microsoft Excel"", ""ESRI ArcLogistics"", ""Graphics software"", ""Microsoft SharePoint"", ""Microsoft Office software"", ""Microsoft Windows"", ""Microsoft Word"", ""Oracle E-Business Suite Financials"", ""Advanced business application programming ABAP""]",data_science
Budget Analysts,"Budget Analysts. Core skills: Critical Thinking, Mathematics, Active Listening, Complex Problem Solving, Judgment and Decision Making, Reading Comprehension, Speaking, Management of Financial Resources, Active Learning, Monitoring, Systems Analysis, Writing. Technology skills: Microsoft Dynamics GP, Oracle Hyperion, Sage Active Planner, SAP software, Microsoft PowerPoint, SAP Crystal Xcelsius, Budget monitoring systems, Microsoft FRx, Oracle E-Business Suite Financials, Satori Group proCube, Microsoft Access, Online analytical processing OLAP software.",onet,13-2031.00,business,"[""Critical Thinking"", ""Mathematics"", ""Active Listening"", ""Complex Problem Solving"", ""Judgment and Decision Making"", ""Reading Comprehension"", ""Speaking"", ""Management of Financial Resources"", ""Active Learning"", ""Monitoring"", ""Systems Analysis"", ""Writing"", ""Social Perceptiveness"", ""Systems Evaluation"", ""Time Management"", ""Coordination"", ""Instructing"", ""Negotiation"", ""Persuasion"", ""Learning Strategies"", ""Service Orientation"", ""Management of Personnel Resources"", ""Operations Analysis"", ""Management of Material Resources"", ""Operations Monitoring"", ""Programming"", ""Technology Design"", ""Science"", ""Quality Control Analysis"", ""Equipment Maintenance"", ""Equipment Selection"", ""Installation"", ""Operation and Control"", ""Repairing"", ""Troubleshooting""]","[""Microsoft Dynamics GP"", ""Oracle Hyperion"", ""Sage Active Planner"", ""SAP software"", ""Microsoft PowerPoint"", ""SAP Crystal Xcelsius"", ""Budget monitoring systems"", ""Microsoft FRx"", ""Oracle E-Business Suite Financials"", ""Satori Group proCube"", ""Microsoft Access"", ""Online analytical processing OLAP software"", ""Relational database software"", ""Structured query language SQL"", ""Deltek Costpoint"", ""Fund accounting software"", ""Hyperion Enterprise"", ""Payroll software"", ""Time and attendance software"", ""Valiant Vantage"", ""Email software"", ""Microsoft Outlook"", ""Business Objects Data Integrator"", ""Microsoft Visual Basic"", ""IBM Cognos Business Intelligence"", ""Microsoft Power BI"", ""Human resources management system HRMS"", ""Ultimate Software UltiPro Workplace"", ""Microsoft Excel"", ""Graphics software"", ""Microsoft SharePoint"", ""Microsoft Office software"", ""Microsoft Word"", ""SAP BusinessObjects Crystal Reports"", ""Microsoft Visual Basic.NET"", ""Statistical software""]",
Compliance Managers,"Compliance Managers. Core skills: Critical Thinking, Reading Comprehension, Active Listening, Speaking, Writing, Active Learning, Coordination, Monitoring, Persuasion, Judgment and Decision Making, Social Perceptiveness, Instructing. Technology skills: Apple Safari, Microsoft Internet Explorer, Mozilla Firefox, Web browser software, Microsoft PowerPoint, Actimize Brokerage Compliance Solutions, MetricStream Enterprise Compliance Platform, Oracle Enterprise Governance, Risk, and Compliance Manager, Thomson Reuters Paisley Enterprise GRC, Email software, IBM Notes, Microsoft Outlook.",onet,11-9199.02,business,"[""Critical Thinking"", ""Reading Comprehension"", ""Active Listening"", ""Speaking"", ""Writing"", ""Active Learning"", ""Coordination"", ""Monitoring"", ""Persuasion"", ""Judgment and Decision Making"", ""Social Perceptiveness"", ""Instructing"", ""Complex Problem Solving"", ""Learning Strategies"", ""Systems Analysis"", ""Negotiation"", ""Systems Evaluation"", ""Time Management"", ""Service Orientation"", ""Management of Personnel Resources"", ""Mathematics"", ""Quality Control Analysis"", ""Operations Monitoring"", ""Management of Financial Resources"", ""Management of Material Resources"", ""Operations Analysis"", ""Programming"", ""Technology Design"", ""Operation and Control"", ""Science"", ""Troubleshooting"", ""Equipment Selection"", ""Equipment Maintenance"", ""Installation"", ""Repairing""]","[""Apple Safari"", ""Microsoft Internet Explorer"", ""Mozilla Firefox"", ""Web browser software"", ""Microsoft PowerPoint"", ""Actimize Brokerage Compliance Solutions"", ""MetricStream Enterprise Compliance Platform"", ""Oracle Enterprise Governance, Risk, and Compliance Manager"", ""Thomson Reuters Paisley Enterprise GRC"", ""Email software"", ""IBM Notes"", ""Microsoft Outlook"", ""Data analysis software"", ""Horwath Software Magique"", ""StataCorp Stata"", ""MasterControl MD"", ""MasterControl TotalPharma"", ""Adobe Acrobat"", ""Microsoft SharePoint"", ""Microsoft Excel"", ""Healthcare common procedure coding system HCPCS"", ""Tax software"", ""Tax accounting software"", ""Microsoft Office software"", ""Microsoft Windows"", ""Microsoft Word"", ""Database management software"", ""SAP BEx Report Designer"", ""Human resource information system (HRIS)"", ""Microsoft Access"", ""Microsoft Project"", ""Scheduling software"", ""Microsoft Visio"", ""LexisNexis""]",cybersecurity
Industrial-Organizational Psychologists,"Industrial-Organizational Psychologists. Core skills: Active Listening, Reading Comprehension, Writing, Critical Thinking, Judgment and Decision Making, Speaking, Complex Problem Solving, Systems Evaluation, Active Learning, Monitoring, Social Perceptiveness, Systems Analysis. Technology skills: IBM SPSS Statistics, Muthen & Muthen Mplus, SAS, Winsteps, Learning management system LMS, Padlet, Google Sheets, Microsoft Excel, Mentimeter, Microsoft PowerPoint, Microsoft Outlook, Adobe Acrobat.",onet,19-3032.00,business,"[""Active Listening"", ""Reading Comprehension"", ""Writing"", ""Critical Thinking"", ""Judgment and Decision Making"", ""Speaking"", ""Complex Problem Solving"", ""Systems Evaluation"", ""Active Learning"", ""Monitoring"", ""Social Perceptiveness"", ""Systems Analysis"", ""Coordination"", ""Persuasion"", ""Science"", ""Instructing"", ""Learning Strategies"", ""Time Management"", ""Mathematics"", ""Operations Analysis"", ""Management of Personnel Resources"", ""Service Orientation"", ""Negotiation"", ""Programming"", ""Management of Financial Resources"", ""Management of Material Resources"", ""Operations Monitoring"", ""Quality Control Analysis"", ""Technology Design"", ""Equipment Maintenance"", ""Equipment Selection"", ""Installation"", ""Operation and Control"", ""Repairing"", ""Troubleshooting""]","[""IBM SPSS Statistics"", ""Muthen & Muthen Mplus"", ""SAS"", ""Winsteps"", ""Learning management system LMS"", ""Padlet"", ""Google Sheets"", ""Microsoft Excel"", ""Mentimeter"", ""Microsoft PowerPoint"", ""Microsoft Outlook"", ""Adobe Acrobat"", ""Oracle PeopleSoft"", ""Microsoft Office software"", ""Microsoft Word"", ""Human resource information system (HRIS)"", ""Web browser software"", ""Microsoft Access"", ""Microsoft Project"", ""Hypertext markup language HTML"", ""Microsoft Visio""]",data_science
Chief Executives,"Chief Executives. Core skills: Judgment and Decision Making, Complex Problem Solving, Critical Thinking, Coordination, Management of Financial Resources, Management of Personnel Resources, Speaking, Systems Evaluation, Negotiation, Reading Comprehension, Social Perceptiveness, Systems Analysis. Technology skills: Microsoft Dynamics, Oracle E-Business Suite, Oracle PeopleSoft, SAP software, Mentimeter, Microsoft PowerPoint, ComputerEase construction accounting software, Fund accounting software, Intuit QuickBooks, Sage 50 Accounting, Halogen e360, Halogen ePraisal.",onet,11-1011.00,business,"[""Judgment and Decision Making"", ""Complex Problem Solving"", ""Critical Thinking"", ""Coordination"", ""Management of Financial Resources"", ""Management of Personnel Resources"", ""Speaking"", ""Systems Evaluation"", ""Negotiation"", ""Reading Comprehension"", ""Social Perceptiveness"", ""Systems Analysis"", ""Writing"", ""Active Listening"", ""Management of Material Resources"", ""Monitoring"", ""Persuasion"", ""Time Management"", ""Active Learning"", ""Instructing"", ""Mathematics"", ""Learning Strategies"", ""Operations Analysis"", ""Service Orientation"", ""Operations Monitoring"", ""Operation and Control"", ""Quality Control Analysis"", ""Programming"", ""Technology Design"", ""Science"", ""Troubleshooting"", ""Equipment Selection"", ""Equipment Maintenance"", ""Installation"", ""Repairing""]","[""Microsoft Dynamics"", ""Oracle E-Business Suite"", ""Oracle PeopleSoft"", ""SAP software"", ""Mentimeter"", ""Microsoft PowerPoint"", ""ComputerEase construction accounting software"", ""Fund accounting software"", ""Intuit QuickBooks"", ""Sage 50 Accounting"", ""Halogen e360"", ""Halogen ePraisal"", ""Human resource information system (HRIS)"", ""Infor SSA Human Capital Management"", ""AdSense Tracker"", ""Databox"", ""Microsoft Access"", ""Structured query language SQL"", ""HCSS HeavyBid"", ""HCSS HeavyJob"", ""Microsoft Project"", ""Email software"", ""Listserv software"", ""Microsoft Outlook"", ""Lyris HQ Web-Analytics Solution"", ""Nedstat Sitestat"", ""Online advertising reporting software"", ""Blackbaud The Raiser's Edge"", ""Oracle Siebel Server Sync"", ""Exact Software Macola ES Labor Performance"", ""Norchard Solutions Succession Wizard"", ""Microsoft Excel"", ""Atlassian JIRA"", ""Graphic presentation software"", ""SmugMug Flickr"", ""Adobe Acrobat"", ""Microsoft SharePoint"", ""Microsoft Publisher"", ""Extensible markup language XML"", ""Microsoft Office software"", ""Microsoft Word"", ""Relational database management software"", ""Microsoft FRx"", ""Database reporting software"", ""Web browser software"", ""PHP""]",
Personal Financial Advisors,"Personal Financial Advisors. Core skills: Active Listening, Reading Comprehension, Speaking, Writing, Critical Thinking, Complex Problem Solving, Judgment and Decision Making, Mathematics, Service Orientation, Social Perceptiveness, Persuasion, Systems Analysis. Technology skills: ACT! ACT4Advisors, Microsoft Business Contact Manager, Salesforce software, Web Information Solutions Pocket Informant, Financial planning presentation software, Microsoft PowerPoint, MoneyTree Silver Financial Planner (presentation feature), Finance Logix Retirement Planner, Ibbotson Portfolio Strategist, Oracle E-Business Suite Financials, WealthTec Foundations, Cabinet NG CNG-SAFE.",onet,13-2052.00,business,"[""Active Listening"", ""Reading Comprehension"", ""Speaking"", ""Writing"", ""Critical Thinking"", ""Complex Problem Solving"", ""Judgment and Decision Making"", ""Mathematics"", ""Service Orientation"", ""Social Perceptiveness"", ""Persuasion"", ""Systems Analysis"", ""Systems Evaluation"", ""Active Learning"", ""Monitoring"", ""Coordination"", ""Instructing"", ""Learning Strategies"", ""Negotiation"", ""Time Management"", ""Management of Financial Resources"", ""Operations Analysis"", ""Management of Personnel Resources"", ""Management of Material Resources"", ""Quality Control Analysis"", ""Operations Monitoring"", ""Programming"", ""Technology Design"", ""Science"", ""Equipment Maintenance"", ""Equipment Selection"", ""Installation"", ""Operation and Control"", ""Repairing"", ""Troubleshooting""]","[""ACT! ACT4Advisors"", ""Microsoft Business Contact Manager"", ""Salesforce software"", ""Web Information Solutions Pocket Informant"", ""Financial planning presentation software"", ""Microsoft PowerPoint"", ""MoneyTree Silver Financial Planner (presentation feature)"", ""Finance Logix Retirement Planner"", ""Ibbotson Portfolio Strategist"", ""Oracle E-Business Suite Financials"", ""WealthTec Foundations"", ""Cabinet NG CNG-SAFE"", ""ScanSoft PaperPort Pro"", ""SunGard LockBox"", ""World Software Corporation Worldox"", ""FileMaker Pro"", ""Microsoft Access"", ""Microsoft SQL Server"", ""Structured query language SQL"", ""Corel QuattroPro"", ""IBM Lotus 1-2-3"", ""Microsoft Excel"", ""Microsoft Dynamics"", ""Oracle Hyperion"", ""Oracle PeopleSoft Financials"", ""Automatic Data Processing ProxyEdge"", ""Financial report generation software"", ""Microsoft Word"", ""Fund accounting software"", ""Sage 50 Accounting"", ""Microsoft Outlook"", ""Microsoft Visual Basic"", ""IBM Domino"", ""Microsoft Office software"", ""Swift"", ""Monte Carlo simulation software"", ""Web browser software"", ""ComplianceMAX"", ""Microsoft Project"", ""Pimlico Software DateBk""]",
Financial Examiners,"Financial Examiners. Core skills: Critical Thinking, Reading Comprehension, Active Listening, Speaking, Writing, Complex Problem Solving, Judgment and Decision Making, Monitoring, Active Learning, Coordination, Mathematics, Social Perceptiveness. Technology skills: Microsoft Access, Structured query language SQL, Microsoft PowerPoint, ACL Analytics, Financial transaction analysis software, General Examination System GENESYS, PricewaterhouseCoopers TeamMate, NILS INSource, ODEN Insurance Services State Rules & Regulations, Oversight Insights On Demand, System for Electronic Rate and Form Filing SERFF, Investigation management software.",onet,13-2061.00,business,"[""Critical Thinking"", ""Reading Comprehension"", ""Active Listening"", ""Speaking"", ""Writing"", ""Complex Problem Solving"", ""Judgment and Decision Making"", ""Monitoring"", ""Active Learning"", ""Coordination"", ""Mathematics"", ""Social Perceptiveness"", ""Systems Analysis"", ""Systems Evaluation"", ""Management of Personnel Resources"", ""Time Management"", ""Instructing"", ""Learning Strategies"", ""Service Orientation"", ""Negotiation"", ""Operations Analysis"", ""Persuasion"", ""Quality Control Analysis"", ""Management of Financial Resources"", ""Operations Monitoring"", ""Management of Material Resources"", ""Programming"", ""Technology Design"", ""Operation and Control"", ""Science"", ""Equipment Maintenance"", ""Equipment Selection"", ""Installation"", ""Repairing"", ""Troubleshooting""]","[""Microsoft Access"", ""Structured query language SQL"", ""Microsoft PowerPoint"", ""ACL Analytics"", ""Financial transaction analysis software"", ""General Examination System GENESYS"", ""PricewaterhouseCoopers TeamMate"", ""NILS INSource"", ""ODEN Insurance Services State Rules & Regulations"", ""Oversight Insights On Demand"", ""System for Electronic Rate and Form Filing SERFF"", ""Investigation management software"", ""Microsoft Project"", ""LexisNexis"", ""Thomson Reuters Westlaw Edge"", ""Microsoft Excel"", ""Microsoft Outlook"", ""Microsoft SharePoint"", ""SAP software"", ""Microsoft Office software"", ""Microsoft Windows"", ""Microsoft Word"", ""R"", ""Web browser software"", ""Microsoft Visio""]",computer_science
Loan Officers,"Loan Officers. Core skills: Active Listening, Speaking, Judgment and Decision Making, Reading Comprehension, Critical Thinking, Writing, Complex Problem Solving, Mathematics, Social Perceptiveness, Active Learning, Time Management, Service Orientation. Technology skills: FileMaker Pro, Microsoft Access, Student information systems SIS software, Sungard Higher Education PowerFAIDS, Zoom, Delphi Discovery, Experian Credinomics, VueCentric MortgageDashboard, White Clarke North America Credit Adjudication and Lending Management, Bottom Line LoanMaster Loan Servicing, Financial Industry Computer Systems Loan Accountant, Tax software.",onet,13-2072.00,business,"[""Active Listening"", ""Speaking"", ""Judgment and Decision Making"", ""Reading Comprehension"", ""Critical Thinking"", ""Writing"", ""Complex Problem Solving"", ""Mathematics"", ""Social Perceptiveness"", ""Active Learning"", ""Time Management"", ""Service Orientation"", ""Coordination"", ""Instructing"", ""Monitoring"", ""Negotiation"", ""Persuasion"", ""Learning Strategies"", ""Management of Personnel Resources"", ""Systems Analysis"", ""Systems Evaluation"", ""Management of Financial Resources"", ""Management of Material Resources"", ""Operations Monitoring"", ""Technology Design"", ""Operations Analysis"", ""Programming"", ""Quality Control Analysis"", ""Operation and Control"", ""Equipment Maintenance"", ""Equipment Selection"", ""Installation"", ""Repairing"", ""Science"", ""Troubleshooting""]","[""FileMaker Pro"", ""Microsoft Access"", ""Student information systems SIS software"", ""Sungard Higher Education PowerFAIDS"", ""Zoom"", ""Delphi Discovery"", ""Experian Credinomics"", ""VueCentric MortgageDashboard"", ""White Clarke North America Credit Adjudication and Lending Management"", ""Bottom Line LoanMaster Loan Servicing"", ""Financial Industry Computer Systems Loan Accountant"", ""Tax software"", ""Datatel Colleague"", ""Oracle PeopleSoft"", ""SAP software"", ""Equifax Application Engine"", ""Experian Transact SM"", ""IBM Notes"", ""Microsoft Outlook"", ""Experian Strategy Management"", ""Microsoft Office software"", ""Microsoft Internet Explorer"", ""Web browser software"", ""CGI-AMS BureauLink Enterprise"", ""LexisNexis"", ""Microsoft Excel"", ""eOriginal eCore Business Suite"", ""Common business oriented language COBOL"", ""Microsoft Dynamics"", ""Customer information control system CICS"", ""Microsoft Word"", ""Microsoft PowerPoint"", ""Wolters Kluwer Financial Services ComplianceOne""]",
"Financial Specialists, All Other","Financial Specialists, All Other. Core skills: . Technology skills: .",onet,13-2099.00,business,[],[],
Treasurers and Controllers,"Treasurers and Controllers. Core skills: Complex Problem Solving, Critical Thinking, Judgment and Decision Making, Reading Comprehension, Management of Financial Resources, Speaking, Active Listening, Monitoring, Mathematics, Active Learning, Systems Evaluation, Writing. Technology skills: Exact Software Macola ES, Microsoft Dynamics, NetSuite ERP, SAP software, Microsoft PowerPoint, Fund accounting software, Hyperion Enterprise, Intuit QuickBooks, Sage 50 Accounting, FileMaker Pro, Microsoft Access, Structured query language SQL.",onet,11-3031.01,business,"[""Complex Problem Solving"", ""Critical Thinking"", ""Judgment and Decision Making"", ""Reading Comprehension"", ""Management of Financial Resources"", ""Speaking"", ""Active Listening"", ""Monitoring"", ""Mathematics"", ""Active Learning"", ""Systems Evaluation"", ""Writing"", ""Coordination"", ""Time Management"", ""Systems Analysis"", ""Management of Personnel Resources"", ""Negotiation"", ""Social Perceptiveness"", ""Learning Strategies"", ""Persuasion"", ""Instructing"", ""Management of Material Resources"", ""Service Orientation"", ""Operations Analysis"", ""Operations Monitoring"", ""Quality Control Analysis"", ""Programming"", ""Technology Design"", ""Science"", ""Operation and Control"", ""Equipment Maintenance"", ""Equipment Selection"", ""Installation"", ""Repairing"", ""Troubleshooting""]","[""Exact Software Macola ES"", ""Microsoft Dynamics"", ""NetSuite ERP"", ""SAP software"", ""Microsoft PowerPoint"", ""Fund accounting software"", ""Hyperion Enterprise"", ""Intuit QuickBooks"", ""Sage 50 Accounting"", ""FileMaker Pro"", ""Microsoft Access"", ""Structured query language SQL"", ""Yardi software"", ""Corel QuattroPro"", ""IBM Lotus 1-2-3"", ""Microsoft Excel"", ""Microsoft FRx"", ""Oracle E-Business Suite Financials"", ""Oracle Hyperion Planning"", ""IBM Cognos Impromptu"", ""Oracle Business Intelligence Enterprise Edition"", ""ADP Workforce Now"", ""Automatic Data Processing PC payroll for windows PCPW"", ""Microsoft Project"", ""Oracle Primavera Enterprise Project Portfolio Management"", ""Microsoft Outlook"", ""Microsoft SharePoint Server"", ""Blackbaud The Raiser's Edge"", ""Microsoft Office software"", ""Microsoft Word"", ""SAP Crystal Reports"", ""Hypertext markup language HTML""]",computer_science
"Bookkeeping, Accounting, and Auditing Clerks","Bookkeeping, Accounting, and Auditing Clerks. Core skills: Mathematics, Active Listening, Critical Thinking, Reading Comprehension, Speaking, Writing, Monitoring, Time Management, Complex Problem Solving, Coordination, Service Orientation, Active Learning. Technology skills: Intuit QuickBooks, Sage 50 Accounting, SAP Concur, Tax software, Dropbox, Google Drive, AcornSystems Corporate Performance Management, Cartesis ES Magnitude, Microsoft Dynamics, SAP software, Delphi Technology, Oracle E-Business Suite Financials.",onet,43-3031.00,business,"[""Mathematics"", ""Active Listening"", ""Critical Thinking"", ""Reading Comprehension"", ""Speaking"", ""Writing"", ""Monitoring"", ""Time Management"", ""Complex Problem Solving"", ""Coordination"", ""Service Orientation"", ""Active Learning"", ""Judgment and Decision Making"", ""Social Perceptiveness"", ""Negotiation"", ""Persuasion"", ""Instructing"", ""Management of Personnel Resources"", ""Systems Analysis"", ""Systems Evaluation"", ""Learning Strategies"", ""Management of Financial Resources"", ""Management of Material Resources"", ""Operations Monitoring"", ""Operations Analysis"", ""Programming"", ""Operation and Control"", ""Quality Control Analysis"", ""Science"", ""Technology Design"", ""Equipment Maintenance"", ""Equipment Selection"", ""Installation"", ""Repairing"", ""Troubleshooting""]","[""Intuit QuickBooks"", ""Sage 50 Accounting"", ""SAP Concur"", ""Tax software"", ""Dropbox"", ""Google Drive"", ""AcornSystems Corporate Performance Management"", ""Cartesis ES Magnitude"", ""Microsoft Dynamics"", ""SAP software"", ""Delphi Technology"", ""Oracle E-Business Suite Financials"", ""RSM McGladrey Advanced Practice Solutions Paperless Audit"", ""RSM McGladrey Auditor Assistant"", ""Database software"", ""Microsoft Access"", ""Oracle Database"", ""Yardi software"", ""Corporate Responsibility System Technologies Limited CRSTL Compliance Positioning System"", ""Financial compliance software"", ""Intrax ProcedureNet"", ""Sage EDP Payroll Tax"", ""Adobe Acrobat"", ""Document management system software"", ""Microsoft SharePoint"", ""OmniRIM Records Management Suite"", ""Epic Systems"", ""Medical condition coding software"", ""Medical procedure coding software"", ""MEDITECH software"", ""ADP Pay eXpert"", ""HMS"", ""Payroll software"", ""HCSS HeavyBid"", ""HCSS HeavyJob"", ""Microsoft Project"", ""IBM Notes"", ""Microsoft Exchange"", ""Microsoft Outlook"", ""Act!"", ""Blackbaud The Raiser's Edge"", ""Customer information control system CICS"", ""Tumbleweed SecureTransport"", ""Google Docs"", ""Microsoft Word"", ""ADP Workforce Now"", ""Human resource management software HRMS"", ""BLS Software Invoice!"", ""Fifth Walk BillingTracker"", ""Microsoft Excel"", ""FaceTime"", ""Skype"", ""Microsoft Publisher"", ""SAP BusinessObjects Data Integrator"", ""Microsoft Office software"", ""Microsoft Windows"", ""IBM Cognos Impromptu"", ""SAP Crystal Reports"", ""Microsoft Internet Explorer"", ""Microsoft PowerPoint"", ""LexisNexis""]",
Financial Managers,"Financial Managers. Core skills: Active Listening, Critical Thinking, Reading Comprehension, Speaking, Monitoring, Writing, Complex Problem Solving, Coordination, Judgment and Decision Making, Management of Personnel Resources, Service Orientation, Social Perceptiveness. Technology skills: Microsoft Dynamics, Oracle PeopleSoft, SAP software, Workday software, Microsoft PowerPoint, Microsoft SQL Server, Oracle Database, Structured query language SQL, Yardi software, Alteryx software, IBM Cognos Impromptu, Oracle Business Intelligence Enterprise Edition.",onet,11-3031.00,business,"[""Active Listening"", ""Critical Thinking"", ""Reading Comprehension"", ""Speaking"", ""Monitoring"", ""Writing"", ""Complex Problem Solving"", ""Coordination"", ""Judgment and Decision Making"", ""Management of Personnel Resources"", ""Service Orientation"", ""Social Perceptiveness"", ""Time Management"", ""Active Learning"", ""Mathematics"", ""Persuasion"", ""Management of Financial Resources"", ""Negotiation"", ""Learning Strategies"", ""Systems Analysis"", ""Systems Evaluation"", ""Instructing"", ""Management of Material Resources"", ""Operations Monitoring"", ""Programming"", ""Quality Control Analysis"", ""Operations Analysis"", ""Technology Design"", ""Equipment Selection"", ""Science"", ""Troubleshooting"", ""Operation and Control"", ""Equipment Maintenance"", ""Installation"", ""Repairing""]","[""Microsoft Dynamics"", ""Oracle PeopleSoft"", ""SAP software"", ""Workday software"", ""Microsoft PowerPoint"", ""Microsoft SQL Server"", ""Oracle Database"", ""Structured query language SQL"", ""Yardi software"", ""Alteryx software"", ""IBM Cognos Impromptu"", ""Oracle Business Intelligence Enterprise Edition"", ""Tableau"", ""Accounts receivable software"", ""Fund accounting software"", ""Intuit QuickBooks"", ""Sage 50 Accounting"", ""ARES Corporation PRISM Project Estimator"", ""Credit management software"", ""Delphi Technology"", ""Oracle E-Business Suite Financials"", ""IBM Notes"", ""Microsoft Exchange"", ""Microsoft Outlook"", ""ADP Workforce Now"", ""Human resource information system (HRIS)"", ""Human resource management software HRMS"", ""Microsoft Excel"", ""Moody's KMV FAMAS"", ""Adobe Acrobat"", ""Microsoft SharePoint"", ""Microsoft Visual Basic"", ""Microsoft Visual Basic for Applications VBA"", ""Blackbaud The Raiser's Edge"", ""Salesforce software"", ""IBM SPSS Statistics"", ""SAS"", ""Microsoft Project"", ""Oracle Primavera Enterprise Project Portfolio Management"", ""Healthcare common procedure coding system HCPCS"", ""IBM Power Systems software"", ""Microsoft Office software"", ""Microsoft Windows"", ""Microsoft Word"", ""Teradata Database"", ""Marketo Marketing Automation"", ""SAP Crystal Reports"", ""R"", ""Tax compliance property tax management software"", ""Microsoft Visio"", ""LexisNexis""]",computer_science
Credit Analysts,"Credit Analysts. Core skills: Critical Thinking, Active Learning, Reading Comprehension, Speaking, Active Listening, Mathematics, Judgment and Decision Making, Writing, Complex Problem Solving, Monitoring, Service Orientation, Social Perceptiveness. Technology skills: Microsoft Dynamics, Oracle JD Edwards EnterpriseOne, SAP software, Microsoft PowerPoint, CGI-AMS Strata, Experian Quest, Fair Isaac Capstone Decision Manager, Moody's KMV Risk Advisor, Equifax Application Engine, Experian Transact SM, Microsoft Visual Basic, Microsoft Visual Basic for Applications VBA.",onet,13-2041.00,business,"[""Critical Thinking"", ""Active Learning"", ""Reading Comprehension"", ""Speaking"", ""Active Listening"", ""Mathematics"", ""Judgment and Decision Making"", ""Writing"", ""Complex Problem Solving"", ""Monitoring"", ""Service Orientation"", ""Social Perceptiveness"", ""Time Management"", ""Systems Analysis"", ""Systems Evaluation"", ""Coordination"", ""Operations Analysis"", ""Learning Strategies"", ""Negotiation"", ""Persuasion"", ""Instructing"", ""Management of Financial Resources"", ""Management of Personnel Resources"", ""Management of Material Resources"", ""Operations Monitoring"", ""Programming"", ""Quality Control Analysis"", ""Science"", ""Operation and Control"", ""Equipment Maintenance"", ""Equipment Selection"", ""Installation"", ""Repairing"", ""Technology Design"", ""Troubleshooting""]","[""Microsoft Dynamics"", ""Oracle JD Edwards EnterpriseOne"", ""SAP software"", ""Microsoft PowerPoint"", ""CGI-AMS Strata"", ""Experian Quest"", ""Fair Isaac Capstone Decision Manager"", ""Moody's KMV Risk Advisor"", ""Equifax Application Engine"", ""Experian Transact SM"", ""Microsoft Visual Basic"", ""Microsoft Visual Basic for Applications VBA"", ""Experian Strategy Management"", ""Microsoft Office software"", ""Microsoft SQL Server"", ""Structured query language SQL"", ""Microsoft Excel"", ""Microsoft Outlook"", ""Credit adjudication and lending management system CALMS"", ""Microsoft Word"", ""Oracle Business Intelligence Enterprise Edition"", ""Python"", ""SAS"", ""CGI-AMS BureauLink Enterprise""]",
Investment Fund Managers,"Investment Fund Managers. Core skills: Active Listening, Critical Thinking, Reading Comprehension, Judgment and Decision Making, Speaking, Active Learning, Complex Problem Solving, Writing, Monitoring, Mathematics, Systems Analysis, Systems Evaluation. Technology skills: Risk analysis software, SAS, Statistical analysis software, Microsoft PowerPoint, Oracle Hyperion Planning, Portfolio analysis software, SunGard Financial Systems AddVantage, Oracle Hyperion, SAP software, Microsoft Power BI, Tableau, Microsoft Access.",onet,11-3031.03,business,"[""Active Listening"", ""Critical Thinking"", ""Reading Comprehension"", ""Judgment and Decision Making"", ""Speaking"", ""Active Learning"", ""Complex Problem Solving"", ""Writing"", ""Monitoring"", ""Mathematics"", ""Systems Analysis"", ""Systems Evaluation"", ""Time Management"", ""Coordination"", ""Persuasion"", ""Instructing"", ""Negotiation"", ""Social Perceptiveness"", ""Learning Strategies"", ""Management of Personnel Resources"", ""Service Orientation"", ""Management of Financial Resources"", ""Management of Material Resources"", ""Operations Analysis"", ""Operations Monitoring"", ""Technology Design"", ""Programming"", ""Quality Control Analysis"", ""Equipment Maintenance"", ""Equipment Selection"", ""Installation"", ""Operation and Control"", ""Repairing"", ""Science"", ""Troubleshooting""]","[""Risk analysis software"", ""SAS"", ""Statistical analysis software"", ""Microsoft PowerPoint"", ""Oracle Hyperion Planning"", ""Portfolio analysis software"", ""SunGard Financial Systems AddVantage"", ""Oracle Hyperion"", ""SAP software"", ""Microsoft Power BI"", ""Tableau"", ""Microsoft Access"", ""Structured query language SQL"", ""Microsoft Excel"", ""Microsoft Outlook"", ""Financial accounting software"", ""ReadSoft"", ""Microsoft Office software"", ""Microsoft Word"", ""Autodesk AutoCAD Blue Sky"", ""Web browser software"", ""Microsoft MapPoint"", ""Microsoft Project"", ""Microsoft Visio""]",data_science
Bill and Account Collectors,"Bill and Account Collectors. Core skills: Active Listening, Speaking, Persuasion, Social Perceptiveness, Writing, Critical Thinking, Reading Comprehension, Monitoring, Negotiation, Service Orientation, Time Management, Active Learning. Technology skills: ADP Drive DMS for Accounting, Intuit QuickBooks, Oracle JD Edwards EnterpriseOne, Sage 50 Accounting, Microsoft PowerPoint, Austin Logistics CallSelect, Microsoft Dynamics, Ontario Systems FACS, Quantrax Intelec, Relational database software, LexisNexis, LexisNexis Banko.",onet,43-3011.00,business,"[""Active Listening"", ""Speaking"", ""Persuasion"", ""Social Perceptiveness"", ""Writing"", ""Critical Thinking"", ""Reading Comprehension"", ""Monitoring"", ""Negotiation"", ""Service Orientation"", ""Time Management"", ""Active Learning"", ""Complex Problem Solving"", ""Coordination"", ""Judgment and Decision Making"", ""Mathematics"", ""Instructing"", ""Systems Analysis"", ""Learning Strategies"", ""Management of Personnel Resources"", ""Systems Evaluation"", ""Operations Monitoring"", ""Quality Control Analysis"", ""Management of Financial Resources"", ""Management of Material Resources"", ""Troubleshooting"", ""Programming"", ""Operations Analysis"", ""Equipment Maintenance"", ""Equipment Selection"", ""Installation"", ""Operation and Control"", ""Repairing"", ""Science"", ""Technology Design""]","[""ADP Drive DMS for Accounting"", ""Intuit QuickBooks"", ""Oracle JD Edwards EnterpriseOne"", ""Sage 50 Accounting"", ""Microsoft PowerPoint"", ""Austin Logistics CallSelect"", ""Microsoft Dynamics"", ""Ontario Systems FACS"", ""Quantrax Intelec"", ""Relational database software"", ""LexisNexis"", ""LexisNexis Banko"", ""TCI XML Credit Interface"", ""W3 Data BatchAppend411"", ""Columbia Ultimate Remit"", ""System Innovators"", ""Microsoft Dynamics GP"", ""NetSuite ERP"", ""SAP software"", ""Healthcare common procedure coding system HCPCS"", ""Medical condition coding software"", ""Medical procedure coding software"", ""MEDITECH software"", ""Microsoft Excel"", ""Diagnostic and procedural coding software"", ""Microsoft Outlook"", ""Optical character recognition OCR software"", ""Document management system software"", ""Microsoft Office software"", ""Microsoft Word"", ""HMS"", ""Web browser software"", ""CU Connect processing software""]",computer_science
Advertising and Promotions Managers,"Advertising and Promotions Managers. Core skills: Active Listening, Critical Thinking, Social Perceptiveness, Speaking, Judgment and Decision Making, Reading Comprehension, Writing, Complex Problem Solving, Coordination, Time Management, Persuasion, Active Learning. Technology skills: Adobe After Effects, Apple Final Cut Pro, Avid Media Composer, YouTube, Adobe Dreamweaver, Adobe Experience Manager (AEM), Facebook, WordPress, Business analysis software, Data visualization software, Google Analytics, WebTrends Analytics.",onet,11-2011.00,business,"[""Active Listening"", ""Critical Thinking"", ""Social Perceptiveness"", ""Speaking"", ""Judgment and Decision Making"", ""Reading Comprehension"", ""Writing"", ""Complex Problem Solving"", ""Coordination"", ""Time Management"", ""Persuasion"", ""Active Learning"", ""Monitoring"", ""Management of Personnel Resources"", ""Negotiation"", ""Service Orientation"", ""Systems Analysis"", ""Systems Evaluation"", ""Learning Strategies"", ""Mathematics"", ""Instructing"", ""Management of Financial Resources"", ""Operations Analysis"", ""Management of Material Resources"", ""Programming"", ""Technology Design"", ""Operations Monitoring"", ""Quality Control Analysis"", ""Science"", ""Equipment Selection"", ""Equipment Maintenance"", ""Installation"", ""Operation and Control"", ""Repairing"", ""Troubleshooting""]","[""Adobe After Effects"", ""Apple Final Cut Pro"", ""Avid Media Composer"", ""YouTube"", ""Adobe Dreamweaver"", ""Adobe Experience Manager (AEM)"", ""Facebook"", ""WordPress"", ""Business analysis software"", ""Data visualization software"", ""Google Analytics"", ""WebTrends Analytics"", ""Database software"", ""Microsoft Access"", ""PaloAlto Advertising Plan Pro"", ""Structure query language SQL"", ""Email software"", ""IBM Lotus Notes"", ""MailChimp"", ""Microsoft Outlook"", ""Adobe Acrobat"", ""Adobe Acrobat Reader"", ""Data warehousing software"", ""Microsoft SharePoint"", ""Adobe InDesign"", ""Adobe PageMaker"", ""Microsoft Publisher"", ""Quark enterprise publishing software"", ""Constant Contact"", ""MarketSharp"", ""Oracle Eloqua"", ""Salesforce software"", ""Google Ads"", ""HubSpot software"", ""Marketo Marketing Automation"", ""Webtrends software"", ""Adobe Creative Cloud software"", ""Adobe Illustrator"", ""Adobe Photoshop"", ""Brainworks"", ""Microsoft Dynamics"", ""SAP software"", ""Actuate BIRT"", ""Google DoubleClick"", ""Tableau"", ""Drupal"", ""Hypertext markup language HTML"", ""JavaScript"", ""Extensible markup language XML"", ""Hootsuite"", ""Experience in Software Webplanner"", ""Microsoft Project"", ""Microsoft Excel"", ""Microsoft Office software"", ""Microsoft Windows"", ""Microsoft Word"", ""Microsoft SQL Server"", ""Twitter"", ""AdRelevance"", ""Web browser software"", ""Microsoft PowerPoint"", ""Scheduling software"", ""Inventory tracking software"", ""Pinterest""]",data_science
"Farmers, Ranchers, and Other Agricultural Managers","Farmers, Ranchers, and Other Agricultural Managers. Core skills: Active Listening, Critical Thinking, Reading Comprehension, Complex Problem Solving, Management of Personnel Resources, Speaking, Coordination, Judgment and Decision Making, Active Learning, Monitoring, Social Perceptiveness, Time Management. Technology skills: Ag Leader Technology SMS Advanced, Cattlesoft CattleMax, Microsoft Access, Trimble Farm Works, Microsoft PowerPoint, International Response Technologies CowChip - Ranch House, Midwest MicroSystems Cow Sense, Oracle NetSuite, SAP software, AgData Blue Skies Accounting, Datatech The Farmer's Office, Specialized Data Systems Ultra Farm.",onet,11-9013.00,business,"[""Active Listening"", ""Critical Thinking"", ""Reading Comprehension"", ""Complex Problem Solving"", ""Management of Personnel Resources"", ""Speaking"", ""Coordination"", ""Judgment and Decision Making"", ""Active Learning"", ""Monitoring"", ""Social Perceptiveness"", ""Time Management"", ""Writing"", ""Negotiation"", ""Operations Monitoring"", ""Persuasion"", ""Management of Financial Resources"", ""Systems Analysis"", ""Systems Evaluation"", ""Instructing"", ""Learning Strategies"", ""Management of Material Resources"", ""Mathematics"", ""Quality Control Analysis"", ""Service Orientation"", ""Operation and Control"", ""Science"", ""Equipment Maintenance"", ""Troubleshooting"", ""Equipment Selection"", ""Repairing"", ""Operations Analysis"", ""Programming"", ""Technology Design"", ""Installation""]","[""Ag Leader Technology SMS Advanced"", ""Cattlesoft CattleMax"", ""Microsoft Access"", ""Trimble Farm Works"", ""Microsoft PowerPoint"", ""International Response Technologies CowChip - Ranch House"", ""Midwest MicroSystems Cow Sense"", ""Oracle NetSuite"", ""SAP software"", ""AgData Blue Skies Accounting"", ""Datatech The Farmer's Office"", ""Specialized Data Systems Ultra Farm"", ""Vertical Solutions Easy-Farm Accounting"", ""DIVA-GIS"", ""ESRI ArcPad"", ""Geographic information system GIS systems"", ""TatukGIS Editor"", ""Geographic resources analysis support system GRASS"", ""Global Mapper Software Global Mapper"", ""MapInfo"", ""Trimble AgGPS EZ-Map"", ""MapShots EASi Suite"", ""SST Development Group SSToolbox"", ""Statistical analysis software"", ""Sunrise Software CropSave"", ""Countryside Data Ag Payroll"", ""Payroll software"", ""Time reporting software"", ""Email software"", ""Microsoft Outlook"", ""AGCO Advanced Technology Solutions Fieldstar"", ""ZedX AgFleet"", ""Microsoft Excel"", ""Global positioning system GPS software"", ""Adobe Photoshop"", ""Microsoft Office software"", ""Atlassian Confluence"", ""Microsoft Word"", ""Web browser software"", ""Facebook"", ""AquaSoft Farm Manager"", ""Staff scheduling software"", ""Microsoft Visio""]",
Public Relations Managers,"Public Relations Managers. Core skills: . Technology skills: Adobe After Effects, Flipgrid, TikTok, YouTube, Adobe Creative Cloud software, Adobe Illustrator, Adobe Photoshop, Canva, Adobe Distiller, Adobe InDesign, Microsoft Publisher, QuarkXPress.",onet,11-2032.00,business,[],"[""Adobe After Effects"", ""Flipgrid"", ""TikTok"", ""YouTube"", ""Adobe Creative Cloud software"", ""Adobe Illustrator"", ""Adobe Photoshop"", ""Canva"", ""Adobe Distiller"", ""Adobe InDesign"", ""Microsoft Publisher"", ""QuarkXPress"", ""Blackbaud eTapestry"", ""Blackbaud The Raiser's Edge"", ""Oracle Eloqua"", ""Salesforce software"", ""Adobe Dreamweaver"", ""Facebook"", ""Social media sites"", ""WordPress"", ""Google Gmail"", ""IBM Notes"", ""MicroFocus GroupWise"", ""Microsoft Outlook"", ""Google Ads"", ""HubSpot software"", ""Marketo Marketing Automation"", ""MightyScout"", ""Airtable"", ""FileMaker Pro"", ""Microsoft Access"", ""Yardi software"", ""Corel WordPerfect Office Suite"", ""Google Workspace software"", ""Microsoft Office software"", ""Adobe Acrobat"", ""Microsoft SharePoint"", ""Microsoft Dynamics"", ""Oracle PeopleSoft Financials"", ""Google Drive"", ""Slack"", ""Google Docs"", ""Microsoft Word"", ""Mentimeter"", ""Microsoft PowerPoint"", ""Microsoft Project"", ""zkipster"", ""Drupal"", ""Hypertext markup language HTML"", ""Microsoft Excel"", ""Fund accounting software"", ""Zoom"", ""Teradata Database"", ""MicroStrategy"", ""Human resource management software HRMS"", ""Web browser software"", ""Google Analytics""]",design
Sales Managers,"Sales Managers. Core skills: Active Listening, Negotiation, Speaking, Critical Thinking, Judgment and Decision Making, Management of Personnel Resources, Monitoring, Persuasion, Reading Comprehension, Social Perceptiveness, Active Learning, Complex Problem Solving. Technology skills: Eden Sales Manager, HEAT Software GoldMine, Oracle Eloqua, Salesforce software, Airtable, Microsoft SQL Server, Oracle Database, Yardi software, Microsoft Dynamics, Oracle Fusion Applications, Oracle PeopleSoft, SAP software.",onet,11-2022.00,business,"[""Active Listening"", ""Negotiation"", ""Speaking"", ""Critical Thinking"", ""Judgment and Decision Making"", ""Management of Personnel Resources"", ""Monitoring"", ""Persuasion"", ""Reading Comprehension"", ""Social Perceptiveness"", ""Active Learning"", ""Complex Problem Solving"", ""Coordination"", ""Instructing"", ""Time Management"", ""Service Orientation"", ""Systems Analysis"", ""Systems Evaluation"", ""Writing"", ""Learning Strategies"", ""Management of Financial Resources"", ""Mathematics"", ""Management of Material Resources"", ""Operations Analysis"", ""Operation and Control"", ""Operations Monitoring"", ""Quality Control Analysis"", ""Programming"", ""Science"", ""Technology Design"", ""Equipment Maintenance"", ""Equipment Selection"", ""Installation"", ""Repairing"", ""Troubleshooting""]","[""Eden Sales Manager"", ""HEAT Software GoldMine"", ""Oracle Eloqua"", ""Salesforce software"", ""Airtable"", ""Microsoft SQL Server"", ""Oracle Database"", ""Yardi software"", ""Microsoft Dynamics"", ""Oracle Fusion Applications"", ""Oracle PeopleSoft"", ""SAP software"", ""Eclipse IDE"", ""Microsoft Azure software"", ""Microsoft Visual Basic"", ""Microsoft Visual Basic for Applications VBA"", ""IBM Cognos Impromptu"", ""Oracle Business Intelligence Enterprise Edition"", ""Qlik Tech QlikView"", ""Tableau"", ""Apple Keynote"", ""Google Slides"", ""Microsoft PowerPoint"", ""Poll Everywhere"", ""Facebook"", ""Google Sites"", ""LinkedIn"", ""Social media sites"", ""IBM Notes"", ""Microsoft Exchange"", ""Microsoft Outlook"", ""Google Meet"", ""LogMeIn GoToMeeting"", ""Zoom"", ""Delphi Discovery"", ""Delphi Technology"", ""Oracle E-Business Suite Financials"", ""Google Ads"", ""HubSpot software"", ""Marketo Marketing Automation"", ""Human resource management software HRMS"", ""Oracle Taleo"", ""Workforce management software"", ""IBM SPSS Statistics"", ""Minitab"", ""SAS"", ""Microsoft Project"", ""Microsoft Teams"", ""Oracle Primavera Enterprise Project Portfolio Management"", ""Sage 50 Accounting"", ""Tax software"", ""Adobe Creative Cloud software"", ""SmugMug Flickr"", ""Adobe Acrobat"", ""Microsoft SharePoint"", ""Dropbox"", ""Google Drive"", ""Google Docs"", ""Microsoft Word"", ""McAfee"", ""NortonLifeLock cybersecurity software"", ""SAP BusinessObjects Crystal Reports"", ""SAP Crystal Reports"", ""Contact management software"", ""Scheduling software"", ""Microsoft Excel"", ""Geographic information system GIS software"", ""IBM Power Systems software"", ""Eko"", ""Microsoft Publisher"", ""YouTube"", ""Microsoft Office software"", ""Microsoft Windows"", ""Teradata Database"", ""Bentley MicroStation"", ""R"", ""Web browser software"", ""Splunk Enterprise"", ""Google Analytics"", ""Hypertext markup language HTML"", ""Inventory software"", ""Microsoft Visio"", ""LexisNexis""]",computer_science
Fundraising Managers,"Fundraising Managers. Core skills: Critical Thinking, Speaking, Active Listening, Persuasion, Social Perceptiveness, Reading Comprehension, Writing, Coordination, Judgment and Decision Making, Complex Problem Solving, Time Management, Active Learning. Technology skills: Adobe After Effects, Flipgrid, WeVideo, YouTube, Adobe Distiller, Adobe InDesign, Microsoft Publisher, QuarkXPress, Blackbaud eTapestry, Blackbaud The Raiser's Edge, Oracle Eloqua, Salesforce software.",onet,11-2033.00,business,"[""Critical Thinking"", ""Speaking"", ""Active Listening"", ""Persuasion"", ""Social Perceptiveness"", ""Reading Comprehension"", ""Writing"", ""Coordination"", ""Judgment and Decision Making"", ""Complex Problem Solving"", ""Time Management"", ""Active Learning"", ""Negotiation"", ""Service Orientation"", ""Management of Financial Resources"", ""Management of Personnel Resources"", ""Monitoring"", ""Systems Analysis"", ""Mathematics"", ""Systems Evaluation"", ""Instructing"", ""Learning Strategies"", ""Management of Material Resources"", ""Operations Analysis"", ""Programming"", ""Operations Monitoring"", ""Technology Design"", ""Quality Control Analysis"", ""Science"", ""Operation and Control"", ""Equipment Maintenance"", ""Equipment Selection"", ""Installation"", ""Repairing"", ""Troubleshooting""]","[""Adobe After Effects"", ""Flipgrid"", ""WeVideo"", ""YouTube"", ""Adobe Distiller"", ""Adobe InDesign"", ""Microsoft Publisher"", ""QuarkXPress"", ""Blackbaud eTapestry"", ""Blackbaud The Raiser's Edge"", ""Oracle Eloqua"", ""Salesforce software"", ""Google Gmail"", ""IBM Notes"", ""MicroFocus GroupWise"", ""Microsoft Outlook"", ""Adobe Creative Cloud software"", ""Adobe Illustrator"", ""Adobe Photoshop"", ""SmugMug Flickr"", ""Google Ads"", ""HubSpot software"", ""Marketo Marketing Automation"", ""MightyScout"", ""Airtable"", ""FileMaker Pro"", ""Microsoft Access"", ""Yardi software"", ""Adobe Dreamweaver"", ""Facebook"", ""LinkedIn"", ""Social media sites"", ""Adobe Acrobat"", ""Microsoft SharePoint"", ""Microsoft Dynamics"", ""Oracle PeopleSoft Financials"", ""Corel WordPerfect Office Suite"", ""Microsoft Office software"", ""Google Drive"", ""Slack"", ""Google Docs"", ""Microsoft Word"", ""Mentimeter"", ""Microsoft PowerPoint"", ""Microsoft Project"", ""zkipster"", ""Drupal"", ""Hypertext markup language HTML"", ""Microsoft Excel"", ""Fund accounting software"", ""Teradata Database"", ""MicroStrategy"", ""Human resource management software HRMS"", ""Web browser software"", ""Google Analytics""]",
Public Relations Specialists,"Public Relations Specialists. Core skills: Active Listening, Speaking, Reading Comprehension, Social Perceptiveness, Writing, Coordination, Critical Thinking, Time Management, Persuasion, Judgment and Decision Making, Active Learning, Complex Problem Solving. Technology skills: Adobe Dreamweaver, Facebook, Website management software, WordPress, Adobe Creative Cloud software, Adobe Illustrator, Canva, JamBoard, Cascading style sheets CSS, Drupal, Hypertext markup language HTML, JavaScript.",onet,27-3031.00,business,"[""Active Listening"", ""Speaking"", ""Reading Comprehension"", ""Social Perceptiveness"", ""Writing"", ""Coordination"", ""Critical Thinking"", ""Time Management"", ""Persuasion"", ""Judgment and Decision Making"", ""Active Learning"", ""Complex Problem Solving"", ""Negotiation"", ""Systems Evaluation"", ""Service Orientation"", ""Systems Analysis"", ""Instructing"", ""Monitoring"", ""Learning Strategies"", ""Operations Analysis"", ""Management of Personnel Resources"", ""Mathematics"", ""Management of Financial Resources"", ""Management of Material Resources"", ""Technology Design"", ""Operations Monitoring"", ""Science"", ""Programming"", ""Quality Control Analysis"", ""Equipment Maintenance"", ""Equipment Selection"", ""Installation"", ""Operation and Control"", ""Repairing"", ""Troubleshooting""]","[""Adobe Dreamweaver"", ""Facebook"", ""Website management software"", ""WordPress"", ""Adobe Creative Cloud software"", ""Adobe Illustrator"", ""Canva"", ""JamBoard"", ""Cascading style sheets CSS"", ""Drupal"", ""Hypertext markup language HTML"", ""JavaScript"", ""Adobe After Effects"", ""Apple Final Cut Express"", ""Apple Final Cut Pro"", ""YouTube"", ""Airtable"", ""Cision CisionPoint"", ""FileMaker Pro"", ""Google"", ""Blackbaud The Raiser's Edge"", ""Microsoft Dynamics"", ""Oracle Eloqua"", ""Salesforce software"", ""3M Post-it App"", ""Adobe Acrobat Writer"", ""Google Docs"", ""Microsoft Word"", ""Apple Keynote"", ""Google Slides"", ""Mentimeter"", ""Microsoft PowerPoint"", ""Adobe Acrobat"", ""Adobe Acrobat Reader"", ""Microsoft SharePoint"", ""Google Ads"", ""HubSpot software"", ""Marketo Marketing Automation"", ""Adobe InDesign"", ""Microsoft Publisher"", ""LogMeIn GoToWebinar"", ""Slido interaction software"", ""Microsoft Excel"", ""Microsoft Outlook"", ""Wireshark"", ""Adobe ActionScript"", ""Cisco Webex"", ""ParentSquare"", ""Microsoft Office software"", ""Google Drive"", ""Apple macOS"", ""Twitter"", ""Oracle Business Intelligence Discoverer"", ""Nearpod"", ""Web browser software"", ""Google Analytics"", ""Microsoft Project"", ""LexisNexis""]",web_development
"Sales Representatives, Wholesale and Manufacturing, Technical and Scientific Products","Sales Representatives, Wholesale and Manufacturing, Technical and Scientific Products. Core skills: Persuasion, Speaking, Active Listening, Negotiation, Social Perceptiveness, Reading Comprehension, Service Orientation, Coordination, Active Learning, Complex Problem Solving, Critical Thinking, Writing. Technology skills: Act!, ActionWare, Salesforce software, SAP Sybase SQL Anywhere, LogMeIn GoToMeeting, Zoom, Infor ERP SyteLine, Microsoft Dynamics, Oracle PeopleSoft, SAP software, Amazon Web Services AWS software, FileMaker Pro.",onet,41-4011.00,business,"[""Persuasion"", ""Speaking"", ""Active Listening"", ""Negotiation"", ""Social Perceptiveness"", ""Reading Comprehension"", ""Service Orientation"", ""Coordination"", ""Active Learning"", ""Complex Problem Solving"", ""Critical Thinking"", ""Writing"", ""Judgment and Decision Making"", ""Monitoring"", ""Time Management"", ""Instructing"", ""Mathematics"", ""Systems Analysis"", ""Learning Strategies"", ""Management of Financial Resources"", ""Management of Personnel Resources"", ""Management of Material Resources"", ""Operations Analysis"", ""Systems Evaluation"", ""Operation and Control"", ""Programming"", ""Technology Design"", ""Operations Monitoring"", ""Quality Control Analysis"", ""Equipment Selection"", ""Science"", ""Equipment Maintenance"", ""Installation"", ""Repairing"", ""Troubleshooting""]","[""Act!"", ""ActionWare"", ""Salesforce software"", ""SAP Sybase SQL Anywhere"", ""LogMeIn GoToMeeting"", ""Zoom"", ""Infor ERP SyteLine"", ""Microsoft Dynamics"", ""Oracle PeopleSoft"", ""SAP software"", ""Amazon Web Services AWS software"", ""FileMaker Pro"", ""Microsoft Access"", ""Oracle Database"", ""IBM Notes"", ""Microsoft Exchange"", ""Microsoft Outlook"", ""IBM SPSS Statistics"", ""SAS"", ""StataCorp Stata"", ""Intuit QuickBooks"", ""Tax software"", ""Enterprise application integration EAI software"", ""IBM InfoSphere DataStage"", ""Google Workspace software"", ""Microsoft Office software"", ""Apache Hadoop"", ""Teradata Database"", ""Google Ads"", ""HubSpot software"", ""McAfee"", ""NortonLifeLock cybersecurity software"", ""Khameleon"", ""Microsoft Project"", ""Microsoft Excel"", ""Citrix cloud computing software"", ""Microsoft SharePoint"", ""Microsoft Azure software"", ""Microsoft Publisher"", ""YouTube"", ""LogMeIn GoToWebinar"", ""Linux"", ""Microsoft Word"", ""Virtual private networking VPN software"", ""MicroStrategy"", ""R"", ""Web browser software"", ""Voice over internet protocol VoIP system software"", ""Microsoft PowerPoint"", ""LinkedIn"", ""Google Analytics"", ""Scheduling software"", ""LexisNexis""]",cloud_devops
Forest and Conservation Technicians,"Forest and Conservation Technicians. Core skills: Active Listening, Critical Thinking, Reading Comprehension, Judgment and Decision Making, Speaking, Time Management, Coordination, Instructing, Monitoring, Social Perceptiveness, Active Learning, Complex Problem Solving. Technology skills: Assisi Compiler, Forest EcoSurvey, Microsoft Access, PhoenixPRO Forest Activity Tracking, Corel Presentation, Microsoft PowerPoint, Allegro Landmark, Ben Meadows Yeoman Expedition, Geomechanical design analysis GDA software, Leica Geosystems ERDAS IMAGINE, Assisi Forest, HARVEST.",onet,19-4071.00,business,"[""Active Listening"", ""Critical Thinking"", ""Reading Comprehension"", ""Judgment and Decision Making"", ""Speaking"", ""Time Management"", ""Coordination"", ""Instructing"", ""Monitoring"", ""Social Perceptiveness"", ""Active Learning"", ""Complex Problem Solving"", ""Learning Strategies"", ""Service Orientation"", ""Systems Analysis"", ""Writing"", ""Management of Personnel Resources"", ""Operations Monitoring"", ""Persuasion"", ""Mathematics"", ""Operation and Control"", ""Science"", ""Systems Evaluation"", ""Quality Control Analysis"", ""Negotiation"", ""Equipment Selection"", ""Equipment Maintenance"", ""Management of Financial Resources"", ""Management of Material Resources"", ""Programming"", ""Repairing"", ""Technology Design"", ""Troubleshooting"", ""Operations Analysis"", ""Installation""]","[""Assisi Compiler"", ""Forest EcoSurvey"", ""Microsoft Access"", ""PhoenixPRO Forest Activity Tracking"", ""Corel Presentation"", ""Microsoft PowerPoint"", ""Allegro Landmark"", ""Ben Meadows Yeoman Expedition"", ""Geomechanical design analysis GDA software"", ""Leica Geosystems ERDAS IMAGINE"", ""Assisi Forest"", ""HARVEST"", ""LoggerPC software"", ""USDA Forest Vegetation Simulator FVS"", ""ESRI ArcGIS software"", ""ESRI ArcView"", ""Geographic information system GIS systems"", ""Assisi Inventory"", ""Haglof Sweden AB TCruise Forest Inventory"", ""Microsoft Excel"", ""Microsoft Outlook"", ""Computer graphics software"", ""Microsoft Office software"", ""Microsoft Word"", ""Autodesk AutoCAD LT"", ""Web browser software"", ""Facebook"", ""Microsoft Active Server Pages ASP""]",
Insurance Sales Agents,"Insurance Sales Agents. Core skills: Reading Comprehension, Active Listening, Speaking, Critical Thinking, Persuasion, Writing, Time Management, Service Orientation, Negotiation, Social Perceptiveness, Active Learning, Coordination. Technology skills: Adobe After Effects, Apple Final Cut Pro, YouTube, AMS Services AMS Sagitta, Microsoft Dynamics, United Systems and Software Individual Life and Health Administration System, Vulcan Solutions Vulcan Insurance, Allied Financial Software Act4Advisors, Applied Systems Vision, Insurance Technologies ForeSight Enterprise, Tangle S Creations Your Insurance Office, Cygnus Software IncomeMax.",onet,41-3021.00,business,"[""Reading Comprehension"", ""Active Listening"", ""Speaking"", ""Critical Thinking"", ""Persuasion"", ""Writing"", ""Time Management"", ""Service Orientation"", ""Negotiation"", ""Social Perceptiveness"", ""Active Learning"", ""Coordination"", ""Judgment and Decision Making"", ""Mathematics"", ""Complex Problem Solving"", ""Monitoring"", ""Learning Strategies"", ""Systems Analysis"", ""Systems Evaluation"", ""Instructing"", ""Management of Personnel Resources"", ""Operations Analysis"", ""Operation and Control"", ""Operations Monitoring"", ""Programming"", ""Technology Design"", ""Management of Financial Resources"", ""Management of Material Resources"", ""Quality Control Analysis"", ""Science"", ""Equipment Maintenance"", ""Equipment Selection"", ""Installation"", ""Repairing"", ""Troubleshooting""]","[""Adobe After Effects"", ""Apple Final Cut Pro"", ""YouTube"", ""AMS Services AMS Sagitta"", ""Microsoft Dynamics"", ""United Systems and Software Individual Life and Health Administration System"", ""Vulcan Solutions Vulcan Insurance"", ""Allied Financial Software Act4Advisors"", ""Applied Systems Vision"", ""Insurance Technologies ForeSight Enterprise"", ""Tangle S Creations Your Insurance Office"", ""Cygnus Software IncomeMax"", ""Insurance analysis software"", ""Insurance rating software"", ""Underwriting software"", ""Healthcare common procedure coding system HCPCS"", ""Medical procedure coding software"", ""LogMeIn GoToMeeting"", ""Zoom"", ""Facebook"", ""LinkedIn"", ""Microsoft Excel"", ""Microsoft Outlook"", ""Allstar Software Systems Kofax"", ""Microsoft Office software"", ""Microsoft Windows"", ""Microsoft Word"", ""GroupMe"", ""Web browser software"", ""Microsoft PowerPoint"", ""Insurance Technology Consultants WOW"", ""Scheduling software""]",
Food Scientists and Technologists,"Food Scientists and Technologists. Core skills: Active Learning, Critical Thinking, Reading Comprehension, Active Listening, Complex Problem Solving, Judgment and Decision Making, Science, Speaking, Writing, Monitoring, Systems Analysis, Systems Evaluation. Technology skills: Microsoft Access, PathogenTracker, Structured query language SQL, U.S. Department of Agriculture USDA National Nutrient Database, Microsoft PowerPoint, BioDiscovery ImaGene, Insightful S-PLUS, MDS Analytical Technologies GenePix Pro, STATISTICA, HubSpot software, Marketo Marketing Automation, Microsoft Excel.",onet,19-1012.00,business,"[""Active Learning"", ""Critical Thinking"", ""Reading Comprehension"", ""Active Listening"", ""Complex Problem Solving"", ""Judgment and Decision Making"", ""Science"", ""Speaking"", ""Writing"", ""Monitoring"", ""Systems Analysis"", ""Systems Evaluation"", ""Quality Control Analysis"", ""Social Perceptiveness"", ""Coordination"", ""Mathematics"", ""Negotiation"", ""Persuasion"", ""Time Management"", ""Instructing"", ""Learning Strategies"", ""Service Orientation"", ""Operations Monitoring"", ""Management of Personnel Resources"", ""Operations Analysis"", ""Operation and Control"", ""Management of Material Resources"", ""Troubleshooting"", ""Equipment Selection"", ""Management of Financial Resources"", ""Technology Design"", ""Programming"", ""Equipment Maintenance"", ""Installation"", ""Repairing""]","[""Microsoft Access"", ""PathogenTracker"", ""Structured query language SQL"", ""U.S. Department of Agriculture USDA National Nutrient Database"", ""Microsoft PowerPoint"", ""BioDiscovery ImaGene"", ""Insightful S-PLUS"", ""MDS Analytical Technologies GenePix Pro"", ""STATISTICA"", ""HubSpot software"", ""Marketo Marketing Automation"", ""Microsoft Excel"", ""Microsoft Outlook"", ""SAP software"", ""Oracle Eloqua"", ""Microsoft Office software"", ""Microsoft Word"", ""Tableau"", ""R"", ""Hypertext markup language HTML""]",computer_science
Desktop Publishers,"Desktop Publishers. Core skills: Critical Thinking, Reading Comprehension, Judgment and Decision Making, Active Listening, Speaking, Complex Problem Solving, Time Management, Writing, Active Learning, Monitoring, Social Perceptiveness, Coordination. Technology skills: Adobe Creative Cloud software, Adobe Illustrator, Adobe Photoshop, Graphics software, Microsoft PowerPoint, Adobe InDesign, Microsoft Publisher, QuarkXPress, Serif PagePlus, Adobe Acrobat, Color management software, Microsoft SharePoint.",onet,43-9031.00,design,"[""Critical Thinking"", ""Reading Comprehension"", ""Judgment and Decision Making"", ""Active Listening"", ""Speaking"", ""Complex Problem Solving"", ""Time Management"", ""Writing"", ""Active Learning"", ""Monitoring"", ""Social Perceptiveness"", ""Coordination"", ""Learning Strategies"", ""Management of Personnel Resources"", ""Operations Analysis"", ""Service Orientation"", ""Instructing"", ""Systems Analysis"", ""Persuasion"", ""Programming"", ""Systems Evaluation"", ""Negotiation"", ""Quality Control Analysis"", ""Operations Monitoring"", ""Management of Financial Resources"", ""Management of Material Resources"", ""Mathematics"", ""Operation and Control"", ""Technology Design"", ""Troubleshooting"", ""Equipment Selection"", ""Repairing"", ""Equipment Maintenance"", ""Installation"", ""Science""]","[""Adobe Creative Cloud software"", ""Adobe Illustrator"", ""Adobe Photoshop"", ""Graphics software"", ""Microsoft PowerPoint"", ""Adobe InDesign"", ""Microsoft Publisher"", ""QuarkXPress"", ""Serif PagePlus"", ""Adobe Acrobat"", ""Color management software"", ""Microsoft SharePoint"", ""Microsoft SharePoint Server"", ""AlgoLab Raster to Vector Conversion Toolkit"", ""GTX RastorCAD"", ""Potrace"", ""Trix TracTrix"", ""Oracle Java"", ""Perl"", ""Python"", ""Sun Microsystems Java"", ""Cascading style sheets CSS"", ""Hypertext markup language HTML"", ""jQuery"", ""PHP"", ""Corel CorelScan"", ""Corel OCR-Trace 8"", ""Nuance OmniPage Professional"", ""PANTONE ColorVision ProfilerPlus"", ""Apple AppleScript"", ""Apple macOS"", ""Microsoft Windows"", ""UNIX"", ""Adobe PostScript"", ""Microsoft Visual Basic"", ""Scalable vector graphics SVG"", ""Corel WordPerfect Office Suite"", ""Microsoft Office software"", ""OpenOffice.org"", ""Actuate DocBook"", ""Adobe Dreamweaver"", ""Social media software"", ""Adobe After Effects"", ""Corel WebDraw"", ""Microsoft Access"", ""WordWeb"", ""Microsoft Excel"", ""Microsoft Outlook"", ""SAP software"", ""Virtual private networking VPN software"", ""Salesforce software"", ""Extensible markup language XML"", ""Spelling and grammar checking software"", ""Nuance Dragon NaturallySpeaking"", ""Microsoft Word"", ""MySQL"", ""Mapping software"", ""Microsoft Project"", ""Microsoft Visio"", ""Online image and graphics database software""]",design
Fashion Designers,"Fashion Designers. Core skills: Active Listening, Critical Thinking, Speaking, Active Learning, Coordination, Judgment and Decision Making, Social Perceptiveness, Time Management, Complex Problem Solving, Negotiation, Persuasion, Reading Comprehension. Technology skills: Autodesk Revit, Computer aided design and drafting software CADD, StartingAClothingLine.com Digital Fashion Pro, Trimble SketchUp Pro, Microsoft PowerPoint, Adobe Creative Cloud software, Adobe Illustrator, Adobe Photoshop, Corel CorelDraw Graphics Suite, Microsoft Excel, Microsoft Outlook, Financial accounting software.",onet,27-1022.00,design,"[""Active Listening"", ""Critical Thinking"", ""Speaking"", ""Active Learning"", ""Coordination"", ""Judgment and Decision Making"", ""Social Perceptiveness"", ""Time Management"", ""Complex Problem Solving"", ""Negotiation"", ""Persuasion"", ""Reading Comprehension"", ""Instructing"", ""Management of Personnel Resources"", ""Monitoring"", ""Service Orientation"", ""Writing"", ""Operations Analysis"", ""Learning Strategies"", ""Systems Analysis"", ""Systems Evaluation"", ""Management of Material Resources"", ""Management of Financial Resources"", ""Quality Control Analysis"", ""Mathematics"", ""Operations Monitoring"", ""Technology Design"", ""Troubleshooting"", ""Equipment Selection"", ""Programming"", ""Science"", ""Equipment Maintenance"", ""Installation"", ""Operation and Control"", ""Repairing""]","[""Autodesk Revit"", ""Computer aided design and drafting software CADD"", ""StartingAClothingLine.com Digital Fashion Pro"", ""Trimble SketchUp Pro"", ""Microsoft PowerPoint"", ""Adobe Creative Cloud software"", ""Adobe Illustrator"", ""Adobe Photoshop"", ""Corel CorelDraw Graphics Suite"", ""Microsoft Excel"", ""Microsoft Outlook"", ""Financial accounting software"", ""Adobe Acrobat"", ""Adobe InDesign"", ""Microsoft Office software"", ""Microsoft Word"", ""SAS"", ""Web browser software"", ""User interface design software"", ""JavaScript""]",design
Art Directors,"Art Directors. Core skills: Active Listening, Speaking, Critical Thinking, Judgment and Decision Making, Reading Comprehension, Complex Problem Solving, Coordination, Time Management, Operations Analysis, Persuasion, Writing, Active Learning. Technology skills: AJAX, Cascading style sheets CSS, Hypertext markup language HTML, PHP, Adobe After Effects, Apple Final Cut Pro, WeVideo, YouTube, Adobe Creative Cloud software, Adobe Illustrator, Adobe Photoshop, Autodesk Maya.",onet,27-1011.00,design,"[""Active Listening"", ""Speaking"", ""Critical Thinking"", ""Judgment and Decision Making"", ""Reading Comprehension"", ""Complex Problem Solving"", ""Coordination"", ""Time Management"", ""Operations Analysis"", ""Persuasion"", ""Writing"", ""Active Learning"", ""Monitoring"", ""Social Perceptiveness"", ""Instructing"", ""Learning Strategies"", ""Management of Personnel Resources"", ""Negotiation"", ""Service Orientation"", ""Systems Analysis"", ""Systems Evaluation"", ""Management of Financial Resources"", ""Management of Material Resources"", ""Mathematics"", ""Quality Control Analysis"", ""Operations Monitoring"", ""Programming"", ""Technology Design"", ""Science"", ""Equipment Maintenance"", ""Equipment Selection"", ""Repairing"", ""Troubleshooting"", ""Installation"", ""Operation and Control""]","[""AJAX"", ""Cascading style sheets CSS"", ""Hypertext markup language HTML"", ""PHP"", ""Adobe After Effects"", ""Apple Final Cut Pro"", ""WeVideo"", ""YouTube"", ""Adobe Creative Cloud software"", ""Adobe Illustrator"", ""Adobe Photoshop"", ""Autodesk Maya"", ""Apple iWork Keynote"", ""Apple Keynote"", ""Google Slides"", ""Microsoft PowerPoint"", ""Adobe Dreamweaver"", ""Facebook"", ""Social media software"", ""WordPress"", ""Adobe InDesign"", ""Quark enterprise publishing software"", ""QuarkXPress"", ""Mag+"", ""Mobile application software"", ""Tablet application software"", ""Autodesk 3ds Max Design"", ""Computer assisted design software"", ""Microsoft Excel"", ""Microsoft Outlook"", ""Adobe Acrobat"", ""Adobe ActionScript"", ""Atlassian Confluence"", ""Microsoft Office software"", ""Apple macOS"", ""Microsoft Word"", ""Figma"", ""jQuery"", ""Data visualization software"", ""Web broswer software"", ""User interface design software"", ""Atlassian JIRA""]",web_development
Floral Designers,"Floral Designers. Core skills: Active Listening, Speaking, Service Orientation, Social Perceptiveness, Critical Thinking, Time Management, Judgment and Decision Making, Active Learning, Monitoring, Operations Analysis, Coordination, Persuasion. Technology skills: Microsoft Excel, Microsoft PowerPoint, Microsoft Outlook, Transaction accounting software, Supply ordering software, Microsoft Office software, Microsoft Word, Timekeeping software, Web browser software, Facebook, Inventory tracking software.",onet,27-1023.00,design,"[""Active Listening"", ""Speaking"", ""Service Orientation"", ""Social Perceptiveness"", ""Critical Thinking"", ""Time Management"", ""Judgment and Decision Making"", ""Active Learning"", ""Monitoring"", ""Operations Analysis"", ""Coordination"", ""Persuasion"", ""Reading Comprehension"", ""Complex Problem Solving"", ""Management of Material Resources"", ""Writing"", ""Negotiation"", ""Instructing"", ""Learning Strategies"", ""Mathematics"", ""Management of Personnel Resources"", ""Management of Financial Resources"", ""Quality Control Analysis"", ""Systems Analysis"", ""Systems Evaluation"", ""Equipment Selection"", ""Technology Design"", ""Operation and Control"", ""Programming"", ""Operations Monitoring"", ""Science"", ""Equipment Maintenance"", ""Installation"", ""Repairing"", ""Troubleshooting""]","[""Microsoft Excel"", ""Microsoft PowerPoint"", ""Microsoft Outlook"", ""Transaction accounting software"", ""Supply ordering software"", ""Microsoft Office software"", ""Microsoft Word"", ""Timekeeping software"", ""Web browser software"", ""Facebook"", ""Inventory tracking software""]",business
Film and Video Editors,"Film and Video Editors. Core skills: Active Listening, Critical Thinking, Reading Comprehension, Active Learning, Complex Problem Solving, Speaking, Judgment and Decision Making, Time Management, Writing, Coordination, Monitoring, Social Perceptiveness. Technology skills: Apple Final Cut Pro, Screencastify, TikTok, YouTube, AJAX, Cascading style sheets CSS, Hypertext markup language HTML, JavaScript, Adobe After Effects, Adobe Creative Cloud software, Adobe Illustrator, Adobe Photoshop.",onet,27-4032.00,design,"[""Active Listening"", ""Critical Thinking"", ""Reading Comprehension"", ""Active Learning"", ""Complex Problem Solving"", ""Speaking"", ""Judgment and Decision Making"", ""Time Management"", ""Writing"", ""Coordination"", ""Monitoring"", ""Social Perceptiveness"", ""Persuasion"", ""Systems Analysis"", ""Learning Strategies"", ""Systems Evaluation"", ""Negotiation"", ""Quality Control Analysis"", ""Service Orientation"", ""Instructing"", ""Management of Personnel Resources"", ""Operations Monitoring"", ""Operations Analysis"", ""Mathematics"", ""Operation and Control"", ""Troubleshooting"", ""Equipment Selection"", ""Technology Design"", ""Management of Financial Resources"", ""Management of Material Resources"", ""Programming"", ""Equipment Maintenance"", ""Repairing"", ""Installation"", ""Science""]","[""Apple Final Cut Pro"", ""Screencastify"", ""TikTok"", ""YouTube"", ""AJAX"", ""Cascading style sheets CSS"", ""Hypertext markup language HTML"", ""JavaScript"", ""Adobe After Effects"", ""Adobe Creative Cloud software"", ""Adobe Illustrator"", ""Adobe Photoshop"", ""Brightcove"", ""Google Video"", ""Instagram"", ""Microsoft Excel"", ""Apple Xsan"", ""Adobe InDesign"", ""Extensible markup language XML"", ""Microsoft Office software"", ""Microsoft Word"", ""Autodesk Maya"", ""Avid Digidesign Pro Tools"", ""Web browser software"", ""Microsoft PowerPoint""]",web_development
"Office Machine Operators, Except Computer","Office Machine Operators, Except Computer. Core skills: Operation and Control, Operations Monitoring, Reading Comprehension, Active Listening, Critical Thinking, Judgment and Decision Making, Monitoring, Speaking, Time Management, Complex Problem Solving, Social Perceptiveness, Writing. Technology skills: Adobe Illustrator, Adobe Photoshop, Eko, Adobe InDesign, Microsoft Publisher, Microsoft Excel, Microsoft Outlook, Multi-line optical character reader OCR software, Adobe Acrobat, Microsoft Office software, Microsoft Windows, Microsoft Word.",onet,43-9071.00,design,"[""Operation and Control"", ""Operations Monitoring"", ""Reading Comprehension"", ""Active Listening"", ""Critical Thinking"", ""Judgment and Decision Making"", ""Monitoring"", ""Speaking"", ""Time Management"", ""Complex Problem Solving"", ""Social Perceptiveness"", ""Writing"", ""Active Learning"", ""Coordination"", ""Equipment Maintenance"", ""Quality Control Analysis"", ""Service Orientation"", ""Troubleshooting"", ""Repairing"", ""Systems Analysis"", ""Equipment Selection"", ""Management of Personnel Resources"", ""Mathematics"", ""Management of Material Resources"", ""Negotiation"", ""Persuasion"", ""Instructing"", ""Management of Financial Resources"", ""Systems Evaluation"", ""Learning Strategies"", ""Programming"", ""Technology Design"", ""Operations Analysis"", ""Installation"", ""Science""]","[""Adobe Illustrator"", ""Adobe Photoshop"", ""Eko"", ""Adobe InDesign"", ""Microsoft Publisher"", ""Microsoft Excel"", ""Microsoft Outlook"", ""Multi-line optical character reader OCR software"", ""Adobe Acrobat"", ""Microsoft Office software"", ""Microsoft Windows"", ""Microsoft Word"", ""Microsoft PowerPoint"", ""Microsoft Access""]",design
Proofreaders and Copy Markers,"Proofreaders and Copy Markers. Core skills: Reading Comprehension, Writing, Speaking, Active Listening, Critical Thinking, Monitoring, Time Management, Active Learning, Judgment and Decision Making, Complex Problem Solving, Quality Control Analysis, Coordination. Technology skills: Adobe InCopy, Microsoft Word, Serenity Software Editor, WhiteSmoke, Adobe Captivate, InScribe, Adobe Creative Cloud software, Adobe Illustrator, Adobe Photoshop, Adobe FrameMaker, Adobe InDesign, QuarkXPress.",onet,43-9081.00,design,"[""Reading Comprehension"", ""Writing"", ""Speaking"", ""Active Listening"", ""Critical Thinking"", ""Monitoring"", ""Time Management"", ""Active Learning"", ""Judgment and Decision Making"", ""Complex Problem Solving"", ""Quality Control Analysis"", ""Coordination"", ""Social Perceptiveness"", ""Learning Strategies"", ""Systems Analysis"", ""Systems Evaluation"", ""Mathematics"", ""Persuasion"", ""Instructing"", ""Negotiation"", ""Service Orientation"", ""Management of Personnel Resources"", ""Operations Analysis"", ""Programming"", ""Science"", ""Equipment Maintenance"", ""Equipment Selection"", ""Installation"", ""Management of Financial Resources"", ""Management of Material Resources"", ""Operation and Control"", ""Operations Monitoring"", ""Repairing"", ""Technology Design"", ""Troubleshooting""]","[""Adobe InCopy"", ""Microsoft Word"", ""Serenity Software Editor"", ""WhiteSmoke"", ""Adobe Captivate"", ""InScribe"", ""Adobe Creative Cloud software"", ""Adobe Illustrator"", ""Adobe Photoshop"", ""Adobe FrameMaker"", ""Adobe InDesign"", ""QuarkXPress"", ""Adobe After Effects"", ""Apple Final Cut Pro"", ""Avid Technology Media Composer"", ""FileMaker Pro"", ""Microsoft Access"", ""Style guide databases"", ""Adobe Dreamweaver"", ""HP Autonomy TeamSite"", ""WordPress"", ""Apple iWork Keynote"", ""Microsoft PowerPoint"", ""Microsoft Excel"", ""Microsoft Outlook"", ""Adobe Acrobat"", ""Microsoft Office software"", ""HubSpot software"", ""File transfer protocol FTP client software"", ""Bugzilla"", ""Microsoft Visio""]",design
"Designers, All Other","Designers, All Other. Core skills: . Technology skills: .",onet,27-1029.00,design,[],[],
"Art, Drama, and Music Teachers, Postsecondary","Art, Drama, and Music Teachers, Postsecondary. Core skills: Speaking, Instructing, Learning Strategies, Active Learning, Active Listening, Reading Comprehension, Writing, Monitoring, Critical Thinking, Social Perceptiveness, Time Management, Complex Problem Solving. Technology skills: Adobe Creative Cloud software, Adobe Illustrator, Faux Labs Splashup, Next Limit Maxwell Render, Blackboard software, Learning management system LMS, Moodle, Sakai CLE, Adobe After Effects, Apple DVD Studio Pro, Apple Final Cut Pro, The Foundry Nuke.",onet,25-1121.00,design,"[""Speaking"", ""Instructing"", ""Learning Strategies"", ""Active Learning"", ""Active Listening"", ""Reading Comprehension"", ""Writing"", ""Monitoring"", ""Critical Thinking"", ""Social Perceptiveness"", ""Time Management"", ""Complex Problem Solving"", ""Judgment and Decision Making"", ""Coordination"", ""Systems Analysis"", ""Service Orientation"", ""Systems Evaluation"", ""Management of Personnel Resources"", ""Persuasion"", ""Operations Analysis"", ""Negotiation"", ""Management of Material Resources"", ""Mathematics"", ""Management of Financial Resources"", ""Science"", ""Quality Control Analysis"", ""Technology Design"", ""Operations Monitoring"", ""Programming"", ""Repairing"", ""Equipment Selection"", ""Operation and Control"", ""Installation"", ""Equipment Maintenance"", ""Troubleshooting""]","[""Adobe Creative Cloud software"", ""Adobe Illustrator"", ""Faux Labs Splashup"", ""Next Limit Maxwell Render"", ""Blackboard software"", ""Learning management system LMS"", ""Moodle"", ""Sakai CLE"", ""Adobe After Effects"", ""Apple DVD Studio Pro"", ""Apple Final Cut Pro"", ""The Foundry Nuke"", ""Adobe Audition"", ""Apple Logic Pro"", ""Pure Data PD"", ""Sonic Studio audio software"", ""Cascading style sheets CSS"", ""Hypertext markup language HTML"", ""JavaScript"", ""PHP"", ""Collaborative editing software"", ""Google Docs"", ""Microsoft Word"", ""Email software"", ""Microsoft Outlook"", ""Microsoft Visual Studio"", ""PhoneGap"", ""Adobe InDesign"", ""QuarkXPress"", ""DOC Cop"", ""iParadigms Turnitin"", ""Microsoft Excel"", ""Image scanning software"", ""Adobe Acrobat"", ""Edmodo"", ""Microsoft Office software"", ""Linux"", ""MySQL"", ""Autodesk Maya"", ""Web browser software"", ""Microsoft PowerPoint"", ""Adobe Dreamweaver""]",design
Video Game Designers,"Video Game Designers. Core skills: Programming, Active Listening, Critical Thinking, Reading Comprehension, Complex Problem Solving, Judgment and Decision Making, Active Learning, Systems Analysis, Time Management, Systems Evaluation, Writing, Coordination. Technology skills: Adobe ActionScript, C, Microsoft Visual Studio, Simple DirectMedia Layer SDL, Blackboard software, Microsoft SQL Server, Structured query language SQL, C#, Oracle Java, Perl, TypeScript, Adobe Creative Cloud software.",onet,15-1255.01,design,"[""Programming"", ""Active Listening"", ""Critical Thinking"", ""Reading Comprehension"", ""Complex Problem Solving"", ""Judgment and Decision Making"", ""Active Learning"", ""Systems Analysis"", ""Time Management"", ""Systems Evaluation"", ""Writing"", ""Coordination"", ""Monitoring"", ""Speaking"", ""Negotiation"", ""Operations Analysis"", ""Persuasion"", ""Social Perceptiveness"", ""Technology Design"", ""Instructing"", ""Learning Strategies"", ""Mathematics"", ""Management of Personnel Resources"", ""Service Orientation"", ""Operations Monitoring"", ""Quality Control Analysis"", ""Management of Financial Resources"", ""Management of Material Resources"", ""Science"", ""Equipment Selection"", ""Installation"", ""Troubleshooting"", ""Equipment Maintenance"", ""Operation and Control"", ""Repairing""]","[""Adobe ActionScript"", ""C"", ""Microsoft Visual Studio"", ""Simple DirectMedia Layer SDL"", ""Blackboard software"", ""Microsoft SQL Server"", ""Structured query language SQL"", ""C#"", ""Oracle Java"", ""Perl"", ""TypeScript"", ""Adobe Creative Cloud software"", ""Adobe Illustrator"", ""Adobe Photoshop"", ""Autodesk Maya"", ""Adobe After Effects"", ""Autodesk 3ds Max"", ""Sound development software"", ""Vulkan Graphics API"", ""Hypertext markup language HTML"", ""JavaScript"", ""PHP"", ""Ruby on Rails"", ""Job control language JCL"", ""Linux"", ""Microsoft Windows"", ""Graphical user interface GUI design software"", ""Microsoft Expression Blend"", ""Atlassian JIRA"", ""Microsoft Project"", ""Microsoft Excel"", ""Perforce software"", ""Perforce Helix software"", ""Microsoft Outlook"", ""Git"", ""Extensible markup language XML"", ""Microsoft Office software"", ""Microsoft Word"", ""MySQL"", ""Microsoft DirectX"", ""Virtual Battlespace 2 VBS2"", ""Microsoft PowerPoint"", ""Microsoft Visio""]",computer_science
Set and Exhibit Designers,"Set and Exhibit Designers. Core skills: Active Listening, Reading Comprehension, Critical Thinking, Operations Analysis, Speaking, Time Management, Coordination, Complex Problem Solving, Judgment and Decision Making, Writing, Active Learning, Monitoring. Technology skills: Autodesk AutoCAD, Autodesk Revit, Dassault Systemes SolidWorks, Trimble SketchUp Pro, Microsoft PowerPoint, Adobe Creative Cloud software, Adobe Illustrator, Adobe Photoshop, Graphics software, Adobe After Effects, Adobe Director, Autodesk 3ds Max.",onet,27-1027.00,design,"[""Active Listening"", ""Reading Comprehension"", ""Critical Thinking"", ""Operations Analysis"", ""Speaking"", ""Time Management"", ""Coordination"", ""Complex Problem Solving"", ""Judgment and Decision Making"", ""Writing"", ""Active Learning"", ""Monitoring"", ""Instructing"", ""Mathematics"", ""Negotiation"", ""Persuasion"", ""Service Orientation"", ""Social Perceptiveness"", ""Systems Analysis"", ""Learning Strategies"", ""Management of Personnel Resources"", ""Systems Evaluation"", ""Management of Financial Resources"", ""Management of Material Resources"", ""Quality Control Analysis"", ""Operations Monitoring"", ""Equipment Selection"", ""Technology Design"", ""Operation and Control"", ""Programming"", ""Science"", ""Installation"", ""Troubleshooting"", ""Equipment Maintenance"", ""Repairing""]","[""Autodesk AutoCAD"", ""Autodesk Revit"", ""Dassault Systemes SolidWorks"", ""Trimble SketchUp Pro"", ""Microsoft PowerPoint"", ""Adobe Creative Cloud software"", ""Adobe Illustrator"", ""Adobe Photoshop"", ""Graphics software"", ""Adobe After Effects"", ""Adobe Director"", ""Autodesk 3ds Max"", ""Figure 53 QLab"", ""Microsoft Access"", ""Oracle Database"", ""Structured query language SQL"", ""Microsoft Excel"", ""Microsoft Outlook"", ""Adobe Acrobat"", ""Adobe InDesign"", ""Microsoft Office software"", ""UNIX"", ""Microsoft Word""]",design
Technical Writers,"Technical Writers. Core skills: Writing, Reading Comprehension, Active Listening, Speaking, Critical Thinking, Active Learning, Judgment and Decision Making, Time Management, Coordination, Monitoring, Persuasion, Complex Problem Solving. Technology skills: Cascading style sheets CSS, Hypertext markup language HTML, Microsoft ASP.NET, PHP, Adobe Dreamweaver, Google Sites, JustSystems XMetaL, Quadralay WebWorks ePublisher, Adobe FrameMaker, Adobe InDesign, MadCap Software MadCap Flare, Microsoft Publisher.",onet,27-3042.00,design,"[""Writing"", ""Reading Comprehension"", ""Active Listening"", ""Speaking"", ""Critical Thinking"", ""Active Learning"", ""Judgment and Decision Making"", ""Time Management"", ""Coordination"", ""Monitoring"", ""Persuasion"", ""Complex Problem Solving"", ""Social Perceptiveness"", ""Negotiation"", ""Instructing"", ""Learning Strategies"", ""Operations Analysis"", ""Systems Analysis"", ""Quality Control Analysis"", ""Management of Personnel Resources"", ""Service Orientation"", ""Systems Evaluation"", ""Management of Material Resources"", ""Mathematics"", ""Operations Monitoring"", ""Management of Financial Resources"", ""Programming"", ""Technology Design"", ""Science"", ""Troubleshooting"", ""Equipment Maintenance"", ""Equipment Selection"", ""Installation"", ""Operation and Control"", ""Repairing""]","[""Cascading style sheets CSS"", ""Hypertext markup language HTML"", ""Microsoft ASP.NET"", ""PHP"", ""Adobe Dreamweaver"", ""Google Sites"", ""JustSystems XMetaL"", ""Quadralay WebWorks ePublisher"", ""Adobe FrameMaker"", ""Adobe InDesign"", ""MadCap Software MadCap Flare"", ""Microsoft Publisher"", ""FileMaker Pro"", ""Microsoft Access"", ""Microsoft SQL Server"", ""Structured query language SQL"", ""Adobe Creative Cloud software"", ""Adobe Illustrator"", ""Adobe Photoshop"", ""Corel CorelDraw Graphics Suite"", ""Darwin information typing architecture DITA"", ""IBM Rational ClearQuest"", ""Microsoft Visual Basic"", ""Standardized general markup language SGML"", ""Autodesk AutoCAD"", ""Dassault Systemes CATIA"", ""Dassault Systemes SolidWorks"", ""PTC Creo Parametric"", ""Microsoft SQL Server Reporting Services SSRS"", ""Oracle Business Intelligence Discoverer"", ""SAP Crystal Reports"", ""IBM Rational ClearCase"", ""Perforce Helix software"", ""IBM Notes"", ""Microsoft Outlook"", ""Adobe Acrobat"", ""Microsoft SharePoint"", ""Objective C"", ""Oracle Java"", ""Atlassian Confluence"", ""Microsoft Project"", ""Microsoft Excel"", ""Epic Systems"", ""Atlassian JIRA"", ""GitHub"", ""Adobe Captivate"", ""SAP Business Objects"", ""ParentSquare"", ""Apple Final Cut Pro"", ""Git"", ""Extensible markup language XML"", ""Microsoft Office software"", ""Microsoft Word"", ""Adobe RoboHelp"", ""Blink"", ""Oracle E-Business Suite Financials"", ""SAS"", ""Web browser software"", ""Microsoft PowerPoint"", ""IBM Cognos Business Intelligence"", ""Microsoft Visio""]",web_development
Costume Attendants,"Costume Attendants. Core skills: Active Listening, Coordination, Monitoring, Speaking, Social Perceptiveness, Critical Thinking, Reading Comprehension, Service Orientation, Negotiation, Persuasion, Time Management, Active Learning. Technology skills: Microsoft Excel, Microsoft Outlook, Microsoft Office software, Microsoft Word, Web browser software, Database software, Garment tracking software.",onet,39-3092.00,design,"[""Active Listening"", ""Coordination"", ""Monitoring"", ""Speaking"", ""Social Perceptiveness"", ""Critical Thinking"", ""Reading Comprehension"", ""Service Orientation"", ""Negotiation"", ""Persuasion"", ""Time Management"", ""Active Learning"", ""Instructing"", ""Writing"", ""Judgment and Decision Making"", ""Systems Evaluation"", ""Complex Problem Solving"", ""Management of Personnel Resources"", ""Operations Analysis"", ""Systems Analysis"", ""Management of Material Resources"", ""Operation and Control"", ""Quality Control Analysis"", ""Learning Strategies"", ""Management of Financial Resources"", ""Operations Monitoring"", ""Technology Design"", ""Troubleshooting"", ""Mathematics"", ""Equipment Selection"", ""Equipment Maintenance"", ""Installation"", ""Programming"", ""Repairing"", ""Science""]","[""Microsoft Excel"", ""Microsoft Outlook"", ""Microsoft Office software"", ""Microsoft Word"", ""Web browser software"", ""Database software"", ""Garment tracking software""]",business
Interior Designers,"Interior Designers. Core skills: Active Listening, Critical Thinking, Reading Comprehension, Speaking, Coordination, Service Orientation, Social Perceptiveness, Complex Problem Solving, Writing, Judgment and Decision Making, Persuasion, Time Management. Technology skills: Autodesk AutoCAD, Autodesk Revit, Computer aided design and drafting software CADD, Trimble SketchUp Pro, Microsoft PowerPoint, Adobe Creative Cloud software, Adobe Illustrator, Adobe Photoshop, iPhotoMEASURE, Email software, IBM Notes, Microsoft Outlook.",onet,27-1025.00,design,"[""Active Listening"", ""Critical Thinking"", ""Reading Comprehension"", ""Speaking"", ""Coordination"", ""Service Orientation"", ""Social Perceptiveness"", ""Complex Problem Solving"", ""Writing"", ""Judgment and Decision Making"", ""Persuasion"", ""Time Management"", ""Active Learning"", ""Monitoring"", ""Negotiation"", ""Operations Analysis"", ""Instructing"", ""Mathematics"", ""Systems Analysis"", ""Management of Personnel Resources"", ""Management of Financial Resources"", ""Management of Material Resources"", ""Learning Strategies"", ""Systems Evaluation"", ""Operations Monitoring"", ""Quality Control Analysis"", ""Programming"", ""Technology Design"", ""Troubleshooting"", ""Operation and Control"", ""Science"", ""Equipment Maintenance"", ""Equipment Selection"", ""Installation"", ""Repairing""]","[""Autodesk AutoCAD"", ""Autodesk Revit"", ""Computer aided design and drafting software CADD"", ""Trimble SketchUp Pro"", ""Microsoft PowerPoint"", ""Adobe Creative Cloud software"", ""Adobe Illustrator"", ""Adobe Photoshop"", ""iPhotoMEASURE"", ""Email software"", ""IBM Notes"", ""Microsoft Outlook"", ""Autodesk 3ds Max"", ""Maxon Cinema 4D"", ""Microsoft Excel"", ""Adobe Acrobat"", ""Adobe InDesign"", ""Microsoft Office software"", ""Microsoft Word"", ""Web browser software"", ""Microsoft Project""]",design
"Hairdressers, Hairstylists, and Cosmetologists","Hairdressers, Hairstylists, and Cosmetologists. Core skills: Active Listening, Speaking, Service Orientation, Critical Thinking, Active Learning, Judgment and Decision Making, Social Perceptiveness, Complex Problem Solving, Monitoring, Reading Comprehension, Time Management, Coordination. Technology skills: Microsoft Excel, YouTube, Intuit QuickBooks, Sale processing software, Microsoft Office software, Apple iOS, Microsoft Word, Customer information databases, Facebook, Appointment scheduling software.",onet,39-5012.00,design,"[""Active Listening"", ""Speaking"", ""Service Orientation"", ""Critical Thinking"", ""Active Learning"", ""Judgment and Decision Making"", ""Social Perceptiveness"", ""Complex Problem Solving"", ""Monitoring"", ""Reading Comprehension"", ""Time Management"", ""Coordination"", ""Instructing"", ""Learning Strategies"", ""Persuasion"", ""Writing"", ""Negotiation"", ""Management of Personnel Resources"", ""Operations Analysis"", ""Mathematics"", ""Systems Analysis"", ""Systems Evaluation"", ""Operations Monitoring"", ""Management of Material Resources"", ""Equipment Selection"", ""Technology Design"", ""Quality Control Analysis"", ""Science"", ""Management of Financial Resources"", ""Troubleshooting"", ""Equipment Maintenance"", ""Operation and Control"", ""Programming"", ""Installation"", ""Repairing""]","[""Microsoft Excel"", ""YouTube"", ""Intuit QuickBooks"", ""Sale processing software"", ""Microsoft Office software"", ""Apple iOS"", ""Microsoft Word"", ""Customer information databases"", ""Facebook"", ""Appointment scheduling software""]",business
Bioengineers and Biomedical Engineers,"Bioengineers and Biomedical Engineers. Core skills: Active Listening, Reading Comprehension, Speaking, Writing, Complex Problem Solving, Critical Thinking, Judgment and Decision Making, Mathematics, Science, Active Learning, Monitoring, Operations Analysis. Technology skills: Minitab, SAS, The MathWorks MATLAB, Three-dimensional motion capture software, Extensible markup language XML, Microsoft Teams, Rapid application development RAD software, Autodesk AutoCAD, Dassault Systemes SolidWorks, Mathsoft Mathcad, Zuken electrical design software, Integrated development environment IDE software.",onet,17-2031.00,design,"[""Active Listening"", ""Reading Comprehension"", ""Speaking"", ""Writing"", ""Complex Problem Solving"", ""Critical Thinking"", ""Judgment and Decision Making"", ""Mathematics"", ""Science"", ""Active Learning"", ""Monitoring"", ""Operations Analysis"", ""Systems Analysis"", ""Systems Evaluation"", ""Technology Design"", ""Learning Strategies"", ""Instructing"", ""Programming"", ""Quality Control Analysis"", ""Time Management"", ""Coordination"", ""Management of Personnel Resources"", ""Social Perceptiveness"", ""Negotiation"", ""Operations Monitoring"", ""Service Orientation"", ""Troubleshooting"", ""Equipment Selection"", ""Persuasion"", ""Repairing"", ""Installation"", ""Management of Material Resources"", ""Equipment Maintenance"", ""Management of Financial Resources"", ""Operation and Control""]","[""Minitab"", ""SAS"", ""The MathWorks MATLAB"", ""Three-dimensional motion capture software"", ""Extensible markup language XML"", ""Microsoft Teams"", ""Rapid application development RAD software"", ""Autodesk AutoCAD"", ""Dassault Systemes SolidWorks"", ""Mathsoft Mathcad"", ""Zuken electrical design software"", ""Integrated development environment IDE software"", ""Microsoft Azure software"", ""Microsoft Visual Basic"", ""National Instruments LabVIEW"", ""ADInstruments LabChart"", ""Gait analysis software"", ""Medical information software"", ""Virtual instrument software"", ""Microsoft Access"", ""Oracle Database"", ""Structured query language SQL"", ""Thomson Reuters EndNote"", ""Linux"", ""Microsoft Windows"", ""Red Hat Enterprise Linux"", ""UNIX"", ""C++"", ""Oracle Java"", ""Python"", ""R"", ""Adobe Illustrator"", ""Adobe Photoshop"", ""ImageJ"", ""Ab Initio"", ""ERP software"", ""SAP software"", ""Defect tracking software"", ""System testing software"", ""User interface design software"", ""IBM Rational RequisitePro"", ""Requirements management software"", ""Unified modeling language UML"", ""Hypertext markup language HTML"", ""Hypertext preprocessor PHP"", ""JavaScript"", ""Microsoft Project"", ""Project estimation software"", ""Lucidchart"", ""Microsoft Visio"", ""Microsoft Excel"", ""Diagramming software"", ""IBM Rational ClearCase"", ""Microsoft Outlook"", ""NeuroSolutions for MatLab"", ""Rapid prototyping software"", ""Microsoft Office software"", ""Microsoft Word"", ""SAP BusinessObjects Crystal Reports"", ""Microsoft PowerPoint"", ""Equipment compliance testing software"", ""Splunk Enterprise""]",
