title,description,source,job_id,company,location,url,posted_date,keyword_query,collection_domain,unified_domain
Software Engineer - Mid to Experienced Level (Maryland),"As a Software Engineer at NSA, you can focus on virtually any area of computer science including cybersecurity, high-performance computing (HPC), quantum computing research, data analytics, machine learning/artificial intelligence (ML/AI), cryptology/cryptography, complex algorithms, large-scale platform development and many others. The sheer breadth of technologies NSA uses provides countless opportunities for broadening your expertise and leadership growth.",usajobs,1260414,National Security Agency/Central Security Service,"Fort Meade, Maryland",https://www.usajobs.gov:443/job/877145100,2026-07-20T06:41:09.3030,software engineer,computer_science,data_science
"IT Specialist (APPSW) ""Software Engineer"", GS-2210-15 FPL GS-15 (Direct Hire) (Open Continuous)","This position is in the U.S. Department of Education (ED), Federal Student Aid (FSA), Technology Directorate (TD). The Technology Directorate provides information technology services for all FSA systems, promoting the effective and secure use of technology to achieve FSA's strategic objectives through sound planning, investments, integrated technology architectures and standards, effective systems development, production support, and cybersecurity services.",usajobs,FSA-2026-0118,Federal Student Aid,Multiple Locations,https://www.usajobs.gov:443/job/875046600,2026-07-01T00:00:00.0000,software engineer,computer_science,
Civil Engineer / Mechancial Engineer / Electrical Engineer,"Click on ""Learn more about this agency"" button below to view Eligibilities being considered and other IMPORTANT information. The primary purpose of this position is: This is a formal Air Force intern position, established under the PALACE Acquire (PAQ) program which is under the Pathways Recent Graduate Program. This position is centrally managed and funded by the Air Force Personnel Center, Civilian Career Management Directorate and administered by the Civil Engineer Career Team.",usajobs,D-26-DHA-12800575-KLB,Air Force Civilian Career Training,Multiple Locations,https://www.usajobs.gov:443/job/850081200,2025-11-14T07:41:39.3930,software engineer,computer_science,
Cybersecurity Engineering - Technical,"The Department of Homeland Security (DHS) is recruiting professionals to support a range of technical roles in Cybersecurity Engineering, including Cybersecurity Engineer, Information Security Analyst, Network Engineer, and Lead Software Developer. All positions are in the DHS Cybersecurity Service.",usajobs,26-12994069-CBWQ,DHS Headquarters,Multiple Locations,https://www.usajobs.gov:443/job/875159900,2026-07-06T00:00:00.0000,software engineer,computer_science,business
Supervisory General Engineer,"You will serve as a Supervisory General Engineer/SE Software Branch Head (BL25300), in the NAVAIRWARCENADLKE SE & ALRE Group; Support Equipment Dept; SE Engineering Integration Division.",usajobs,ST-13004031-26-MC,Naval Air Systems Command,"Lakehurst, New Jersey",https://www.usajobs.gov:443/job/876282400,2026-07-15T00:00:00.0000,software engineer,computer_science,
Railroad Safety Inspector (Operating Practices) - DIRECT HIRE (SME),"The position(s) is located in the Office of Railroad Safety, Operating Practices Division. The Operating Practices Division is responsible for examining carriers operating rules, employee qualification guidelines and carrier employee training programs to determine compliance with existing Federal regulations and standards and investigates railroad accidents using established FRA policies, guides, manuals to determine probable cause.",usajobs,FRA.OP-2026-0002,Federal Railroad Administration,Multiple Locations,https://www.usajobs.gov:443/job/871955200,2026-06-05T00:00:00.0000,software engineer,computer_science,cybersecurity
ENGINEERING,"The PALACE Acquire Program offers you a permanent position upon completion of your formal training plan. As a Palace Acquire Intern you will experience both personal and professional growth while dealing effectively and ethically with change, complexity, and problem solving. The program offers a 3-year formal training plan with yearly salary increases. Promotions and salary increases are based upon your successful performance and supervisory approval.",usajobs,K-26-DHA-12806014-BJM,Air Force Civilian Career Training,Multiple Locations,https://www.usajobs.gov:443/job/846773600,2025-09-29T00:00:00.0000,software engineer,computer_science,
General Engineer,See below for important information regarding this job. Additional vacancies may be filled from this announcement.,usajobs,DCMA-P4-26-12989882-IMP,Defense Contract Management Agency,"Roy, Utah",https://www.usajobs.gov:443/job/874443000,2026-06-25T17:19:10.5400,software engineer,computer_science,
Computer Engineer,See below for important information regarding this job. Additional vacancies may be filled from this announcement.,usajobs,DCMA-P4-26-13002177-IMP,Defense Contract Management Agency,"Wilmington, Massachusetts",https://www.usajobs.gov:443/job/875891500,2026-07-09T10:51:36.8170,software engineer,computer_science,
Senior Leader Software Directorate,"Click on ""Learn more about this agency"" button below for IMPORTANT additional information. The Senior Leader Software Directorate provides executive oversight for more than 5,500 software professionals within the Air Force Sustainment Center Software Directorate (AFSC/SW). The role is essential to national security, ensuring the delivery of secure, resilient, and war-winning software capabilities that power critical U.S. warfighting systems.",usajobs,MRL2026-10090A,Department of the Air Force - Agency Wide,Multiple Locations,https://www.usajobs.gov:443/job/876344400,2026-07-13T16:49:21.4770,software engineer,computer_science,
Civil Engineer,"This is a Direct Hire Authority (DHA) solicitation utilizing the DHA for Certain Personnel of the DoD Workforce to recruit and appoint qualified candidates to positions in the competitive service. About the Position: This is a Civil Engineer GS-0810-07/09/11/12 developmental position with the U.S. Army Corps of Engineers, Northwester Division (NWD), Kansas City District, Operations Division, Maintenance Engineering Section.",usajobs,CEDE-26-12968414-DHA,U.S. Army Corps of Engineers,Multiple Locations,https://www.usajobs.gov:443/job/875593900,2026-07-07T14:51:46.5830,software engineer,computer_science,
ENGINEER/SCIENTIST,"This is a public notice flyer to notify interested applicants of anticipated vacancies. Applications will not be accepted through this flyer. Interested applicants must follow the directions in the ""How to Apply"" section of this flyer to be considered. There may or may not be actual vacancies filled from this flyer. Notice of Result letters will not be sent to applicants who respond to this flyer.",usajobs,DE-12884121-26-JRT,Naval Sea Systems Command,"Dahlgren, Virginia",https://www.usajobs.gov:443/job/857832800,2026-02-17T09:23:37.9100,software engineer,computer_science,
IT Specialist (Applications Software),"This position is located in the National Oceanic and Atmospheric Administration (NOAA), National Ocean Service (NOS), with vacancies in Silver Spring, MD; Durham, NC; Norfolk, VA; Seattle, WA. This position is also announced under vacancy number NOS-26-13006930-DE, which is open to all US Citizens or Nationals. You must apply to both announcements if you want to be considered for both.",usajobs,NOS-26-13006929-ST,National Oceanic and Atmospheric Administration,Multiple Locations,https://www.usajobs.gov:443/job/876848200,2026-07-17T00:00:00.0000,software engineer,computer_science,
IT Specialist (Applications Software),"This position is located in the National Oceanic and Atmospheric Administration (NOAA), National Ocean Service (NOS), with vacancies in Silver Spring, MD; Durham, NC; Norfolk, VA; Seattle, WA. This position is also announced under vacancy number NOS-26-13006929-ST, which is open to Status Candidates. You must apply to both announcements if you want to be considered for both.",usajobs,NOS-26-13006930-DE,National Oceanic and Atmospheric Administration,Multiple Locations,https://www.usajobs.gov:443/job/876848300,2026-07-17T00:00:00.0000,software engineer,computer_science,
Engineering Technician,"This position is located in the United States Department of Agriculture (USDA), Agricultural Research Service (ARS), Field Organization, Plains Area (PA), National Bio and Agro-Defense Facility (NBAF), Manhattan, KS. In this position, the incumbent will serve as the Engineering Technician responsible for supervising, managing and ensuring the Computerized Maintenance Management System (CMMS) using Maximo software are in constant optimal operational condition.",usajobs,ARS-S26Y-12994556-GK,Agricultural Research Service,"Manhattan, Kansas",https://www.usajobs.gov:443/job/874948800,2026-07-01T00:00:00.0000,software engineer,computer_science,
Public Notice for Computer Engineer (Direct Hire),"Direct hiring authority for the 0854 series is being used to fill this position. Public Notices serve as a resume repository, and positions may or may not be filled from this announcement.",usajobs,AAC-FAA-26-PUB NOT-97374,Federal Aviation Administration,May be filled in various FAA duty locations,https://www.usajobs.gov:443/job/858636600,2026-02-24T00:00:00.0000,software engineer,computer_science,
Data Engineer,"DDI Data Engineers solve critical data challenges by building optimal data pipelines, analyzing and transforming data, and delivering data to systems to advance CIA's intelligence mission.",usajobs,24-12198900-6898/DIHD,Central Intelligence Agency,"Washington, District of Columbia",https://www.usajobs.gov:443/job/759326100,2025-10-01T00:00:00.0000,software engineer,computer_science,
ENGINEERING TECHNICIAN,"The primary purpose of the position is to plan, design, analyze, and layout of new construction as well as the conversion, remodeling, or modernization of existing VA buildings and facilities. The Engineering technician is responsible to act as a technical resource for the staff and a project engineer for complex projects at the Veterans Affairs Sierra Nevada Health Care System (VASNHCS) in Reno, NV.",usajobs,CBSW-12997445-26-BV,Veterans Health Administration,"Reno, Nevada",https://www.usajobs.gov:443/job/875332900,2026-07-02T18:07:37.8170,software engineer,computer_science,
Marine Engineer (Assistant/Associate) Professor,"This is a Full-Time Faculty Tenure-Track appointment in the Excepted Service, with an initial term not-to exceed two years. Reappointments to additional one- or two-year terms are possible. If Tenure is achieved (after four to six years), employment will be made permanent, provided a satisfactory performance appraisal is received annually.",usajobs,MARAD.MMA-2026-0003,Maritime Administration,"Kings Point, New York",https://www.usajobs.gov:443/job/848149900,2025-10-16T00:00:00.0000,software engineer,computer_science,
GENERAL ENGINEER,"This is a public notice flyer to notify interested applicants of anticipated vacancies. Applications will not be accepted through this flyer. Interested applicants must follow the directions in the ""How to Apply"" section of this flyer to be considered. There may or may not be actual vacancies filled from this flyer. Notice of Result letters will not be sent to applicants who respond to this flyer. A Cost-of-Living-Allowance (COLA) of 8.64% will be added to the stated salary.",usajobs,DE-13008108-26-CAS,"Commander, Navy Installations Command","Kauai Island, Hawaii",https://www.usajobs.gov:443/job/876767600,2026-07-16T00:00:00.0000,software engineer,computer_science,
Test and Evaluation Engineer-Direct Hire Authority,"Veteran's preference does not apply to DHA recruitment. Click on ""Learn more about this agency"" button below for more information. The primary purpose of this position is to plan, execute, and report assigned ground, air-to-air, and air-to-ground test programs, including the creation of all test documentation.",usajobs,AFMC-080103-13013852-CNC,Air Force Materiel Command,"Hurlburt Field, Florida",https://www.usajobs.gov:443/job/877111600,2026-07-17T16:12:29.6000,software engineer,computer_science,
Public Notice for General Engineer (Direct Hire),"Direct hiring authority for the 0801 series is being used to fill this position. Public Notices serve as a resume repository, and positions may or may not be filled from this announcement.",usajobs,AAC-FAA-26-PUB NOT-96467,Federal Aviation Administration,May be filled in various FAA duty locations,https://www.usajobs.gov:443/job/852270000,2025-12-12T00:00:00.0000,software engineer,computer_science,
INTERDISCIPLINARY ENGINEER/SCIENTIST,"You will serve as an Interdisciplinary Engineer/Scientist in the Research & Development Group, Spectrum Warfare Department of NAVAIRWARCENWPNDIV POINT MUGU.",usajobs,ST-13003479-26-DMF,Naval Air Systems Command,"Point Mugu, California",https://www.usajobs.gov:443/job/875903700,2026-07-14T00:00:00.0000,software engineer,computer_science,
MECHANICAL ENGINEER,"The PALACE Acquire Program offers you a permanent position upon completion of your formal training plan. As a Palace Acquire Intern you will experience both personal and professional growth while dealing effectively and ethically with change, complexity, and problem solving. The program offers a 3-year formal training plan with yearly salary increases. Promotions and salary increases are based upon your successful performance and supervisory approval.",usajobs,K-26-DHA-12874424-BJM,Air Education and Training Command,"Lackland AFB, Texas",https://www.usajobs.gov:443/job/855677700,2026-01-28T00:00:00.0000,software engineer,computer_science,
General Engineer (Chief Technology Officer),"This is a Direct Hire Authority (DHA) solicitation utilizing the OPM DHA for STEM positions, Cyber Security and Related Positions to recruit and appoint qualified candidates to positions in the competitive service. About the Position: Serves as the Chief Technology Officer (CTO) for the US ARMY JOINT COUNTER-UAS OFFICE EXECUTIVE DIVISION.",usajobs,DAHT-26-13006349-DHA,U.S. Joint Counter,"Alexandria, Virginia",https://www.usajobs.gov:443/job/876444500,2026-07-15T00:00:00.0000,software engineer,computer_science,
COOPERATIVE ENGAGEMENT CAPABILITY SYSTEMS ENGINEER,"This is a public notice flyer to notify interested applicants of anticipated vacancies. Applications will not be accepted through this flyer. Interested applicants must follow the directions in the ""How to Apply"" section of this flyer to be considered. There may or may not be actual vacancies filled from this flyer. Notice of Result letters will not be sent to applicants who respond to this flyer.",usajobs,DE-12820279-26-BWH,Naval Sea Systems Command,"Dahlgren, Virginia",https://www.usajobs.gov:443/job/848468700,2025-10-21T00:00:00.0000,software engineer,computer_science,
Civil Engineer - Structural - DIRECT HIRE,"This position is in the Technical Services Branch of the Central Federal Lands Highway Division and responsible for performing duties related to designing and developing plans, specifications, and estimates for bridges, large culverts, viaducts, and retaining walls on federally owned lands in a multi-state area. Serves as technical support and helps develop, promote, and apply sound planning, inspection, design, construction, rehabilitation, and maintenance practices related to structures.",usajobs,FHWA.CFL-2026-0009,Federal Highway Administration,"Lakewood, Colorado",https://www.usajobs.gov:443/job/866358000,2026-04-24T00:00:00.0000,software engineer,computer_science,
Civil Engineer (Highway) (Design) - DIRECT HIRE,"As a Highway Design Engineer, you will design transportation infrastructure for National Parks, Forests, and Wildlife Refuges and develop the plans, specifications, and estimates (PS&E) packages for advertisement and construction. Since the 1900s, Federal Lands Highway has delivered innovative transportation solutions in complex, unique environments. Join our team and make a difference! Learn more: https://highways.dot.gov/federal-lands/careers. We work where you play!",usajobs,FHWA-2026-0002,Federal Highway Administration,Multiple Locations,https://www.usajobs.gov:443/job/866884700,2026-04-27T00:00:00.0000,software engineer,computer_science,
Electrical Engineer,"About the Position: The Walla Walla District US Army Corps of Engineers is comprised of motivated and talented employees providing the very best engineering services for communities in the Pacific Northwest. The District helps manage local water resources for navigation, flood damage reduction, disaster assistance, hydroelectric power generation, and other natural and heritage areas",usajobs,CEDE-26-13007355 MP,U.S. Army Corps of Engineers,"Walla Walla, Washington",https://www.usajobs.gov:443/job/877115200,2026-07-16T00:00:00.0000,software engineer,computer_science,
Capabilities Development Specialist,"Are you a computer science or computer/electrical engineering professional? Do you have strong software or hardware design, development, testing or reverse engineering skills? Do you want to be part of a team that develops ground breaking solutions?",usajobs,1259766,National Security Agency/Central Security Service,"Fort Meade, Maryland",https://www.usajobs.gov:443/job/876220400,2026-07-13T07:38:41.3870,software engineer,computer_science,
IT Specialist (InfoSec),"This position is located in the Department of Health and Human Services, Health Resources and Services Administration, headquartered in Rockville, Maryland. This announcement will close at 11:59 PM, on the day that 50 applications have been received or the closing date of the announcement, whichever comes first.",usajobs,HHS-HRSA-DH-26-12982340,Health Resources and Services Administration,"Rockville, Maryland",https://www.usajobs.gov:443/job/876318900,2026-07-14T00:00:00.0000,software engineer,computer_science,
"Electronics Engineer, OPIR Sustainment",Do not email applications. To submit your resume for this Direct Hire opportunity click here. For additional information on other USSF direct hire opportunities visit the Air Force Civilian Careers Space Force website and follow USSF on LinkedIn.,usajobs,SF-FY26-6S-NH-855-3-SPLASH,Space Systems Command,"Peterson AFB, Colorado",https://www.usajobs.gov:443/job/876733500,2026-07-15T00:00:00.0000,software engineer,computer_science,
SOFTWARE DEVELOPER/DATA SCIENTIST (INTERDISCIPLINARY) - DIRECT HIRE AUTHORITY,"Click on ""Learn more about this agency"" button below to view Eligibilities being considered and other IMPORTANT information. The primary purpose of this position is to develop, modify, secure, and automate software, analytical methodologies, and processes; and advance computing technologies using state-of-the-art industry best practices",usajobs,AFMC-854155002-12968873-KAS,"Air Force Elements, U.S. Strategic Command","Dahlgren, Virginia",https://www.usajobs.gov:443/job/870514400,2026-05-26T00:00:00.0000,software engineer,computer_science,
Interdisciplinary,"This is a Direct Hire Authority (DHA) solicitation utilizing the DHA for Certain Personnel of the DoD Workforce to recruit and appoint qualified candidates to positions in the competitive service. About the Position: Serves as senior Cost Engineer on engineering cost estimates for planning design and execution of construction by contract projects. Responsible for the preparation of construction cost estimates for all architectural, and engineering features and reviews the estimates.",usajobs,CEDD-26-12994723-DHA,U.S. Army Corps of Engineers,"Elmendorf AFB, Alaska",https://www.usajobs.gov:443/job/875142500,2026-07-02T00:00:00.0000,software engineer,computer_science,
ARCHITECT,"Click on ""Learn more about this agency"" button below to view Eligibilities being considered and other IMPORTANT information. The primary purpose of this position is: This is a formal Air Force intern position, established under the PALACE Acquire (PAQ) program which is under the Pathways Recent Graduate Program. This position is centrally managed and funded by the Air Force Personnel Center, Civilian Career Management Directorate and administered by the Civil Engineer Career Team.",usajobs,D-26-DHA-12801669-KLB,Air Force Civilian Career Training,"Seymour Johnson AFB, North Carolina",https://www.usajobs.gov:443/job/850081500,2025-11-14T07:42:52.6130,software engineer,computer_science,
Civil Engineer,"About the Position: The Senior Engineer is responsible for the research, analysis, scope, content, and accuracy of installation out loading capability studies, ports for national defense studies, OCONUS ports, and special joint operational and strategic mobility planning studies.",usajobs,MCGT-26-13014104-MP,ARMY TRANSPORTATION,"Scott AFB, Illinois",https://www.usajobs.gov:443/job/877199000,2026-07-20T11:34:09.7270,software engineer,computer_science,
Civil Engineer,"This is a Direct Hire Authority (DHA) solicitation utilizing the DHA for Certain Personnel of the DoD Workforce to recruit and appoint qualified candidates to positions in the competitive service. About the Position: The Senior Engineer is responsible for the research, analysis, scope, content, and accuracy of installation out loading capability studies, ports for national defense studies, OCONUS ports, and special joint operational and strategic mobility planning studies.",usajobs,MCGT-26-13014102-DHA,ARMY TRANSPORTATION,"Scott AFB, Illinois",https://www.usajobs.gov:443/job/877199500,2026-07-20T11:36:21.4200,software engineer,computer_science,
Healthcare Engineer (Energy),"The incumbent functions as Energy Manager for the North Texas VA Healthcare System, inclusive of Medical Center (VA) owned and leased space including Outpatient Clinics, CBOCs or administrative space operated by the Medical Center. The Energy Manager will work in a collaborative effort with other Energy Managers within their VISN toward accomplishing VISN wide and VHA energy goals.",usajobs,CAZM-13003301-26-CRW,Veterans Health Administration,"Dallas, Texas",https://www.usajobs.gov:443/job/876521300,2026-07-14T16:29:02.7700,software engineer,computer_science,
Public Notice for Aerospace Engineer (Direct Hire),"Direct hiring authority for the 0861 series is being used to fill this position. Public Notices serve as a resume repository, and positions may or may not be filled from this announcement.",usajobs,AAC-FAA-26-PUB NOT-96673,Federal Aviation Administration,May be filled in various FAA duty locations,https://www.usajobs.gov:443/job/852274600,2025-12-12T00:00:00.0000,software engineer,computer_science,
General Engineer-Direct Hire Authority,"Veteran's preference does not apply to DHA recruitment. Click on ""Learn more about this agency"" button below for more information. The primary purpose of this position is to support the overall effort for building and delivering the org as a modeling and simulation capability as part of the AFTC test & evaluation portfolio.",usajobs,AFMC-080103-12996908-CNC,Air Force Materiel Command,Multiple Locations,https://www.usajobs.gov:443/job/874781400,2026-06-30T00:00:00.0000,software engineer,computer_science,
Network Engineer-Engineer Level (Wireless) #166,The Senate Sergeant at Arms is seeking a Wireless Network Engineer #166. The complete vacancy announcement and application can be found on the United States Senate Career Page at https://sen.gov/1VNZQ. This vacancy announcement closes at 7pm EST on the closing date. Late applications will not be accepted.,usajobs,req1030,Senate,"Washington, District of Columbia",https://www.usajobs.gov:443/job/876450800,2026-07-14T13:00:32.7500,software engineer,computer_science,
GENERAL ENGINEER/ARCHITECT (SENIOR PROJECT MANAGER),"You will serve as a Senior Project Manager in Project Management Team 2, Programs & Project Management Division, Planning, Design & Construction Directorate of Naval Facilities Engineering Systems Command (NAVFAC) Mid-Atlantic.",usajobs,ST-13005803-26-CJW,Naval Facilities Engineering Systems Command,"Naval Base, Norfolk, Virginia",https://www.usajobs.gov:443/job/876754900,2026-07-17T00:00:00.0000,software engineer,computer_science,business
Fire Protection Engineer,"This position is a Fire Protection Engineer who provides direct project management, technical direction and program execution support to the National Airspace System field units. Reports directly to the Technical Operations, Technical Services Organization, Environmental Occupational Safety and Health (EOSH) Support Operations Group (EOSG), EOSH Program Support Center.",usajobs,ACT-ATO-26-AJWE21C-99442,Federal Aviation Administration,Multiple Locations,https://www.usajobs.gov:443/job/875848800,2026-07-10T00:00:00.0000,software engineer,computer_science,business
CIVIL ENGINEER,"Click on ""Learn more about this agency"" button below for IMPORTANT additional information.",usajobs,AFPC-STEMDHA-12857453-0810,Department of the Air Force - Agency Wide,Multiple Locations,https://www.usajobs.gov:443/job/853061700,2025-12-22T13:20:27.6700,software engineer,computer_science,
Public Notice for Mechanical Engineer (Direct Hire),"Direct hiring authority for the 0830 series is being used to fill this position. Public Notices serve as a resume repository, and positions may or may not be filled from this announcement.",usajobs,AAC-FAA-26-PUB NOT-97372,Federal Aviation Administration,May be filled in various FAA duty locations,https://www.usajobs.gov:443/job/858633700,2026-02-24T00:00:00.0000,software engineer,computer_science,
Public Notice for Electronics Engineer (Direct Hire),"Direct hiring authority for the 0855 series is being used to fill this position. Public Notices serve as a resume repository, and positions may or may not be filled from this announcement.",usajobs,AAC-FAA-26-PUB NOT-97378,Federal Aviation Administration,May be filled in various FAA duty locations,https://www.usajobs.gov:443/job/858672400,2026-02-24T12:13:03.0970,software engineer,computer_science,
Safety & Occupational Health Manager,"This position is located under the Office of the Associate Director at the Tuscaloosa VA Medical Center, where the incumbent serves as the Supervisory Safety and Occupational Health Manager (Safety Manager), providing services for a Level 3 Complexity encompassing 125-acre campus and CBOC/ Outreach Clinics for Selma, Demopolis, Fayette, Hamilton, and University of Alabama.",usajobs,CBTB-13004432-26-MD,Veterans Health Administration,"Tuscaloosa, Alabama",https://www.usajobs.gov:443/job/876962500,2026-07-17T08:17:58.5870,software engineer,computer_science,
"Systems Engineer, SYD 81",Do not email applications. To submit your resume for this Direct Hire opportunity click here. For additional information on other USSF direct hire opportunities visit the Air Force Civilian Careers Space Force website and follow USSF on LinkedIn.,usajobs,SF-FY26-6S-NH-0801-3-SPLASH,Space Systems Command,"San Antonio, Texas",https://www.usajobs.gov:443/job/876444600,2026-07-14T12:53:30.3200,software engineer,computer_science,
General Engineer (Electrical) - DIRECT HIRE,"The Electrical Engineer performs duties involving analysis, troubleshooting, design, specification writing, drawing preparation, and cost estimating on projects/systems in the electrical, electronics and controls fields. These duties are primarily associated with the operation, maintenance and improvement of the St. Lawrence Seaway locks and related facilities owned by the U.S. DOT. Familiarity with related engineering fields, such as mechanical and civil, is also required.",usajobs,GLS.ENG-2026-0002,Great Lakes Saint Lawrence Seaway Development Corporation,"Massena, New York",https://www.usajobs.gov:443/job/861936000,2026-03-23T00:00:00.0000,software engineer,computer_science,
General Engineer (Inspector) (Control Room Management) - DIRECT HIRE,The incumbent of this position serves as a General Engineer (Inspector) within anywhere in the US and reports to a Regional Office of the Office of Pipeline Safety in support of the national Control Room Management program.,usajobs,PHMSA.PSRG-2026-0018,Pipeline and Hazardous Materials Safety Administration,Anywhere in the U.S. (remote job),https://www.usajobs.gov:443/job/875440800,2026-07-06T00:00:00.0000,software engineer,computer_science,
GENERAL ENGINEER,"Click on ""Learn more about this agency"" button below for IMPORTANT additional information.",usajobs,AFPC-STEMDHA-12857410-0801,Department of the Air Force - Agency Wide,Multiple Locations,https://www.usajobs.gov:443/job/853050700,2025-12-22T12:24:13.6800,software engineer,computer_science,
Geodetic Surveyor (Open Continuous),"Geodetic Surveyors perform geodetic, geophysical, and GC-LiDAR surveys. They use, maintain, and troubleshoot survey equipment, and compute, adjust, and evaluate geodetic and geophysical (G&G) survey data. They provide technical expertise on G&G issues to customers and represent NGA in external community forums.",usajobs,20260175,National Geospatial-Intelligence Agency,Multiple Locations,https://www.usajobs.gov:443/job/867693700,2026-05-01T00:00:00.0000,software engineer,computer_science,
GENERAL ENGINEER-DIRECT HIRE AUTHORITY,"Click on ""Learn more about this agency"" button below to view Eligibilities being considered and other IMPORTANT information. The primary purpose of this position is to serve as the primary point of contact for Range customers' data support and acts as the interface between customers, range personnel, and the range contractor on data-related matters; responsible for managing Range data support for test programs/projects including long and short-range project support planning.",usajobs,AFMC-INTERDIS-12918641-ALC,Air Force Materiel Command,"Hill AFB, Utah",https://www.usajobs.gov:443/job/863464900,2026-04-01T11:04:48.2100,software engineer,computer_science,
BIOLOGICAL SCIENTIST (ENVIRONMENTAL) (INTERDISCIPLINARY),"Click on ""Learn more about this agency"" button below to view Eligibilities being considered and other IMPORTANT information.",usajobs,9S-AFPC-12998757-335495-JTG,Air Mobility Command,"Scott AFB, Illinois",https://www.usajobs.gov:443/job/876174500,2026-07-14T00:00:00.0000,software engineer,computer_science,
IT Specialist (APPSW) - .NET - DHA,"IT Specialist (APPSW) - .NET position(s) are being filled through the Office of Personnel Management's delegated Direct Hire Authority, open to all U.S. citizens. Selections made under this bulletin will be processed as new appointments to the civil service. Current civil service employees would, therefore, be given new appointments to the civil service. Under the provisions of the Direct Hire Authority, Veterans Preference and the ""Rule of Many"" do not apply.",usajobs,SSA-12925792-DHA-26-CIO,Social Security Administration,Multiple Locations,https://www.usajobs.gov:443/job/865188800,2026-04-15T00:00:00.0000,software engineer,computer_science,
Safety & Occupational Health Specialist,"This position is located in the Department of Veterans Affairs Health Administration, South Central Veterans Affairs Health Care Network, Veterans Integrated Service Network (16), Southeast Louisiana Veterans Health Care System, Office of the Associate Director, Safety Management Section, New Orleans, LA. The work involves the management, administration, and operation of a construction safety program.",usajobs,CBST-13000524-26-KC,Veterans Health Administration,"New Orleans, Louisiana",https://www.usajobs.gov:443/job/876586700,2026-07-15T09:43:25.6770,software engineer,computer_science,
"PUBLIC NOTICE - Airway Transportation Systems Specialist (G- ENV, RAD, NAV, AUT, COM & F ENTRY)","This position is an entry-level Airway Transportation Systems Specialist (ATSS). All duties of an ATSS are tied to maintaining safe and efficient operating capacity of the vast and complex network or electronics systems required for the world's largest air traffic control and navigation system. ATSS personnel install, evaluate, maintain, modify and certify facilities, services and equipment that support the National Airspace System (NAS).",usajobs,FAA-AHF-26-PUB NOT-97750,Federal Aviation Administration,May be filled in various FAA duty locations,https://www.usajobs.gov:443/job/862553500,2026-04-01T00:00:00.0000,software engineer,computer_science,
Biomedical Equipment Support Specialist,"This position is located at the Corporal Michael J. Crescenz VA Medical Center, Philadelphia. The Biomedical Equipment Support Specialist (BESS) provides clinical and administrative support to staff, patients, and administrators for all matters of concern relating to the facility wide lifecycle management of medical equipment. Biomedical support requires the application of engineering and mechanical concepts.",usajobs,CBSZ-13003570-26-SC,Veterans Health Administration,"Philadelphia, Pennsylvania",https://www.usajobs.gov:443/job/876234700,2026-07-13T09:17:11.4330,software engineer,computer_science,
Senior Programmer/Analyst,"Join a collaborative, highly motivated, and leading-edge IT team that is in the forefront of spearheading and advancing the most innovative and newest technologies, so that the federal judiciary better may administer justice for all. The team you would join is responsible for designing, developing, and supporting multiple software products, including those at the national level. Both on- and off-site training opportunities are encouraged.",usajobs,DE-12981645-26-AB,U.S. Courts,"Richmond, Virginia",https://www.usajobs.gov:443/job/872679000,2026-06-05T00:00:00.0000,computer programmer,computer_science,
SUPPLY SYSTEMS ANALYST,You will serve as a Supply Systems Analyst in the Material Management Department (MMD) of NAVSUP FLEET LOGISTICS CENTER NORFOLK.,usajobs,ST-13005531-26-GMK,Naval Supply Systems Command,"Naval Air Station Patuxent River, Maryland",https://www.usajobs.gov:443/job/876261700,2026-07-15T08:44:40.4300,systems analyst,computer_science,
SUPPLY SYSTEMS ANALYST,"THIS IS A NATIONAL GUARD TITLE 32 EXCEPTED SERVICE POSITION. This National Guard position is for a SUPPLY SYSTEMS ANALYST, Position Description Number D1402P01 and is part of the 174TH ATKW, National Guard. This vacancy does not meet the criteria for appointment of annuitants.",usajobs,NY-12991433-AF-T32026-408,Air National Guard Units,"Syracuse, New York",https://www.usajobs.gov:443/job/875347900,2026-07-06T07:28:21.4030,systems analyst,computer_science,
SUPPLY SYSTEMS ANALYST,"This National Guard position is for a SUPPLY SYSTEMS ANALYST, Position Description Number D0911000 and is part of USPFO AMMO SUPPLY POINT, Hastings, Nebraska Army National Guard.",usajobs,NE-12861737-AR-26-017,Army National Guard Units,"Hastings, Nebraska",https://www.usajobs.gov:443/job/854510900,2026-01-14T14:10:46.3270,systems analyst,computer_science,
Supply Systems Analyst,"Serves as a Supply Systems Analyst for the VISN Supply Chain Office, providing analytical, administrative, and technical support for supply chain operations. Analyzes acquisition, logistics, inventory, and business processes; develops reports and recommendations; monitors performance measures; supports process improvement initiatives; and provides guidance to leadership and facility staff to improve operational efficiency and customer service. Location negotiable within VISN 2, upon selection.",usajobs,CBTE-13004103-26-DMB,Veterans Health Administration,Multiple Locations,https://www.usajobs.gov:443/job/876333500,2026-07-14T00:00:00.0000,systems analyst,computer_science,business
SUPPLY SYSTEMS ANALYST,See below for important information regarding this job.,usajobs,DLADist-26-13007471-MP,Defense Logistics Agency,"Robins AFB, Georgia",https://www.usajobs.gov:443/job/876669200,2026-07-15T14:15:08.1500,systems analyst,computer_science,
SUPPLY SYSTEMS ANALYST - TITLE 32,"THIS IS A NATIONAL GUARD TITLE 32 EXCEPTED SERVICE POSITION. This National Guard position is for a Supply Systems Analyst, Position Description Number D0910000 and is part of the USPFO - GA, located in Fort Stewart, Georgia. This is a full-time, Excepted Permanent, dual status position which requires Georgia Army National Guard Membership. Area of Consideration: Open to current on-board Technicians in the Georgia Army National Guard.",usajobs,GA-13000228-AR-26-211,Army National Guard Units,"Fort Stewart, Georgia",https://www.usajobs.gov:443/job/875392300,2026-07-09T00:00:00.0000,systems analyst,computer_science,
SUPERVISORY SUPPLY SYSTEMS ANALYST (TITLE 32),"This National Guard position is for a SUPERVISORY SUPPLY SYSTEMS ANALYST (TITLE 32), Position Description Number D0891P01 and is part of the FL USPFO, National Guard.",usajobs,FL-12997045-AR-T32-26-716,Army National Guard Units,"Camp Blanding, Florida",https://www.usajobs.gov:443/job/875208400,2026-07-02T13:43:38.6100,systems analyst,computer_science,
Supply Systems Analyst,"See below for important information regarding this job. For selected applicants new to Federal civilian service, this position does not meet the regulatory requirements for an advanced in hire rate, therefore, pay will be set at the Step 1 of the applicable rate range. For selected applicants who are current Federal civilian employees or have prior Federal civilian service, pay will be set in accordance with applicable pay setting laws, regulations, policies and guidance.",usajobs,DLAEnergy-26-13007648-DHA,Defense Logistics Agency,"Lorton, Virginia",https://www.usajobs.gov:443/job/877196300,2026-07-20T11:22:46.4200,systems analyst,computer_science,
Senior Program Analyst (Systems Analysis),"This position is in the Office of the Chief Information Officer (OCIO), Enterprise Applications, Mission Systems Branch. The Branch is responsible for planning, developing, implementing, managing and supporting data processing, telecommunications, and information resources management systems for HQ and Field offices of the National Labor Relations Board (NLRB). This position is responsible for application development, operations and maintenance, information architecture and more.",usajobs,NL26IMP12998193CF,National Labor Relations Board,Location Negotiable After Selection,https://www.usajobs.gov:443/job/876359100,2026-07-13T00:00:00.0000,systems analyst,computer_science,
Supervisory Supply Systems Analyst,See below for important information regarding this job.,usajobs,DLAEnergy-26-13004614-MP,Defense Logistics Agency,"Lorton, Virginia",https://www.usajobs.gov:443/job/876826200,2026-07-16T11:56:29.3130,systems analyst,computer_science,
Target Systems Analyst - Mid to Experienced Level (Maryland),"Signals Analysis is a cutting-edge technical discipline that seeks to identify the purpose, content and user(s) of signals. Given today's rapidly evolving global communications, the NSA must maintain and develop a highly talented and diverse workforce of Signals Analysts who are a vital part in maintaining our technical capabilities to use the most sophisticated means to recover, understand, and derive intelligence from all manner of foreign signals.",usajobs,1260606,National Security Agency/Central Security Service,"Fort Meade, Maryland",https://www.usajobs.gov:443/job/877146100,2026-07-20T06:57:50.2270,systems analyst,computer_science,
MANAGEMENT ANALYST,You will serve as a Management Analyst of NAVSUP WEAPON SYSTEMS SUPPORT.,usajobs,ST-13003980-26-FV,Naval Supply Systems Command,"Naval Support Activity, Mechanicsburg, Pennsylvania",https://www.usajobs.gov:443/job/875999300,2026-07-15T00:00:00.0000,systems analyst,computer_science,
Management & Program Analyst (Change Management),"The Management Analyst (Change Management) works for the Office of the Director. The Management Analyst key role is managing the successful transition of the implementation plan into operational areas. The Management Analyst will lead change management activity across the business lines within the Regional Office (RO) and will focus on implementing changes to business processes, systems and technology and job roles.",usajobs,CASH-13014525-26-RT,Veterans Benefits Administration,"Buffalo, New York",https://www.usajobs.gov:443/job/877181200,2026-07-20T10:34:34.0230,systems analyst,computer_science,
Program Analyst,"In this position you will lead and manage IT and data system projects that support the National Organic Program and AMS trade activities. You will serve as the primary business analyst for NOP and AMS import/export systems-including ACE-and collaborate across agencies, industry groups, and technology partners to develop effective, mission aligned IT tools.",usajobs,DE-13004089-26-NOH,Agricultural Marketing Service,Multiple Locations,https://www.usajobs.gov:443/job/876598100,2026-07-17T00:00:00.0000,systems analyst,computer_science,
Budget Analyst,"The Budget Analyst is in the Fiscal Section at this Dayton VA Medical Center. The incumbent is primarily responsible for budget planning, preparation, projection, execution, comparative analysis, cost accounting, revenue and reimbursements, resource allocation, fund control point allocation and expenditures, and financial systems.",usajobs,CBSR-13001642-26-CC,Veterans Health Administration,"Dayton, Ohio",https://www.usajobs.gov:443/job/876051100,2026-07-10T08:45:36.3500,systems analyst,computer_science,
Management and Program Analyst,"This position is part of the Department of Energy's Office of Cybersecurity, Energy Security and Emergency Response. As a Management and Program Analyst, you will support the Incident Response Branch of the Threat Analysis and Incident Response Division. You will manage reports, deliver briefings on energy security, systems and markets, threats and incidents, and make recommendations to mitigate those vulnerabilities. You will also oversee programs and budgets for DOE National Laboratories.",usajobs,26-CR-13003555-IMP,Department of Energy - Agency Wide,"Washington, District of Columbia",https://www.usajobs.gov:443/job/876217000,2026-07-14T00:00:00.0000,systems analyst,computer_science,cybersecurity
Management and Program Analyst,"The purpose of this work is to plan and carry out all medical facility activities pertaining to program analysis. The incumbent is responsible for the assessment and improvement of the Veteran's experience throughout the VA Community Care Service. As the Management & Program Analyst, the incumbent will have responsibility for the management and application of information systems for the clinical and administrative activities.",usajobs,CBTB-12999553-26-LN,Veterans Health Administration,"Tuskegee, Alabama",https://www.usajobs.gov:443/job/875649700,2026-07-09T00:00:00.0000,systems analyst,computer_science,
Management Analyst (VERA Coordinator),"This position is in the Business Planning Office at the William S. Middleton Memorial Veterans Hospital. The primary responsibility of the Management Analyst - VERA Coordinator is to possess in-depth knowledge of the Veterans Equitable Resource Allocation (VERA) program and the Medical Center Allocation System (MCAS), and to understand how station-level inputs impact the outcomes from these systems, which drive the facility's annual budget allocation.",usajobs,CAZP-13006393-26-EC,Veterans Health Administration,"Madison, Wisconsin",https://www.usajobs.gov:443/job/876434000,2026-07-16T00:00:00.0000,systems analyst,computer_science,
PROGRAM ANALYST,"You will serve as a Program Analyst in the Systems Acquisition Group, Program Management Department, Tactical Air Systems Division of NAVAIRWARCENAC DIV.",usajobs,ST-13007425-26-CGP,Naval Air Systems Command,"Patuxent River, Maryland",https://www.usajobs.gov:443/job/876559100,2026-07-20T00:00:00.0000,systems analyst,computer_science,
FINANCIAL MANAGEMENT ANALYST,You will serve as a FINANCIAL MANAGEMENT ANALYST of NAVSUP WEAPON SYSTEMS SUPPORT.,usajobs,ST-13001674-26-JSH,Naval Supply Systems Command,"Naval Support Activity, Mechanicsburg Detach., Philadelphia, Pennsylvania",https://www.usajobs.gov:443/job/875619800,2026-07-13T00:00:00.0000,systems analyst,computer_science,
PRECISION STRIKE MISSION PLANNING ANALYST,"This is a public notice flyer to notify interested applicants of anticipated vacancies. Applications will not be accepted through this flyer. Interested applicants must follow the directions in the ""How to Apply"" section of this flyer to be considered. There may or may not be actual vacancies filled from this flyer. Notice of Result letters will not be sent to applicants who respond to this flyer. GS07-52,680-68,485 GS09-64,438-83,774 GS11-77,964-101,359 GS12-93,445-121,482 GS13-111,119-144,457",usajobs,DE-12926196-26-ARB,United States Fleet Forces Command,"Honolulu, Hawaii",https://www.usajobs.gov:443/job/863796500,2026-04-06T00:00:00.0000,systems analyst,computer_science,
SUPERVISORY MANAGEMENT AND PROGRAM ANALYST,You will serve as a Supervisory Management and Program Analyst of NAVSUP WEAPON SYSTEMS SUPPORT.,usajobs,ST-13004181-26-NH,Naval Supply Systems Command,"Naval Support Activity, Mechanicsburg, Pennsylvania",https://www.usajobs.gov:443/job/876018100,2026-07-14T00:00:00.0000,systems analyst,computer_science,
FINANCIAL MANAGEMENT ANALYST,You will serve as a FINANCIAL MANAGEMENT ANALYST in the NAVAIRSYSCOM HQ of NAVAL AIR SYSTEMS COMMAND.,usajobs,ST-13002094-26-SPS,Naval Air Systems Command,"Patuxent River, Maryland",https://www.usajobs.gov:443/job/875697000,2026-07-14T00:00:00.0000,systems analyst,computer_science,
Operations Research Analyst,"This is a Direct Hire Authority (DHA) solicitation utilizing the DHA for Certain Personnel of the DoD Workforce to recruit and appoint qualified candidates to positions in the competitive service. About the Position: This position is for an Operations Research Analyst in the Army Materiel Command Analysis Group (AMCAG). Serves as a team member who takes a scientific approach to analyze operations, organization, materiel, acquisition, or logistics systems",usajobs,MCGT-26-13013284-DHA,"Headquarters, AMC","Redstone Arsenal, Alabama",https://www.usajobs.gov:443/job/876972900,2026-07-20T00:00:00.0000,systems analyst,computer_science,
MANAGEMENT AND PROGRAM ANALYST,"Click on ""Learn more about this agency"" button below to view Eligibilities being considered and other IMPORTANT information. The primary purpose of this position is to serve as Team Lead/Project Manager and senior analyst to conduct comprehensive aircraft manpower requirements, process improvement, and organizational analysis/studies of a wide diversity of organizations, functions, and work processes.",usajobs,9B-AFPC-13013954-356441-JFB,Air Force Manpower Analysis Agency,"Langley AFB, Virginia",https://www.usajobs.gov:443/job/877104100,2026-07-20T00:00:00.0000,systems analyst,computer_science,
PROGRAM ANALYST,You will serve as a PROGRAM ANALYST in the Public Works Directorate Business Line of NAVAL FACILITIES ENGINEERING SYSTEMS COMMAND HAWAII.,usajobs,ST-13006959-26-JWS,Naval Facilities Engineering Systems Command,"Honolulu, Hawaii",https://www.usajobs.gov:443/job/876498700,2026-07-17T00:00:00.0000,systems analyst,computer_science,
PROGRAM ANALYST,You will serve as a PROGRAM ANALYST in the Cloud and Cybersecurity (C&C) Program Management Office of Portfolio Acquisition Executive-Mission Systems (PAE-MS).,usajobs,ST-13005276-26-AD,U.S. Marine Corps,"Stafford, Virginia",https://www.usajobs.gov:443/job/876254700,2026-07-13T10:57:14.2400,systems analyst,computer_science,
FINANCIAL MANAGEMENT ANALYST,You will serve as a Financial Management Analyst in the SUP14 Financial Compliance & Oversight Division in the SUP142 Test & Evaluation Branch of NAVAL SUPPLY SYSTEMS COMMAND.,usajobs,ST-13004958-26-PMB,Naval Supply Systems Command,"Mechanicsburg, Pennsylvania",https://www.usajobs.gov:443/job/876476100,2026-07-16T00:00:00.0000,systems analyst,computer_science,cybersecurity
Program Analyst (Performance),"This position is located in the Office of Planning and Performance (OPP) within the Department of Strategic and External Affairs (DSEA), Peace Corps headquarters, Washington DC. The incumbent reports to the Chief of Strategic Planning and Data Governance and serves as a lead analyst on a team charged with using data to devise, monitor, and evaluate detailed plans, goals, and objectives for the implementation and administration of major Peace Corps priorities and activities.",usajobs,26-13001539-KB,Peace Corps,"Washington, District of Columbia",https://www.usajobs.gov:443/job/876939300,2026-07-17T00:00:00.0000,systems analyst,computer_science,
PRECISION STRIKE WEAPONEERING ANALYST,"This is a public notice flyer to notify interested applicants of anticipated vacancies. Applications will not be accepted through this flyer. Interested applicants must follow the directions in the ""How to Apply"" section of this flyer to be considered. There may or may not be actual vacancies filled from this flyer. Notice of Result letters will not be sent to applicants who respond to this flyer.",usajobs,DE-12912034-26-EIF,United States Fleet Forces Command,"Honolulu, Hawaii",https://www.usajobs.gov:443/job/861458600,2026-03-18T00:00:00.0000,systems analyst,computer_science,
INTELLIGENCE OPERATIONS SPECIALIST T32,"THIS IS A NATIONAL GUARD TITLE 32 EXCEPTED SERVICE POSITION. This National Guard position is for a INTELLIGENCE OPERATIONS SPECIALIST T32, PDD1659000 and is part of the AZ 161st Air Refueling Wing, National Guard.",usajobs,AZ-12953982-26-SW-26-099T,Air National Guard Units,"Phoenix, Arizona",https://www.usajobs.gov:443/job/868195500,2026-05-06T00:00:00.0000,systems analyst,computer_science,
Mainframe/CICS Engineer -- DHA,"IT Specialist positions are being filled through the Office of Personnel Management's delegated Direct Hire Authority, open to all U.S. citizens. Selections made under this bulletin will be processed as new appointments to the civil service. Current civil service employees would, therefore, be given new appointments to the civil service. Under the provisions of the Direct Hire Authority, Veterans Preference and the ""Rule of Many"" do not apply.",usajobs,SSA-12904023-DHA-26-CIO,Social Security Administration,Multiple Locations,https://www.usajobs.gov:443/job/860215700,2026-03-09T00:00:00.0000,systems analyst,computer_science,
Management Analyst (Program Analyst),This position is located in the Veterans Service Center (VSC) in the Montgomery VBA Regional Office. The Management Analyst is primarily responsible for performing analytical studies on various programs and operations within the VSC to determine their effectiveness and efficiency. The incumbent participates in program and systems development and is responsible for coordinating changes and improvements of new standards and systems among program heads.,usajobs,322-26-YB-12999839-NBU,Veterans Benefits Administration,"Montgomery, Alabama",https://www.usajobs.gov:443/job/876986800,2026-07-17T09:56:27.6270,systems analyst,computer_science,
Program Analyst (Informatics),"The incumbent serves as a Program Analyst (Informatics) located at the Bath VA Medical Center, in the Veterans Health Administration (VHA) of the Department of Veterans Affairs (VA) in Bath, NY. The primary purpose of the position is to improve the quality, efficiency, and effectiveness of health care by integrating clinical and information processes necessary to achieve successful adoption and application of new technologies throughout the VHA.",usajobs,CBTE-13002016-26-YM,Veterans Health Administration,"Bath, New York",https://www.usajobs.gov:443/job/876757500,2026-07-16T08:05:36.1470,systems analyst,computer_science,
Accountant (Systems),"About the Position: Serves as the Financial Analyst in the Resource Management Office. Performs work requiring the application of budget, finance, accounting, and travel principles, theories, concepts, and practices to ensure that financial management and accounting systems produce accurate results and meet legal and regulatory requirements.",usajobs,CEDB 26 1299817 MP,U.S. Army Corps of Engineers,"Mobile, Alabama",https://www.usajobs.gov:443/job/876360700,2026-07-14T00:00:00.0000,systems analyst,computer_science,
Immigration Services Analyst,"Protect your homeland and defend your culture. Join USCIS, America's frontline defense against illegal foreign infiltration and fraud. As an Immigration Services Analyst, you will assist in a variety of programs and in implementing IT systems that focus on plans, policies and procedures related to goals, objectives and priorities.",usajobs,13005089-DAL-IMP-26,Citizenship and Immigration Services,"Dallas, Texas",https://www.usajobs.gov:443/job/876234000,2026-07-13T09:12:48.9230,systems analyst,computer_science,
Management Analyst,"The position serves as a Management Analyst in the Office of the Director. Develops recommendations for program officials and supervisors and strives to have viable recommendations accepted by operating components. Recommendations include development of new or modified work methods, procedural changes, systems variations, and acceptance of new technology developments.",usajobs,310-26-AK-13008076-NBU,Veterans Benefits Administration,"Philadelphia, Pennsylvania",https://www.usajobs.gov:443/job/876914700,2026-07-17T00:00:00.0000,systems analyst,computer_science,
Immigration Services Analyst,"Protect your homeland and defend your culture. Join USCIS, America's frontline defense against illegal foreign infiltration and fraud. As an Immigration Services Analyst, you will assist in a variety of programs and in implementing IT systems that focus on plans, policies, and procedures related to goals, objectives and priorities.",usajobs,13007842-SFR-DE-26,Citizenship and Immigration Services,"San Francisco, California",https://www.usajobs.gov:443/job/877264700,2026-07-20T15:30:22.8870,systems analyst,computer_science,
Budget Analyst,This is a Direct Hire Authority (DHA) solicitation utilizing the DHA for Certain Personnel of the DoD Workforce to recruit and appoint qualified candidates to positions in the competitive service. About the Position: Serves as Budget Analyst for the Joint Interagency Task Force 401 as it relates to Counter - small Unmanned Aerial Systems (C-sUAS) budgets in assigned Capability Management Offices.,usajobs,DAHT-26-13006505-DHA,U.S. Joint Counter,"Alexandria, Virginia",https://www.usajobs.gov:443/job/876472400,2026-07-15T07:23:09.0100,systems analyst,computer_science,
Program Analyst,"The Program Analyst provides advanced administrative, analytic, and application coordination support for Surgical Service. This includes personnel administration, data analysis and reporting, and special projects assigned by the Administrative Officer and Business Manager. Responsible for data analysis and reporting using VA systems and space/equipment planning and procurement. Makes recommendations to modify procedures and practices to improve the effectiveness of Surgical Service operations.",usajobs,CBSW-13013319-26-KM,Veterans Health Administration,"San Francisco, California",https://www.usajobs.gov:443/job/876944100,2026-07-17T14:51:01.1400,systems analyst,computer_science,data_science
Management Analyst,"This position is located with Bonneville Power Administration (BPA), in various sub-organizations of the Chief Information Office (J). A successful candidate in this position will serve as an analyst, contracting officer representative (COR), and project manager leading critical initiatives and studies to optimize BPA. You will drive the efficiency, effectiveness, and productivity of vital systems and processes, safeguarding BPA's core mission and internal controls.",usajobs,26-BPA-51987-13001510-BPA,Bonneville Power Administration,"Portland, Oregon",https://www.usajobs.gov:443/job/875632300,2026-07-08T00:00:00.0000,systems analyst,computer_science,
Supervisory Border Patrol Agent (Intelligence),"Organizational Location: This position is with the Department of Homeland Security, within U.S. Customs and Border Protection, U.S. Border Patrol, Del Rio Sector, Sector Intelligence Unit, located in: Brackettville, TX Del Rio, TX Additional selections may be made beyond the total number of vacancies specified using this vacancy announcement. Further selections may also be made for additional organizational divisions and/or units within the duty location(s) listed above.",usajobs,USBP-IMP-12998911-PFT,Customs and Border Protection,Multiple Locations,https://www.usajobs.gov:443/job/875302100,2026-07-07T00:00:00.0000,systems analyst,computer_science,
IT SPECIALIST (CUSTSPT),"This IT SPECIALIST (CUSTSPT) position, is located in the Operations Section of a Base Communications Unit, Mission Support Group, in an Air National Guard Wing and is part of the CA 129 RQW.",usajobs,CA-13005043-AF-26-306,Air National Guard Units,"Moffett Field, California",https://www.usajobs.gov:443/job/876665900,2026-07-16T00:00:00.0000,systems analyst,computer_science,
Information Technology Specialist (Security),"This position is located within the Department of the Chief Information Officer (DCIO), Information Technology Security Office (ITSO). The incumbent is a recognized IT security expert with a strong defensive cyber background and ""hands-on"" experience in incident response. The incumbent will perform multiple and varying assignments under the direction of the Chief, Incident Response Branch - Security Operations Division.",usajobs,26-CIO-13003950,Administrative Office of the U.S. Courts,"District of Columbia, District of Columbia",https://www.usajobs.gov:443/job/875968500,2026-07-10T00:00:00.0000,systems analyst,computer_science,cybersecurity
Management & Program Analyst,"This position is located with Bonneville Power Administration, in the OT Internal Business Operations (JI), Operational Technology (OT) Services (J), Chief Information Office (J). A successful candidate in this position will serve as an analyst, advisor, and project manager providing technical support, research services, and operational and administrative assistance in planning, organizing, managing, integrating, and evaluating all the organization's programs and activities.",usajobs,26-BPA-51895-13000869-BPA,Bonneville Power Administration,"Vancouver, Washington",https://www.usajobs.gov:443/job/875531100,2026-07-13T00:00:00.0000,systems analyst,computer_science,
HEALTH SYSTEM SPECIALIST,"This is a Washington Army National Guard Title 32 Excepted Service Unit Technician position: HEALTH SYSTEM SPECIALIST Location: Command Group Camp Murray, Washington 98430 Army National Guard Units Appointment Type: Permanent, excepted service Advertised as: ENLISTED May be used to fill one or more vacancies. *Ensure you read this announcement in its entirety, complete all application requirements, and your USA Jobs profile name is accurate*",usajobs,WA-12993452-AR-25-0381,Army National Guard Units,"Camp Murray, Washington",https://www.usajobs.gov:443/job/874185700,2026-06-24T00:00:00.0000,systems analyst,computer_science,
Program Analyst,"See below for important information regarding this job. GS-14: Position will be filled at any of the locations listed below. Site specific salary information as follows: Battle Creek, MI: $125,776- $163,514 Columbus, OH: $131,245- $170,624 Dayton, OH: $130,461 - $169,604 Fort Belvoir, VA: $143,913- $187,093 New Cumberland, PA: $143,913- $187,093 Ogden, UT: $125,776- $163,514 Philadelphia, PA: $138,595- $180,178 Richmond, VA: $131,385- $170,806",usajobs,DLAJ6-26-13013689-MP,Defense Logistics Agency,Multiple Locations,https://www.usajobs.gov:443/job/877035700,2026-07-17T11:51:00.2030,systems analyst,computer_science,
IT SPECIALIST (INFOSEC)-Title 5,"THIS IS A NATIONAL GUARD TITLE 5 EXCEPTED SERVICE POSITION. This National Guard position is for an IT SPECIALIST (INFOSEC)-Title 5, Position Description Number T58212P1 and is part of the WI 115 CF, Wisconsin Air National Guard. This position is in the Exceptive Service ""under the authority for Title V, P.L. 114-328, Sections 932 and 1084 (FY17 NDAA)""",usajobs,WI-12993901-T5-26-277,Air National Guard Units,"Madison, Wisconsin",https://www.usajobs.gov:443/job/875411800,2026-07-06T13:10:15.9570,systems analyst,computer_science,
IT SPECIALIST (NETWORK) (TITLE 32),"THIS IS A NATIONAL GUARD TITLE 32 EXCEPTED SERVICE POSITION. This National Guard position is for a IT SPECIALIST (NETWORK) (TITLE 32), Position Description Number NGD1560P01 and is part of the TN 134th ARW Air National Guard.",usajobs,TN-13004019-AF-26-195,Air National Guard Units,"Alcoa, Tennessee",https://www.usajobs.gov:443/job/876570800,2026-07-15T08:49:37.2400,systems analyst,computer_science,
IT SPECIALIST (NETWORK) (TITLE 32),"This is a National Guard Title 32 Excepted Service Position. This position is a Temporary GS-2210-11 IT SPECIALIST (NETWORK) (TITLE 32), Position Description Number D1560P01and is part of the MO 131st Bomb Wing. This is a non-bargaining position. SEE NOTES UNDER CONDITIONS OF EMPLOYMENT BELOW.",usajobs,MO-12827011-AF-25-097,Air National Guard Units,"Jefferson Barracks, Missouri",https://www.usajobs.gov:443/job/849162500,2025-10-30T10:32:28.6400,systems analyst,computer_science,
Financial Management Analyst,"The incumbent of this position preforms a variety of financial management duties and must have knowledge of financial principles and procedures in carrying out assignments. A REAL ID will be required beginning May 7, 2025, in accordance with 6 C.F.R. 37.5 (2021).",usajobs,IHS-26-BI-12978151-ESEP/MP,Indian Health Service,"Browning, Montana",https://www.usajobs.gov:443/job/876147400,2026-07-10T14:20:15.4300,systems analyst,computer_science,
ADMINISTRATIVE/TECHNICAL SPECIALIST,"You will serve as an ADMINISTRATIVE/TECHNICAL SPECIALIST in the FINANCIAL MANAGEMENT BRANCH, BUSINESS OPERATIONS DIVISION, BUSINESS DIRECTORATE of NAVAL SURFACE WARFARE CENTER.",usajobs,ST-13006180-26-CJW,Naval Sea Systems Command,"Port Hueneme, California",https://www.usajobs.gov:443/job/876572200,2026-07-16T00:00:00.0000,systems analyst,computer_science,
Management Analyst,"With nearly 1,700 attorneys, IRS Chief Counsel is the largest tax law firm nationwide. Our attorneys are among top tax law practitioners and some of the very best legal minds found anywhere. Together with the IRS, we serve the public by applying the tax code with fairness and integrity. After pausing hiring in 2025, we are seeking administrative professionals to support our legal work. Click to learn more: IRS Office of Chief Counsel Careers Site Meet Our People Learn about our Legal Divisions",usajobs,CCJD-26-12997992-MP,Internal Revenue Service,"Washington, District of Columbia",https://www.usajobs.gov:443/job/876524500,2026-07-14T16:39:51.6400,systems analyst,computer_science,
Management Analyst,"The National Institutes of Health (NIH) is the nation's premier biomedical and behavioral research agency, seeking fundamental knowledge to lengthen life and reduce illness. We are seeking a highly motivated Management Analyst (GS-0343-13) to drive organizational efficiency, optimize administrative operations, and provide data-driven recommendations that empower our scientific and administrative teams to achieve our critical public health mission.",usajobs,NIH-SR-MP-26-13000302,National Institutes of Health,"Durham, North Carolina",https://www.usajobs.gov:443/job/875970000,2026-07-13T00:00:00.0000,systems analyst,computer_science,
IT CYBERSECURITY SPECIALIST (CUSTSPT/INFOSEC),This position is being recruited under 10 USC 1599f into the Cyber Excepted Service and does NOT convey eligibility to be converted to the Competitive Service. It has been identified as a position necessary to carry out and support the mission of the US Cyber Command. It is in the Professional Work Category at the Full Performance Work Level within the CES Occupational Structure. It is located in the DISA-Joint Services Provider.,usajobs,CES-13006261-26-MLK,Defense Information Systems Agency,"Suffolk, Virginia",https://www.usajobs.gov:443/job/876419600,2026-07-15T00:00:00.0000,systems analyst,computer_science,
IT SPEC (INFOSEC/NETWORK) - TITLE 32,"THIS IS A NATIONAL GUARD TITLE 32 EXCEPTED SERVICE POSITION. This position is for an IT Spec (Infosec/Network), Position Description Number D2341000, located in the 117th COS, Hunter AFB, GA. This is a full-time, Excepted Permanent, dual status position which requires Georgia Air National Guard Membership. Area of Consideration: Open to members of the Air National Guard, Air Force Reserve or Air Force Active Duty component.",usajobs,GA-12920441-AF-26-127,Air National Guard Units,"Hunter AFB, Georgia",https://www.usajobs.gov:443/job/862387500,2026-03-27T00:00:00.0000,systems analyst,computer_science,
SUPV IT SPECIALIST (INFOSEC/NETWORK),"THIS IS A NATIONAL GUARD TITLE 32 EXCEPTED SERVICE POSITION. This National Guard position is for a SUPV IT SPECIALIST (INFOSEC/NETWORK), Position Description Number D1748000 and is part of the KS 184 Wing, McConnell AFB, Wichita, KS, Kansas Air National Guard.",usajobs,KS-12993369-AF-26-085,Air National Guard Units,"McConnell AFB, Kansas",https://www.usajobs.gov:443/job/874156000,2026-06-24T11:43:08.6370,systems analyst,computer_science,
Program Analyst,See below for important information regarding this job.,usajobs,DLADispSvcs-26-13004344-MP,Defense Logistics Agency,"Battle Creek, Michigan",https://www.usajobs.gov:443/job/876219100,2026-07-13T07:27:12.1630,systems analyst,computer_science,
Supervisory Management and Program Analyst,See below for important information regarding this job.,usajobs,DLADT-26-13006585-MP,Defense Logistics Agency,"Fort Belvoir, Virginia",https://www.usajobs.gov:443/job/876427000,2026-07-14T11:52:27.3330,systems analyst,computer_science,
Contract Price/Cost Analyst,See below for important information regarding this job. Additional vacancies may be filled from this announcement.,usajobs,DCMA-PC-26-13013942-ICTAP,Defense Contract Management Agency,"Hanscom AFB, Massachusetts",https://www.usajobs.gov:443/job/877095800,2026-07-17T15:13:32.0300,systems analyst,computer_science,
Management Analyst (Finance and Budget),"This position is located in Air Traffic Organization (ATO), Management Services, Financial Services Directorate. This Directorate provides a wide array of critical business, financial, and contracts support services for the Air Traffic Organization.",usajobs,AWA-AJG-26-82453JL-99388,Federal Aviation Administration,FAA Nationwide-Selectee Remains in Current Duty Location,https://www.usajobs.gov:443/job/875189200,2026-07-06T00:00:00.0000,systems analyst,computer_science,
SUPERVISORY IT SPECIALIST (PLCYPLN),"THIS IS A NATIONAL GUARD TITLE 5 EXCEPTED SERVICE POSITION. This National Guard position is for a SUPERVISORY IT SPECIALIST (PLCYPLN), Position Description Number T5234000 and is part of the CYBER INFORMATION, National Guard. This vacancy does not meet the criteria for appointment of annuitants. Veterans' preference does not apply to this vacancy due to internal merit promotion.",usajobs,NY-12991296-AR-T5026-410,Army National Guard Units,"Latham, New York",https://www.usajobs.gov:443/job/875349800,2026-07-06T07:49:49.3770,systems analyst,computer_science,
Budget Analyst,"""The Federal Law Enforcement Training Centers (FLETC), through strategic partnerships, prepares the federal law enforcement community to safeguard America's people, property, and institutions."" We are a unique inter-agency organization preparing the next generation of law enforcement officers to meet our Nation's most pressing security challenges."" Click here to learn more. An incentive may be authorized. See additional info section.",usajobs,FLETC-CFO-26-13003893,Federal Law Enforcement Training Centers,"Glynco, Georgia",https://www.usajobs.gov:443/job/876619500,2026-07-16T00:00:00.0000,systems analyst,computer_science,
Management Analyst (Finance and Budget Specialist),"This position is located in Air Traffic Organization (ATO), Management Services, Financial Services Directorate. This Directorate provides a wide array of critical business, financial, and contracts support services for the Air Traffic Organization.",usajobs,AWA-AJG-26-82451JL-99389,Federal Aviation Administration,FAA Nationwide-Selectee Remains in Current Duty Location,https://www.usajobs.gov:443/job/875189800,2026-07-06T00:00:00.0000,systems analyst,computer_science,
Technical Writer-Editor (Legal Analyst),"See below for important information regarding this job. Position may be filled at any of the below locations: Richmond, VA GS-12: $93,499 - $121,551 Whitehall, OH GS-12: $93,400 - $121,422",usajobs,DLAGC-26-12993879-MP,Defense Logistics Agency,Multiple Locations,https://www.usajobs.gov:443/job/875458800,2026-07-06T16:53:09.7800,systems analyst,computer_science,
Budget Analyst,"The position(s) covered by this vacancy announcement is in the Department of Defense (DoD) Acquisition Workforce Personnel Demonstration Project (AcqDemo). For more information please see: AcqDemo. This position is being filled under AcqDemo Direct Hiring Authority (DHA). This position is part of the Defense Microelectronics Activity, Defense Microelectronics Activity. The incumbent will be responsible for managing and analyzing highly complex, multi-year reimbursable program funding.",usajobs,DMEA-26-13002509-DH,Defense Microelectronics Activity,Multiple Locations,https://www.usajobs.gov:443/job/875953200,2026-07-08T00:00:00.0000,systems analyst,computer_science,
Management and Program Analyst,See below for important information regarding this job.,usajobs,DLADC-26-13007820-DE,Defense Logistics Agency,"Fort Belvoir, Virginia",https://www.usajobs.gov:443/job/876708900,2026-07-15T16:17:47.3970,systems analyst,computer_science,
Investigative Analyst 13 - Office of Investigations CIPCD,"The USPS OIG is seeking highly qualified applicants to fill multiple Investigative Analyst positions within the Office of Investigations. The successful candidate will provide analytical, investigative, administrative and basic intelligence support, as well as gather pertinent data from internal and external sources for analysis to streamline investigations and manage projects, as part of the HQ Criminal Intelligence and Program Coordination Division (CIPCD). Bring your skills to our team!",usajobs,IA-26-134A-13003641-JD,"Office of the Inspector General, USPS",Multiple Locations,https://www.usajobs.gov:443/job/876828400,2026-07-16T12:02:26.2570,systems analyst,computer_science,
"Management and Program Analyst, GS-0343-11/12 (FPL 12) (Direct Hire) (Open-Continuous)","These positions are located in the Department of Education, Federal Student Aid (FSA). To deliver the best possible experience for students and their families, we are hiring multiple roles for our supervisory management and program analyst teams.",usajobs,FSA-2026-0105,Federal Student Aid,Multiple Locations,https://www.usajobs.gov:443/job/875533900,2026-07-07T11:35:57.3030,systems analyst,computer_science,
PROGRAM MANAGER,"You will serve as a PROGRAM MANAGER- Fleet Support Team Lead on the VH-92 FST of FLTREADCEN EAST located at Patuxent River, MD.",usajobs,ST-13002695-26-ARW,Naval Air Systems Command,"Patuxent River, Maryland",https://www.usajobs.gov:443/job/875770100,2026-07-13T00:00:00.0000,systems analyst,computer_science,
PROGRAM MANAGER,"This is a public notice flyer to notify interested applicants of anticipated vacancies. Applications will not be accepted through this flyer. Interested applicants must follow the directions in the ""How to Apply"" section of this flyer to be considered. There may or may not be actual vacancies filled from this flyer. Notice of Result letters will not be sent to applicants who respond to this flyer.",usajobs,DE-13008139-26-BAC,STRATEGIC SYSTEMS PROGRAMS (SSP),"Washington Navy Yard, District of Columbia",https://www.usajobs.gov:443/job/876696400,2026-07-15T15:34:26.1300,systems analyst,computer_science,
"Budget Analyst, 21 CS",Do not email applications. To submit your resume for this Direct Hire opportunity click here. For additional information on other USSF direct hire opportunities visit the Air Force Civilian Careers Space Force website and follow USSF on LinkedIn.,usajobs,SF-FY26-6F-NH-560-2-SPLASH,United States Space Force Forces,"Peterson AFB, Colorado",https://www.usajobs.gov:443/job/876301100,2026-07-13T17:36:59.0230,systems analyst,computer_science,
INTELLIGENCE SPECIALIST - ALTERNATE HIRE AUTHORITY,"Click on ""Learn more about this agency"" button below for IMPORTANT additional information. The primary purpose of this position, GG-0132-13, Intelligence Specialist is to provide cyber intelligence support to programs across the acquisition life cycle (Acquisition Intelligence). Supports effective research, development, fielding, employment, sustainment & improvement of AF capabilities by identifying cyber related intelligence requirements, resolving deficiencies, & integrating intelligence.",usajobs,AFMC-013213-12974002-CHH,Air Force Materiel Command,"Hanscom AFB, Massachusetts",https://www.usajobs.gov:443/job/871122600,2026-06-01T16:08:17.4730,systems analyst,computer_science,
Financial Management Specialist,"About the Position: Located at XVIII ABN Corps G-8 Resource Management Program and Budget Division, Fort Bragg, North Carolina.",usajobs,MCSC-26-12997966-MP,U.S. Army Forces Command,"Fort Bragg, North Carolina",https://www.usajobs.gov:443/job/876288300,2026-07-13T13:04:43.7830,systems analyst,computer_science,
Supervisory Budget Analyst (Budget Office Director),"This position is located in the Department of Health and Human Services, Program Support Center, headquartered in Rockville, Maryland.",usajobs,HHS-PSC-MP-26-12991183,Program Support Center,"Rockville, Maryland",https://www.usajobs.gov:443/job/876376800,2026-07-16T00:00:00.0000,systems analyst,computer_science,
Cyber Threat Analyst,Cyber Threat Analysts assess foreign cyber intentions and capabilities to support U.S. national security interests.,usajobs,23-11942190-6868/AHD,Central Intelligence Agency,"Washington, District of Columbia",https://www.usajobs.gov:443/job/722102800,2025-10-01T00:00:00.0000,systems analyst,computer_science,
Military Analyst,"Military Analysts provide US policymakers with unique insights on foreign military forces' structure, capabilities, doctrine, weapons systems, plans, and tactics. They also explore global strategic military trends.",usajobs,26-12842424,Central Intelligence Agency,"Washington, District of Columbia",https://www.usajobs.gov:443/job/851639900,2025-10-01T00:00:00.0000,systems analyst,computer_science,
Support Services Specialist (Facilities Program Analyst),"Consistently ranked as among the best places to work in the Department of the Interior (DOI), and the top 10% of all agency subcomponents, the Office of Inspector General is an independent and objective unit within DOI working to promote economy, efficiency, and effectiveness and to prevent and detect waste, fraud and abuse within the DOI. We offer exceptional work-life benefits, including flexible work schedules, ample training opportunities, and a comprehensive employee recognition program.",usajobs,IG-26-13014056-BC-MP,Office of Inspector General,"Herndon, Virginia",https://www.usajobs.gov:443/job/877241100,2026-07-20T14:11:35.4030,systems analyst,computer_science,
Contract Price/Cost Analyst,See below for important information regarding this job.,usajobs,DLAWpnSpt-26-13008101-MP,Defense Logistics Agency,"Warren, Michigan",https://www.usajobs.gov:443/job/876747100,2026-07-16T06:24:24.2100,systems analyst,computer_science,
Interdisciplinary - Physical Scientist-Operations Research Analyst,"This position is within Bonneville Power Administration's Power Services, Generation Asset Management, Schedule Planning, Power Generation Support. Take the next step in your career! As a primary technical resource, you will optimize and evolve Plant Information (PI) and Automatic Generation Control (AGC) system displays and analytics to support Hydro operations. Your work will inform critical operational strategies and make a significant impact on the Federal Columbia River Power System.",usajobs,26-BPA-51995-13008356-BPA,Bonneville Power Administration,"Portland, Oregon",https://www.usajobs.gov:443/job/876848900,2026-07-16T13:12:47.2430,systems analyst,computer_science,
Management and Program Analyst,"View Common Definitions of terms found in this announcement. Organizational Location: This position is located in the Department of Homeland Security, U.S. Immigration and Customs Enforcement, in Washington, District of Columbia. This is a non-bargaining unit position. Note: One or more positions may be filled using this vacancy announcement. Applying to this announcement certifies that you give permission for DHS to share your application with others in DHS for similar positions.",usajobs,DHA-CFO-13000121-2026-CLM,Immigration and Customs Enforcement,"Washington, District of Columbia",https://www.usajobs.gov:443/job/876842900,2026-07-17T00:00:00.0000,systems analyst,computer_science,
Decision Review Officer (Rating Quality Review Specialist),"The Rating Quality Review Specialist is an integral part of the Veterans Service Center's quality assurance program and is a key technical adviser to the Decision Review Officers (DROs) and Rating Veterans Service Representatives (RVSRs), in the Regional Office. The purpose of this position is to measure individual performance quality and identify training needs through the review and assessment of completed claims involving appeals and rating decisions.",usajobs,101-26-LMP-12988339-BU,Veterans Benefits Administration,Multiple Locations,https://www.usajobs.gov:443/job/876173100,2026-07-10T15:38:16.2300,systems analyst,computer_science,
IT CYBERSECURITY SPECIALIST (INFOSEC)(T32),"THIS IS A NATIONAL GUARD TITLE 32 EXCEPTED SERVICE POSITION. This National Guard position is for a IT CYBERSECURITY SPECIALIST (INFOSEC)(T32), Position Description Number D3029600 and is part of the AL DCSIM JFHQ, National Guard. ORGANIZATION: DCSG6/DCSIM, MONTGOMERY, AL SELECTING OFFICIAL: CW5 D. GIBSON",usajobs,AL-12989905-AR-26-165,Army National Guard Units,"Montgomery, Alabama",https://www.usajobs.gov:443/job/874216200,2026-06-24T14:35:42.6830,systems analyst,computer_science,
Facility Operations Specialist,"Joining the Secret Service, Office of Field Operations, New York Field Office will allow you to monitor and evaluate the functionality of the assigned facility, which includes managing contract services for construction, maintenance, cleaning and repair of the facility. For definitions of terms found in this announcement, please click here.",usajobs,OFO-NP-13006568-26-MP,U.S. Secret Service,"Brooklyn, New York",https://www.usajobs.gov:443/job/876447500,2026-07-14T13:38:34.8970,systems analyst,computer_science,
FOREIGN MILITARY SALES ANALYST,"This position is part of the Defense Security Cooperation Agency. The incumbent will be responsible for inputting data and learning basic regulations into a highly autonomous senior strategist managing high-visibility international defense portfolios. Through this path, they develop comprehensive mastery in case development, regulatory compliance, international stakeholder negotiation, and complex financial execution within the Department of War.",usajobs,DSCA-26-13013504-MP,Defense Security Cooperation Agency,"Wright-Patterson AFB, Ohio",https://www.usajobs.gov:443/job/877220200,2026-07-20T12:55:51.7800,systems analyst,computer_science,cybersecurity
Intelligence Specialist (Operations),"About the Position: This position is in the Defense Civilian Intelligence Personnel System (DCIPS). Employees occupying DCIPS positions are in the Excepted Service and must adhere to U.S. Code, Title 10, as well as Department of Defense Instruction 1400.25. This position is located at the ST-IC-W4JLAA STRATEGIC SYSTEMS SUPPORT ELEMENT.",usajobs,SDST-26-13000737-DCIPS-R,U.S. Special Operations Command (Army),"Alexandria, Virginia",https://www.usajobs.gov:443/job/877251600,2026-07-20T14:47:21.4530,systems analyst,computer_science,
IT SPECIALIST (SYSADMIN),"This is a Washington Air National Guard Title 32 Excepted Service Unit Technician position: IT SPECIALIST (SYSADMIN) Location: 194th Intelligence Squadron Camp Murray, Washington 98430 Air National Guard Units Appointment Type: Permanent, excepted service Advertised as: ENLISTED ""Pending funds availability, a recruitment or relocation incentive may be available"" Your resume must contain your own words. Resumes that are verbatim, from this announcement, will not be considered.",usajobs,WA-13002243-AF-26-0146RB1,Air National Guard Units,"Camp Murray, Washington",https://www.usajobs.gov:443/job/875708400,2026-07-08T11:15:15.3230,systems analyst,computer_science,
Program Analyst,The primary purpose of this position is to provide support (analysis and recommendations) to Quality & Patient Safety Programs and ultimately to the Chief of Quality & Patient Safety.,usajobs,CBSW-13001838-26-OP,Veterans Health Administration,"Honolulu, Hawaii",https://www.usajobs.gov:443/job/877184400,2026-07-20T10:43:43.1170,systems analyst,computer_science,
"Supervisory Contact Representative Temporary NTE 1 year, MBE up to 5 years, may be made permanent",WHAT IS Tax Payer Services? A description of the business units can be found at: https://www.jobs.irs.gov/about/who/business-divisions Position(s) are to be filled in following area(s): TS SC - Accounts Management - REVIEW THE ADDITIONAL INFORMATION BELOW FOR FURTHER DETAILS,usajobs,26-13001492O-TSM-0862-07,Internal Revenue Service,Multiple Locations,https://www.usajobs.gov:443/job/876961500,2026-07-17T09:55:31.6070,systems analyst,computer_science,
PROCUREMENT COORDINATOR (SYSTEMS/GPC) TITLE 32,"THIS IS A NATIONAL GUARD TITLE 5 EXCEPTED SERVICE POSITION. This National Guard position is for a PROCUREMENT COORDINATOR (SYSTEMS/GPC) TITLE 32, Position Description Number D2628000 and is part of the IL USPFO, National Guard.",usajobs,IL-12985173-AR-26-201,Army National Guard Units,"Springfield, Illinois",https://www.usajobs.gov:443/job/873403100,2026-06-17T00:00:00.0000,systems analyst,computer_science,
Decision Review Officer,"This position is located in a Department of Veterans Affairs, Regional Office (VARO), Veterans Service Center or Pension Maintenance Center. The Rating Quality Review Specialist is an integral part of the Veterans Service Center's quality assurance program and is a key technical adviser to the Decision Review Officers (DROs) and Rating Veterans Service Representatives (RVSRs), in the Regional Office.",usajobs,323-26-PB-13007564-BU,Veterans Benefits Administration,"Jackson, Mississippi",https://www.usajobs.gov:443/job/876802600,2026-07-16T10:48:17.6270,systems analyst,computer_science,
"Supervisory Management and Program Analyst, GS-0343-15 (FPL GS-15) (DH) (Open-Continuous)","These positions are located in the Department of Education, Federal Student Aid (FSA). To deliver the best possible experience for students and their families, we are hiring multiple roles for our supervisory management and program analyst teams.",usajobs,FSA-2026-0104,Federal Student Aid,Multiple Locations,https://www.usajobs.gov:443/job/875003400,2026-07-01T09:00:39.9000,systems analyst,computer_science,
Intelligence Specialist (Intelligence & Threat Support),"About the Position: This position is in the Defense Civilian Intelligence Personnel System (DCIPS). Employees occupying DCIPS positions are in the Excepted Service and must adhere to U.S. Code, Title 10, as well as Department of Defense Instruction 1400.25. This position is located within the U.S. Army Maneuver Support Center (MANSCEN) & Fort Leonard Wood (FLW), Command Element, Office of the Chief of Staff, Office of Intelligence & Security (I&S), Fort Leonard Wood, Missouri.",usajobs,SDST-26-13003767-DCIPS,U.S. Army Training and Doctrine Command,"Fort Leonard Wood, Missouri",https://www.usajobs.gov:443/job/875953500,2026-07-14T00:00:00.0000,systems analyst,computer_science,
"Contract Performance Data Analyst, SYD 84",Do not email applications. To submit your resume for this Direct Hire opportunity click here. For additional information on other USSF direct hire opportunities visit the Air Force Civilian Careers Space Force website and follow USSF on LinkedIn.,usajobs,SF-FY26-6S-GS-501-13-SPLASH,Space Systems Command,"Los Angeles County, California",https://www.usajobs.gov:443/job/877212300,2026-07-20T12:21:55.5800,systems analyst,computer_science,
IT SPECIALIST (CUSTSPT)(T32),"THIS IS A NATIONAL GUARD TITLE 32 EXCEPTED SERVICE POSITION. This National Guard position is for a IT SPECIALIST (CUSTSPT)(T32), Position Description Number D1557000 and is part of the AL 280th CBCS, National Guard. ORGANIZATION: 280 CBCS, DOTHAN, AL SELECTING OFFICIAL: MAJ B. WILLIAMS",usajobs,AL-12989837-AF-26-164,Air National Guard Units,"Dothan, Alabama",https://www.usajobs.gov:443/job/873933300,2026-06-23T09:42:13.5930,systems analyst,computer_science,
FINANCIAL MANAGEMENT ANALYST,"This is a public notice flyer to notify interested applicants of anticipated vacancies. Applications will not be accepted through this flyer. Interested applicants must follow the directions in the ""How to Apply"" section of this flyer to be considered. There may or may not be actual vacancies filled from this flyer. Notice of Result letters will not be sent to applicants who respond to this flyer.",usajobs,DE-13003743-26-MAC,Secretary of the Navy Offices (SECNAV),"Washington Navy Yard, District of Columbia",https://www.usajobs.gov:443/job/876759700,2026-07-17T00:00:00.0000,systems analyst,computer_science,
Management Analyst (SLMO Compliance),"This position is located with Bonneville Power Administration, in the Supplemental Labor Management Office (NSP). A successful candidate in the Management Analyst (SLMO Compliance) position will serve as a subject matter expert and Contracting Officer's Representative (COR), developing and standardizing compliant processes, managing computer applications like the Vendor Management System (VMS), and conducting risk-based audits and position assessments.",usajobs,26-BPA-52019-13011656-BPA,Bonneville Power Administration,"Vancouver, Washington",https://www.usajobs.gov:443/job/876936900,2026-07-17T00:00:00.0000,systems analyst,computer_science,cybersecurity
IT CYBERSECURITY SPECIALIST (INFOSEC),"THIS IS A NATIONAL GUARD TITLE 5 EXCEPTED SERVICE POSITION. This National Guard position is for a IT CYBERSECURITY SPECIALIST (INFOSEC), Position Description Number T5895000 and is part of the 174TH ATKW, National Guard. This vacancy does not meet the criteria for appointment of annuitants. This is a temporary not to exceed one year of appointment. This position is located in Washington, DC at Joint Base Anacostia-Bolling.",usajobs,NY-12992092-AF-T5026-402,Air National Guard Units,"Joint Base Anacostia-Bolling, District of Columbia",https://www.usajobs.gov:443/job/875350300,2026-07-06T07:52:13.8370,systems analyst,computer_science,
FINANCIAL MANAGEMENT ANALYST,"THIS IS A NATIONAL GUARD TITLE 5 EXCEPTED SERVICE POSITION. This National Guard position is for a FINANCIAL MANAGEMENT ANALYST, Position Description Number T5636000 and is part of the KS 190 Air Refueling Wing, National Guard.",usajobs,KS-13002129-AF-26-170,Air National Guard Units,"Forbes AFB, Kansas",https://www.usajobs.gov:443/job/876466800,2026-07-14T13:52:30.9670,systems analyst,computer_science,
Budget Analyst,"About the Position: This position is located in San Antonio, Texas under the Defense Health Agency PEO Medical Systems. The person in this position is a financial planner and manager for various government healthcare and medical research programs. This is a Direct Hire Solicitation. Salary negotiation may be available for those candidates who are new to Federal service. Leave accrual negotiation may be available for those candidates who are new to Federal service.",usajobs,HQKF-26-13007923-DHA,Defense Health Agency,"San Antonio, Texas",https://www.usajobs.gov:443/job/876661100,2026-07-18T00:00:00.0000,systems analyst,computer_science,
IT SPECIALIST (CUSTSPT) TITLE 32 PERMANENT,"THIS IS A NATIONAL GUARD TITLE 32 EXCEPTED SERVICE POSITION. This National Guard position is for a IT SPECIALIST (CUSTSPT) TITLE 32 PERMANENT, Position Description Number D2526P02 and is part of the NH ARNG DCSIM, National Guard This vacancy is to gather applications that may or may not result in a referral or selection.",usajobs,NH-13003880-AR-26-201,Army National Guard Units,"Concord, New Hampshire",https://www.usajobs.gov:443/job/876773100,2026-07-17T00:00:00.0000,systems analyst,computer_science,
Operations Research Analyst,San Diego is no longer a location to select. Reemployed annuitant: This vacancy does not meet the criteria for appointment of annuitants. This is an open-continuous announcement with referral lists being issued to the hiring manager every 2 weeks until vacancy close. Applicants may edit their application or reapply anytime before the 7/21 closing date of the announcement.,usajobs,DCAA-26-HQ-12953159,Defense Contract Audit Agency,Multiple Locations,https://www.usajobs.gov:443/job/868148500,2026-05-06T00:00:00.0000,systems analyst,computer_science,
Management & Program Analyst,"If you have experience in a variety of administrative operations (e.g. budget/procurement, HR, travel, reporting, program evaluation), and want to work in a dynamic organization, then consider joining the Operations Division! The incumbent plays an integral team-leadership role in a small, but impactful, division of the FTC's Bureau of Competition, providing support for mission-critical work to protect American consumers and promote competition! For more information visit, https://www.ftc.gov.",usajobs,MP-12976300-26-BC-OPS,Federal Trade Commission,"Washington, District of Columbia",https://www.usajobs.gov:443/job/876109000,2026-07-10T12:22:22.2130,systems analyst,computer_science,business
BUDGET ANALYST,"THIS IS A ND NATIONAL GUARD TITLE 5 EXCEPTED SERVICE POSITION. Military membership is NOT required. This ND National Guard position is for a BUDGET ANALYST, Position Description Number T6354000 and is part of the ND G4, National Guard.",usajobs,ND-13004110-AR-26-017 (T5),Army National Guard Units,"Bismarck, North Dakota",https://www.usajobs.gov:443/job/876350500,2026-07-13T17:28:19.7570,systems analyst,computer_science,
Management Analyst,"This position is located at the Department of Veterans Affairs Regional Office, Benefit Eligibility Support Team (BEST). The primary purpose of this role is to assist the BEST team and staff by advising on the effectiveness and efficiency of their programs and functions.",usajobs,330-26-PA-13006541-NBU,Veterans Benefits Administration,"Milwaukee, Wisconsin",https://www.usajobs.gov:443/job/876706200,2026-07-17T00:00:00.0000,systems analyst,computer_science,
HRIS Applications System Analyst,"This position is located in the Enterprise Applications (EA) Directorate, House Information Resources (HIR), Office of the Chief Administrative Officer (CAO), U.S. House of Representatives (House).",usajobs,req5513,House of Representatives,"Washington, District of Columbia",https://www.usajobs.gov:443/job/875575800,2026-07-07T14:00:46.7430,systems analyst,computer_science,
FINANCIAL MANAGEMENT ANALYST,"THIS IS A NATIONAL GUARD TITLE 32 EXCEPTED SERVICE POSITION. This National Guard position is for a FINANCIAL MANAGEMENT ANALYST, Position Description Number D2513P01 and is part of the KS 190 Air Refueling Wing, National Guard.",usajobs,KS-12917514-AF-26-099,Air National Guard Units,"Forbes AFB, Kansas",https://www.usajobs.gov:443/job/862200800,2026-06-23T14:57:59.0870,systems analyst,computer_science,
Management and Program Analyst,"This position is located in the National Oceanic and Atmospheric Administration (NOAA), National Ocean Service (NOS), Office of Coast Survey (OCS), with one vacancy in Silver Spring, MD.",usajobs,NOS OCS-26-13005529-ST,National Oceanic and Atmospheric Administration,"Silver Spring, Maryland",https://www.usajobs.gov:443/job/876415700,2026-07-15T00:00:00.0000,systems analyst,computer_science,
SUPV IT SPECIALIST (PLCYPLN),"THIS IS A NATIONAL GUARD TITLE 32 EXCEPTED SERVICE POSITION. This National Guard position is for a SUPV IT SPECIALIST (PLCYPLN), Position Description Number PDD1861000 and is part of the MA ANG 102nd IW, National Guard. This is a Non-Bargaining Unit position. The unit point of contact and contact phone for this position is: Lt Col Brendan Simison at email; brendan.simison@us.af.mil.",usajobs,MA-13004543-AF-26-102-036,Air National Guard Units,"Otis ANG Base, Massachusetts",https://www.usajobs.gov:443/job/876127300,2026-07-10T13:28:48.6830,systems analyst,computer_science,
Procurement Analyst (Compliance & Risk Management),"The Office of Acquisition and Logistics (OAL) supports America's Veterans and families by delivering acquisition, logistics and supply chain business solutions that provide better outcomes and harness technology to assure quality support/services for the VA multi-billion-dollar acquisition mission. The primary purpose of this position is to provide expertise in acquisition policy, review and compliance, systems, procedural guidance, and career management and training.",usajobs,CCLQ-12999733-26-DB,"Executive Director, Office of Acquisition, Logistics and Construction",Multiple Locations,https://www.usajobs.gov:443/job/876245000,2026-07-13T10:07:53.6300,systems analyst,computer_science,cybersecurity
IT SPECIALIST (CUSTOMER SUPPORT)(T32),"THIS IS A NATIONAL GUARD TITLE 32 EXCEPTED SERVICE POSITION. This National Guard position is for a IT SPECIALIST (CUSTOMER SUPPORT)(T32), Position Description Number D2526P02 and is part of the AL DCSIM JFHQ, National Guard. ORGANIZATION: DCSIM, FT. MCCLELLAN, AL SELECTING OFFICIAL: MR. S. PATRICK",usajobs,AL-12994351-AR-26-172,Army National Guard Units,"Fort Mc Clellan, Alabama",https://www.usajobs.gov:443/job/874381000,2026-06-25T00:00:00.0000,systems analyst,computer_science,
Veterans Service Representative (AQRS),"This position is located in a Department of Veterans Affairs, RO (VARO), Veterans Service Center (VSC) and Benefits Eligibility Support Team (BEST). The AQRS is an integral part of the VSC/BEST quality assurance program and is a key technical adviser to the Veterans Service Representatives (VSRs), in the RO. The purpose of this position is to measure individual performance quality as well as identify training needs through the review and assessment of completed compensation and pension claims.",usajobs,318-26-AA-13014148-BU,Veterans Benefits Administration,"Winston-Salem, North Carolina",https://www.usajobs.gov:443/job/877100000,2026-07-17T16:03:14.6670,systems analyst,computer_science,
Decision Review Officer,"This position is in a Department of Veteran Affairs Regional Office (VARO) Veteran Service Center or Pension Management Center. The Rating Quality Review Specialist is an integral part of the Veteran Service Center's quality assurance program and is a key technical advisor to the Decision Review Officers (DROs) and Rating Veterans Service Representatives (RVSRs), In the Regional Office.",usajobs,319-26-LS-13005045-BU,Veterans Benefits Administration,"Columbia, South Carolina",https://www.usajobs.gov:443/job/876454600,2026-07-15T00:00:00.0000,systems analyst,computer_science,
Supervisory Internal Revenue Agent,WHAT IS ? A description of the business units can be found at: https://www.jobs.irs.gov/about/who/business-divisions Position(s) are to be filled in following area(s): TEGE - Exempt Organizations and Government Entities - Exempt Organizations and Government Entities This job (or announcement) is open to current permanent IRS competitive service employees in Tax Exempt/Government Entities business units. REVIEW THE ADDITIONAL INFORMATION BELOW FOR FURTHER DETAILS,usajobs,26-13000196A-TEM-0512-4,Internal Revenue Service,Multiple Locations,https://www.usajobs.gov:443/job/876528600,2026-07-14T00:00:00.0000,systems analyst,computer_science,
INTELLIGENCE OPERATIONS SPECIALIST (Title 32),"THIS IS A NATIONAL GUARD TITLE 32 EXCEPTED SERVICE POSITION. This National Guard position is for a INTELLIGENCE OPERATIONS SPECIALIST (Title 32), Position Description Number D1659000 and is part of the IL 182 AW, National Guard.",usajobs,IL-12810070-AF-25-067,Air National Guard Units,"Peoria, Illinois",https://www.usajobs.gov:443/job/850840800,2025-11-25T00:00:00.0000,systems analyst,computer_science,
FINANCIAL MANAGEMENT ANALYST (Title 32),"This National Guard position is for an FINANCIAL MANAGEMENT ANALYST, Position Description Number NGD2513P01 and is part of 114 FW Finance in Sioux Falls, SD. This is a Title 32, Excepted service position. **Multiple positions may be filled through this vacancy** AREAS OF CONSIDERATION: - All members of the South Dakota Air National Guard and those eligible to join",usajobs,SD-12934027-AR-26-025,Air National Guard Units,"Sioux Falls, South Dakota",https://www.usajobs.gov:443/job/865130000,2026-07-16T18:23:50.4500,systems analyst,computer_science,
IT SPECIALIST (SYSADMIN),"THIS IS A NATIONAL GUARD TITLE 32 EXCEPTED SERVICE POSITION THAT REQUIRES MILITARY MEMBERSHIP. This National Guard position is for a IT SPECIALIST (SYSADMIN), Position Description Number PDD1685000 and is part of the Mississippi National Guard.",usajobs,MS-13002828-AF-26-059,Air National Guard Units,"Gulfport, Mississippi",https://www.usajobs.gov:443/job/875950800,2026-07-09T00:00:00.0000,systems analyst,computer_science,
Procurement Analyst,"About the Position: This position is located within the US Army Corps of Engineers, Great Lakes and Ohio River Division, Office of the Senior Contracting Official, where you will function as a Senior Procurement Analyst conducting comprehensive reviews of District Contracting Office products ensuring acquisitions reflect the application of good business judgment, and appropriate compliance with statutory and regulatory requirements and performing oversight activities.",usajobs,CEDB-26-13006792-MP,U.S. Army Corps of Engineers,Multiple Locations,https://www.usajobs.gov:443/job/876765200,2026-07-16T08:44:56.0570,systems analyst,computer_science,cybersecurity
INTELLIGENCE OPERATIONS SPECIALIST- TITLE 32,"THIS IS A NATIONAL GUARD TITLE 32 EXCEPTED SERVICE POSITION. This position is for an Intelligence Operations Specialist, Position Description Number D1659000 located in the 116th OPS GP, Robins AFB, GA. This is a full-time, Excepted Permanent, dual status position which requires Georgia Air National Guard Membership. Area of Consideration: Current members of the Air National Guard, Air Force Reserve or Air Force Active Duty component.",usajobs,GA-12901501-AF-26-086,Air National Guard Units,"Robins AFB, Georgia",https://www.usajobs.gov:443/job/859653200,2026-03-06T00:00:00.0000,systems analyst,computer_science,
SUPERVISORY MANAGEMENT AND PROGRAM ANALYST,"You will serve as a SUPERVISORY MANAGEMENT AND PROGRAM ANALYST in the OPERATIONS DIRECTORATE, CURRENT OPERATIONS DIVISION of MARINE CORPS LOGISTICS COMMAND.",usajobs,ST-13003738-26-TLL,U.S. Marine Corps,"Albany Marine Corps Logistics Base, Georgia",https://www.usajobs.gov:443/job/876194300,2026-07-14T08:56:05.1930,systems analyst,computer_science,
Management & Program Analyst,"This position is within the FAA, Aviation Safety (AVS), Office of Aerospace Medicine (AAM), Program Management Staff (AAM-006), at the Civil Aerospace Medical Institute (CAMI). The Office of Aerospace Medicine (AAM) develops and manages medical programs in support of Aviation Safety.",usajobs,AAC-AAM-26-AAM006-99595,Federal Aviation Administration,"Oklahoma City, Oklahoma",https://www.usajobs.gov:443/job/876986200,2026-07-18T00:00:00.0000,systems analyst,computer_science,
IT Analyst,"Join the Connectivity and Collaboration Service (CCS) under OIT and be part of VA's digital transformation. CCS designs and maintains world-class connectivity, collaboration, and support services with secure, redundant, and reliable connections across the enterprise. We deliver a delightful user experience, empowering internal and external VA customers, with robust offerings for video and web conferencing, telephony, secure messaging, and more, built on a resilient network infrastructure.",usajobs,CCS-26-DHA-KG-13001618-BU,Deputy Assistant Secretary for Information and Technology,Location Negotiable After Selection,https://www.usajobs.gov:443/job/875932200,2026-07-10T00:00:00.0000,systems analyst,computer_science,design
Program Analyst (Informatics),"The incumbent serves as a Program Analyst (Informatics) located at the Augusta VA Health Care System, in the Veterans Health Administration (VHA) of the Department of Veterans Affairs (VA). The primary purpose of the position is to improve the quality, efficiency, and effectiveness of health care by integrating clinical and information processes necessary to achieve successful adoption and application of new technologies throughout the VHA.",usajobs,CBTB-13005866-26-NW,Veterans Health Administration,"Augusta, Georgia",https://www.usajobs.gov:443/job/876953900,2026-07-17T07:27:30.7000,systems analyst,computer_science,
Management Analyst,"This position works as an employee within the Veterans Service Center. The incumbent is an active participant in all aspects of division management. Responsibilities serve the primary purpose of lending assistance to the Veterans Service Center Manager (VSCM) and Assistant Veterans Service Center Manager (AVSCM) in the effective planning, controlling and accomplishing of the goals and objectives of the division as a whole.",usajobs,354-26-DB-13006001-NBU,Veterans Benefits Administration,"Reno, Nevada",https://www.usajobs.gov:443/job/877032500,2026-07-17T11:46:32.5570,systems analyst,computer_science,
Management and Program Analyst,The Management and Program Analyst position operates independently to support the Director's Office of the Wichita VA Regional Office with an emphasis on change management strategies and information security techniques to communicate with internal and external audiences.,usajobs,452-26-AD-13001718-NBU,Veterans Benefits Administration,"Wichita, Kansas",https://www.usajobs.gov:443/job/877203400,2026-07-20T11:52:32.8600,systems analyst,computer_science,
Lead IT Cybersecurity Specialist (SYSADMIN),"Click on ""Learn more about this agency"" button below for IMPORTANT additional information. The primary purpose of this position is: To serve as Lead System Administrator/Cybersecurity Expert with responsibility for planning and coordinating the information security, installation, testing, modifying, upgrading, operation, troubleshooting, and integration of unique, cloud-based, network systems supporting enterprise-level networks.",usajobs,8I-CES-12992251-374209-LZ,Department of the Air Force - Agency Wide,"Eglin AFB, Florida",https://www.usajobs.gov:443/job/876248200,2026-07-13T10:19:27.7830,systems analyst,computer_science,
Program Protection Analyst,See below for important information regarding this job.,usajobs,DLADS-26-13005522-MP,Defense Logistics Agency,"Arlington, Virginia",https://www.usajobs.gov:443/job/876308000,2026-07-13T00:00:00.0000,systems analyst,computer_science,
INTELLIGENCE SPECIALIST,"Click on ""Learn more about this agency"" button below for IMPORTANT additional information. The primary purpose of this position, INTELLIGENCE SPECIALIST, GG-0132-13 is to provide cyber intelligence support to programs across the acquisition life cycle (Acquisition Intelligence).",usajobs,AFMC-13001764-403657-9X-AMP,Air Force Materiel Command,"Hill AFB, Utah",https://www.usajobs.gov:443/job/876351100,2026-07-15T00:00:00.0000,systems analyst,computer_science,
Program Analyst,"The employee will serve as the Program Analyst, located in the Data and Information Department Veterans Crisis Line (VCL), Veterans Affair (VA). The VCL is a 24-hour, 7-days-a-week, 365-days-a-year service aimed at connecting callers worldwide to a caring, qualified Veterans Administration employee. The VCL's mission is to provide 24/7, world-class suicide prevention and crisis intervention services to Veterans, Service Members and their family members.",usajobs,CBZY-12998061-26-LJR,Veterans Health Administration,Anywhere in the U.S. (remote job),https://www.usajobs.gov:443/job/876226000,2026-07-14T00:00:00.0000,systems analyst,computer_science,
Budget Analyst,"If you are interested in a career as a Budget Analyst where you will be a valued team member who analyzes Pretrial Services Agency for the District of Columbia's budget data and information to support execution, formulation, and funds control, then this job is for you! Bargaining Unit Status and Chapter: Not Covered, AFGE Local 1456 This announcement may be used to fill additional vacancies This is not a law enforcement position",usajobs,26-41(MP),Pretrial Services Agency,"Washington, District of Columbia",https://www.usajobs.gov:443/job/876694400,2026-07-16T00:00:00.0000,systems analyst,computer_science,
SUPPLY TECHNICIAN,"This position is for a SUPPLY TECHNICIAN, PD# D1901000, part of the Nevada Army National Guard. This position is located in the United States Property and Fiscal Office (USPFO). Its purpose is to provide storage and distribution, cataloging or supply identification systems, property utilization or other related supply activities including those associated with automated or manual supply accounting systems.",usajobs,NV-12892381-AR-26-030,Army National Guard Units,"Carson City, Nevada",https://www.usajobs.gov:443/job/859732200,2026-03-03T00:00:00.0000,systems analyst,computer_science,
SUPPLY TECHNICIAN - TITLE 32,"THIS IS A NATIONAL GUARD TITLE 32 EXCEPTED SERVICE POSITION. This National Guard position is for a Supply Technician, Position Description Number D1901000 and is part of the JFHQ - GA, located in Marietta, Georgia. This is a full-time, Excepted Permanent, dual status position which requires Georgia Army National Guard Membership. Area of Consideration: Open to current on-board Technicians in the Georgia Army National Guard.",usajobs,GA-12997362-AR-26-205,Army National Guard Units,"Marietta, Georgia",https://www.usajobs.gov:443/job/874864900,2026-07-06T00:00:00.0000,systems analyst,computer_science,
SUPPLY TECHNICIAN - TITLE 32,"THIS IS A NATIONAL GUARD TITLE 32 EXCEPTED SERVICE POSITION. This National Guard position is for a Supply Technician, Position Description Number D1901000 and is part of the USPFO - GA, located in Fort Stewart, Georgia. This is a full-time, Excepted Permanent, dual status position which requires Georgia Army National Guard Membership. Area of Consideration: Open to current on-board Technicians in the Georgia Army National Guard.",usajobs,GA-13000199-AR-26-210,Army National Guard Units,"Fort Stewart, Georgia",https://www.usajobs.gov:443/job/875382800,2026-07-09T00:00:00.0000,systems analyst,computer_science,
FINANCIAL MANAGEMENT ANALYST,"THIS IS A NATIONAL GUARD TITLE 32 EXCEPTED SERVICE POSITION. This National Guard position is for a FINANCIAL MANAGEMENT ANALYST, Position Description Number D2515P01, D2514P01 and is part of the KS 190 Air Refueling Wing, National Guard.",usajobs,KS-12950229-AF-26-133,Air National Guard Units,"Forbes AFB, Kansas",https://www.usajobs.gov:443/job/867442800,2026-06-23T14:59:33.0400,systems analyst,computer_science,
FINANCIAL MANAGEMENT ANALYST - Title 32,"This National Guard position is for a FINANCIAL MANAGEMENT ANALYST - Title 32, Position Description Number D2371P01 and is part of the WI USPFO, Wisconsin National Guard.",usajobs,WI-13005827-Joint-26-292,Army National Guard Units,"Camp Williams, Wisconsin",https://www.usajobs.gov:443/job/876969100,2026-07-17T08:47:01.0700,systems analyst,computer_science,
Medical Records Administration Specialist,"Medical Records Administration Specialist (MRAS) in VHA perform work concerned with the management of a health record program or the provision of services related to medical record administration/health information services. MRASs manage, preserve, analyze, and supervise the use of diagnostic and therapeutic health records/health information management. They develop policies and procedures and provide advice on the use of health records and health information management.",usajobs,CBTG-13008330-26-JYC,Veterans Health Administration,"Memphis, Tennessee",https://www.usajobs.gov:443/job/876970300,2026-07-17T08:51:04.8100,systems analyst,computer_science,
Financial Analyst,"The Office of Capital Budgets formulates, executes, and maintains financial systems in support of Facilities and Equipment and Research, Engineering, and Development budget justifications, financial plans, inquiries, and audits. The Capital Budgets Division has three branches. The duties of this position will serve within the Capital Budgets Division, performing multiple, varying duties and responsibilities under the direction of a branch manager.",usajobs,AWA-ABP-26-7121JC-99267,Federal Aviation Administration,"Washington, District of Columbia",https://www.usajobs.gov:443/job/874111600,2026-06-25T00:00:00.0000,systems analyst,computer_science,
Financial Analyst,"The Office of Capital Budgets formulates, executes & maintains financial systems in support of Facilities & Equipment and Research, Engineering, and Development budget justifications, financial plans, inquiries & audits. The Capital Budgets Division has 4 branches: Budget Formulation, Budget Execution, Budget Systems, and Business Intelligence & Reporting. The duties of this position serve within the Capital Budgets Division, performing varying duties under the direction of a branch manager.",usajobs,AWA-ABP-26-6879JC-99454,Federal Aviation Administration,"Washington, District of Columbia",https://www.usajobs.gov:443/job/875598600,2026-07-08T00:00:00.0000,systems analyst,computer_science,
Financial Analyst,"The Office of Capital Budgets formulates, executes, and maintains financial systems in support of Facilities and Equipment and Research, Engineering, and Development budget justifications, financial plans, inquiries, & audits. The Capital Budgets Division has three branches: Budget Formulation, Budget Execution, and Budget Systems. The duties of this position will serve within the Capital Budgets Division, performing multiple duties and responsibilities under the direction of a branch manager.",usajobs,AWA-ABP-26-7133JC-99455,Federal Aviation Administration,"Washington, District of Columbia",https://www.usajobs.gov:443/job/876175000,2026-07-11T00:00:00.0000,systems analyst,computer_science,
Program Analyst,"The Program Analyst provides support for the radiology and nuclear medicine clinics as well as the Chief Physicians, Administrative Officer, and Service Line Director of Imaging Service at the Iowa City VA Healthcare System, by analyzing and evaluating a wide range of issues relating to the setting analysis, budget analysis, program review, process analysis, developing action plans and processes to improve patient care.",usajobs,CBSY-13004492-26-LCS,Veterans Health Administration,"Iowa City, Iowa",https://www.usajobs.gov:443/job/876256600,2026-07-13T10:55:32.2500,systems analyst,computer_science,
"BUDGET ANALYST (T5, MERIT)","THIS IS A MINNESOTA NATIONAL GUARD TITLE 5 EXCEPTED SERVICE POSITION OPEN TO ONBOARD TITLE 5 EMPLOYEES. LOCATION: Saint Paul, Minnesota SELECTING OFFICIAL: COL John D. McRae (651)-268-8931 This is a Title 5 Excepted Service position in the Minnesota National Guard.",usajobs,MN-13000673-AR-26-183,Army National Guard Units,"Saint Paul, Minnesota",https://www.usajobs.gov:443/job/875544400,2026-07-07T12:12:42.0100,systems analyst,computer_science,
Management and Program Analyst (ICC),"Organizational Location: This position is with the Department of Homeland Security, within U.S. Customs and Border Protection, Office of Field Operations, Tucson Field Office, Area Port of Nogales, Nogales Port of Entry.",usajobs,OFO-IMP-13001735-GLP,Customs and Border Protection,"Nogales, Arizona",https://www.usajobs.gov:443/job/876855700,2026-07-17T00:00:00.0000,systems analyst,computer_science,
Management and Program Analyst,"This position is located in the Office of Deployment for the Department of Veterans Affairs (VA) Electronic Health Records Modernization - Integration Office (EHRM-IO), located within the Office of the Deputy Secretary of VA (DEPSECVA), where the incumbent serves as a Management and Program Analyst (Deployment). This position will be physically located in a VA owned or leased office/space and require up to 75% official travel.",usajobs,CARX-13001096-26-TLO,Electronic Health Record Modernization,Multiple Locations,https://www.usajobs.gov:443/job/876857700,2026-07-16T13:48:48.1800,systems analyst,computer_science,
Operations Research Analyst,"This vacancy is for a GS-1515-13, Operations Research Analyst located in the Department of Homeland Security, U.S. Coast Guard, NAVCEN WATERWAYS RISK ASSESSMENT AND SUPPORT DIVISION in ALEXANDRIA, Virginia.",usajobs,26-12997177-HQ-DC-DHA,U.S. Coast Guard,"Alexandria, Virginia",https://www.usajobs.gov:443/job/876328800,2026-07-14T08:56:35.6370,systems analyst,computer_science,cybersecurity
Program Analyst,"This position serves as a Program Analyst within a division of the Quality and Performance Directorate of Integrated External Networks under the Office of Integrated Veteran Care (IVC) Program Office. As a Program Analyst in an IVC, IEN, Quality and Performance division, the incumbent conducts transformational quality reviews, monitors effectiveness, and efficiency.",usajobs,CBZY-13005377-26-KW,Veterans Health Administration,Multiple Locations,https://www.usajobs.gov:443/job/876332100,2026-07-14T00:00:00.0000,systems analyst,computer_science,
IT CYBERSECURITY SPECIALIST (INFOSEC),"THIS IS A NATIONAL GUARD TITLE 32 EXCEPTED SERVICE POSITION. This National Guard position is for a IT CYBERSECURITY SPECIALIST (INFOSEC), Position Description Number D3029600 and is part of the NE G6, National Guard.",usajobs,NE-12998896-AR-26-096,Army National Guard Units,"Lincoln, Nebraska",https://www.usajobs.gov:443/job/875597400,2026-07-07T15:01:57.3200,systems analyst,computer_science,
Management Analyst,See below for important information regarding this job.,usajobs,DLADist-26-13013489-MP,Defense Logistics Agency,"Jacksonville, Florida",https://www.usajobs.gov:443/job/877083000,2026-07-17T14:26:08.8400,systems analyst,computer_science,
Medical Records Administrator (Chief Health Information Management),"A RECRUITMENT/RELOCATION INCENTIVE MAY BE AUTHORIZED This assignment is the Chief Health Information Management (CHIM), which is the highest-level professional position at the facility with responsibility to manage and direct the health information management program. The CHIM has full program management and supervisory responsibility to direct professional Medical Records Administrators, Medical Records Technicians, and other support staff in health information management.",usajobs,CBSV-12974527-26-JHJ,Veterans Health Administration,"Tacoma, Washington",https://www.usajobs.gov:443/job/871885100,2026-06-05T08:40:42.3130,systems analyst,computer_science,
Supervisory Program Analyst,"The incumbent is the Director for the Center for Strategic Analytics and Reporting (CSAR). This senior position is located in the Office of Analytics and Performance Integration (API) within the Office of Quality and Patient Safety (QPS), Veterans Health Administration (VHA).",usajobs,CBZY-13006314-26-TH,Veterans Health Administration,Multiple Locations,https://www.usajobs.gov:443/job/877233200,2026-07-20T13:46:57.2970,systems analyst,computer_science,
Medical Records Administrator (Assistant Chief Health Information Management),"This position is in the Health Information Management (HIM) section under Health Administration Services at the Tuscaloosa VA Medical Center. Medical Records Administrators (MRAs) manage, preserve, analyze, and supervise the use of diagnostic and therapeutic health records/health information management. They develop policies and procedures and provide advice on the use of health records and health information management.",usajobs,CBTB-13004869-26-CW,Veterans Health Administration,"Tuscaloosa, Alabama",https://www.usajobs.gov:443/job/876897900,2026-07-17T00:00:00.0000,systems analyst,computer_science,
Management Analyst,"The Management & Program Analyst (MA) is located in the Veterans Benefits Administration (VBA) Regional Office (RO). The MA will be responsible for providing qualitative and quantitative assessments of the administrative operations of the VR&E Division, including administrative and technical support on the organization and implementation of standard operating procedures, workload management, allocation of budgets employee utilization, and resource allocation.",usajobs,318-26-LG-13001067-NBU,Veterans Benefits Administration,"Winston-Salem, North Carolina",https://www.usajobs.gov:443/job/876187400,2026-07-13T00:00:00.0000,systems analyst,computer_science,
Program Analyst ( CoE Primary Care),"The VA Center of Education (CoE) in Interprofessional Primary Care Program/Clinic is a large innovative interprofessional team-based educational and collaborative primary care model. The CoE Program is based in West Haven, but also has satellite operations at the Newington campus.",usajobs,CBTD-12999113-26-NR,Veterans Health Administration,"West Haven, Connecticut",https://www.usajobs.gov:443/job/876274100,2026-07-13T00:00:00.0000,systems analyst,computer_science,
Physical Scientist,"Click on ""Learn more about this agency"" button below for IMPORTANT additional information. This is a Direct Hire Solicitation. This public notice is to gather applications that may or may not result in a referral or selection.",usajobs,AFPC-STEMDHA-12857595-1301,Department of the Air Force - Agency Wide,Multiple Locations,https://www.usajobs.gov:443/job/853082300,2025-12-22T15:20:07.2500,systems analyst,computer_science,
BUDGET ANALYST (TITLE 32),"THIS IS A NATIONAL GUARD TITLE 32 EXCEPTED SERVICE POSITION. This National Guard position is for a BUDGET ANALYST (TITLE 32), Position Description Number D2656000 and is part of the IL MTA, National Guard.",usajobs,IL-12969262-AR-26-191,Army National Guard Units,"Marseilles, Illinois",https://www.usajobs.gov:443/job/871135100,2026-05-28T00:00:00.0000,systems analyst,computer_science,
Medical Records Administrator Assistant Chief (HIMS),"This position is located in the Health Information Management (HIM) Section of Business Office at the Bay Pines VA Healthcare System (BPVAHCS). Medical Records Administrators in VHA perform or supervise work concerned with the management of a health record program or the provision of services related to medical record administration/health information services. MRAs manage, analyze, and supervise the use of diagnostic and therapeutic health records health information management.",usajobs,CBTC-13002366-26-MEM,Veterans Health Administration,"Bay Pines, Florida",https://www.usajobs.gov:443/job/876415600,2026-07-15T00:00:00.0000,systems analyst,computer_science,
IT Specialist (Network),"Join the Connectivity and Collaboration Service (CCS) under OIT and be part of VA's digital transformation. CCS designs and maintains world-class connectivity, collaboration, and support services with secure, redundant, and reliable connections across the enterprise. We deliver a delightful user experience, empowering internal and external VA customers, with robust offerings for video and web conferencing, telephony, secure messaging, and more, built on a resilient network infrastructure.",usajobs,CCS-26-DHA-KG-13001996-BU,Deputy Assistant Secretary for Information and Technology,"Philadelphia, Pennsylvania",https://www.usajobs.gov:443/job/875788300,2026-07-09T00:00:00.0000,systems analyst,computer_science,design
FINANCIAL MANAGEMENT ANALYST,"THIS IS A NATIONAL GUARD TITLE 5 EXCEPTED SERVICE POSITION. This National Guard position is for a FINANCIAL MANAGEMENT ANALYST, Position Description Number T5636P01 and is part of the OH 179 Cyberspace Wing, National Guard. The purpose of this position is plan, coordinate, and perform comprehensive Accounting and Financial Management analysis, decision support and quality reviews, of base level accounting and financial management programs.",usajobs,OH-12988986-AF-26-150-T5,Air National Guard Units,"Mansfield, Ohio",https://www.usajobs.gov:443/job/873777700,2026-06-22T09:34:09.3370,systems analyst,computer_science,
IT SPECIALIST (SYSTEMS ADMINISTRATION),"This National Guard position is for a IT SPECIALIST (SYSTEMS ADMINISTRATION), Position Description Number D2489P01, and is part of G6 Nebraska Army National Guard.",usajobs,NE-12890428-AR-26-034,Army National Guard Units,"Lincoln, Nebraska",https://www.usajobs.gov:443/job/858068400,2026-02-18T13:38:06.1330,systems analyst,computer_science,
IT CYBERSECURITY SPECIALIST (INFOSEC) (T32),"THIS IS AN AIR NATIONAL GUARD TITLE 32 EXCEPTED SERVICE POSITION UNIT: 148TH LOCATION: DULUTH, MN SELECTING OFFICIAL: Col Curt Grayson, Comm: 218-788-7250 AIR NATIONAL GUARD MEMBERSHIP IS REQUIRED Appointment is subject to 2 year trial period IAW EO 14284",usajobs,MN-13013190-AF-26-168,Air National Guard Units,"Duluth, Minnesota",https://www.usajobs.gov:443/job/877225500,2026-07-20T13:18:00.2270,systems analyst,computer_science,
FINANCIAL MANAGEMENT ANALYST,"This National Guard position is for a FINANCIAL MANAGEMENT ANALYST, Position Description Number D2514P01 (GS-9), D2513P01 (GS-11) and is part of the Oregon Air National Guard 142nd Wing, National Guard.",usajobs,OR-12982998-AF-26-066,Air National Guard Units,"Portland, Oregon",https://www.usajobs.gov:443/job/873979000,2026-06-23T12:14:01.2770,systems analyst,computer_science,
It Specialist (Infosec),"Join VA's Infrastructure Operations (IO) to deliver and maintain secure, high-availability IT and cloud solutions. Help protect and modernize mission-critical systems and support quality services for Veterans. Work in a dynamic, innovative environment as Supervisor IT Specialist. Apply Now! Located in the Principal Deputy Assistant Secretary (PDAS)/Infrastructure Operations (IO).",usajobs,DHA-IO-26-HS-13003653-BU,Deputy Assistant Secretary for Information and Technology,Location Negotiable After Selection,https://www.usajobs.gov:443/job/876185400,2026-07-13T00:00:00.0000,systems analyst,computer_science,
Management and Program Analyst,"Organizational Location: This position is with the Department of Homeland Security, within U.S. Customs and Border Protection, Office of Professional Responsibility (OPR), Personal Security Division (PSD) in Washington, DC. Additional selections may be made for other organizational divisions and/or units within the duty location(s) listed above.",usajobs,OPR-IMP-12985273-ADS,Customs and Border Protection,"Washington, District of Columbia",https://www.usajobs.gov:443/job/875376100,2026-07-20T00:00:00.0000,systems analyst,computer_science,
Program Analyst,"The Program Analyst serves as the Office of Process Improvement (OPI) Education Analyst and is assigned to the Quality Management (QM) Service in the Columbia VA Health Care System (HCS) at the WJB Dom Medical Center. The incumbent is required to independently function with key duties related to health care system-wide performance improvement oversight related to national, VISN, and local priorities.",usajobs,CBTB-12995285-26-NDS,Veterans Health Administration,"Columbia, South Carolina",https://www.usajobs.gov:443/job/875482300,2026-07-09T00:00:00.0000,systems analyst,computer_science,web_development
PERSONNEL SECURITY SPEC,"You will serve as a PERSONNEL SECURITY SPECIALIST in the Personnel Security Branch (c1122) of PEARL HARBOR NSY AND IMF. A post allowance amount, (otherwise known as: COLA), of 8.64% will be added to the stated salary. Post allowance is subject to change at any time. For additional information, please refer to the Joint Travel Regulations (JTR), Chapter 5 Part B.",usajobs,ST-13004784-26-JLK,U.S. Pacific Fleet,"Pearl Harbor Naval Base, Oahu, Hawaii",https://www.usajobs.gov:443/job/876129700,2026-07-10T13:37:09.5330,systems analyst,computer_science,
Management Analyst (Veterans Service Center),"This position is in the VA Regional Office (VARO). The selectee is assigned to the Veterans Service Center (VSC) and reports to the Veterans Service Center leadership. The primary purpose of this position is to provide objectively based information for making decisions on the administrative aspects of organizational operations and management. The incumbent performs a variety of substantive analytical, planning, training, evaluative, budgetary, and advisory work.",usajobs,NED-26-AL-12993535-NBU,Veterans Benefits Administration,Multiple Locations,https://www.usajobs.gov:443/job/876807000,2026-07-16T11:02:17.9230,systems analyst,computer_science,business
Program Analyst,"This position is located in the Office of Integrated Veteran Care (IVC), Integrated External Networks, QSV Assurance, Quality and Performance. The Integrated External Networks Office is a focal point within VA on Community Providers, with primary responsibility for data management and analytics functions.",usajobs,CBZY-12981775-26-MD,Veterans Health Administration,Multiple Locations,https://www.usajobs.gov:443/job/877225400,2026-07-20T13:16:52.5630,systems analyst,computer_science,
Supervisory Health System Specialist,"The Office of Tribal Health works to oversee, maintain, and improve VHA's relationship with Health and Human Services (HHS) Indian Health Services (IHS) and to ensure optimal implementation of the Memorandum of Understanding (MOU) between the Department of Veteran Affairs (VA) and IHS. The Office of Tribal Health provides comprehensive, compassionate, and quality healthcare, while enhancing the quality of life to American Indian and Alaskan Native Veterans.",usajobs,CBZY-13005422-26-JT,Veterans Health Administration,Location Negotiable After Selection,https://www.usajobs.gov:443/job/876390900,2026-07-14T09:22:42.9800,systems analyst,computer_science,
MANAGEMENT ANALYST (TITLE 5),"THIS IS A NATIONAL GUARD TITLE 5 EXCEPTED SERVICE POSITION. This National Guard position is for a MANAGEMENT ANALYST (TITLE 5), Position Description Number T5645000 and is part of the, National Guard (145 MOF / Manning Document 1071447).",usajobs,NC-12995847-AF-26-032,Air National Guard Units,"Charlotte, North Carolina",https://www.usajobs.gov:443/job/876499700,2026-07-15T00:00:00.0000,systems analyst,computer_science,
BUDGET ANALYST,"This National Guard position is for a BUDGET ANALYST, Position Description Number D1008000 and is part of the OH G3 Operations and Training, Ohio Army National Guard. The purpose of this position is to serve as the analyst and consultant for the management and administration of budget programs within the directorate/division.",usajobs,OH-13007983-AR-26-236-T,Army National Guard Units,"Columbus, Ohio",https://www.usajobs.gov:443/job/876773600,2026-07-16T09:15:40.6070,systems analyst,computer_science,
Administrative Officer - Research & Development,The Administrative Officer for Research and Development (AO/R&D) is a full partner with the Associate Chief of Staff for Research and Development (ACOS/R&D) for the Boise VA Medical Center (BVAMC) Research Service.,usajobs,CBSV-13007168-26-AB,Veterans Health Administration,"Boise, Idaho",https://www.usajobs.gov:443/job/877107700,2026-07-17T15:57:05.4770,systems analyst,computer_science,
Program Analyst,"The employee will serve as the Program Analyst, located in the Technology and Innovation and Department in Veterans Crisis Line (VCL), Veterans Affair (VA). The VCL is a 24-hour, 7-days-a-week, 365-days-a-year service aimed at connecting callers worldwide to a caring, qualified Veterans Administration employee. The VCL's mission is to provide 24/7, world-class suicide prevention and crisis intervention services to Veterans, Service Members and their family members.",usajobs,CBZY-13007106-26-MR,Veterans Health Administration,Anywhere in the U.S. (remote job),https://www.usajobs.gov:443/job/876889200,2026-07-17T00:00:00.0000,systems analyst,computer_science,
Program Analyst,This position is located in Division of Spent Fuel Storage and Transportation. This job opportunity announcement may be used to fill additional vacancies within the agency. The supervisor is Yoira Diaz Sanabria. This position is subject to Confidential Financial Disclosure reporting requirements. This position is subject to security ownership restriction reporting requirements.,usajobs,DE-13003851-26-DB,Nuclear Regulatory Commission,"Rockville, Maryland",https://www.usajobs.gov:443/job/876506800,2026-07-15T00:00:00.0000,systems analyst,computer_science,
Supervisory Management and Program Analyst,"The Office of Integrated Veterans Care (IVC) is responsible for a broad range of activities to support the delivery of health care benefits for Veterans and Dependents with health care services external to VA facilities. In addition, this business line plans, manages, and supports IVC enterprise-wide learning and workforce development programs.",usajobs,CBZY-12993634-26-BLS,Veterans Health Administration,Multiple Locations,https://www.usajobs.gov:443/job/876558400,2026-07-15T07:35:55.8270,systems analyst,computer_science,
Program Analyst,"As a Program Analyst, providing support to the Primary Care Service Line operation at the Gulf Coast Veterans Healthcare System (GCVHCS). GCVHCS serve Veterans across three states, Mississippi, Alabama, and Florida. Our healthcare system consists of the Biloxi VA Medical Center, located in Biloxi, Mississippi: Joint Ambulatory Care Center, located in Pensacola, Florida; and three Community Based Outpatient Clinics located in Mobile, Alabama; Eglin, Florida; and, Panama City Beach, Florida.",usajobs,CBST-12996518-26-TW,Veterans Health Administration,"Pensacola, Florida",https://www.usajobs.gov:443/job/876320800,2026-07-13T15:05:22.1670,systems analyst,computer_science,
IT SPECIALIST (CUSTSPT),"THIS IS A NATIONAL GUARD TITLE 32 EXCEPTED SERVICE POSITION. This National Guard position is for a IT SPECIALIST (CUSTSPT), Position Description Number D2182P01 and is part of the NE 155 CF, National Guard.",usajobs,NE-12972018-AF-26-022,Air National Guard Units,"Lincoln, Nebraska",https://www.usajobs.gov:443/job/870809800,2026-05-28T07:19:49.5800,systems analyst,computer_science,
Support Services Specialist,"This position is located in the Support Services Division (SSD) at a VA Regional Office (RO). The incumbent performs facilities management, property management, government vehicle management, serves as the alternate PIV coordinator and other administrative operations, under the supervision of the Supervisory Support Services Specialist and/ or the Chief, Support Services Division.",usajobs,318-26-TG-13002789-BU,Veterans Benefits Administration,"Winston-Salem, North Carolina",https://www.usajobs.gov:443/job/876134400,2026-07-10T13:46:55.1370,systems analyst,computer_science,
Management and Program Analyst,"This position is located in the Office of Deployment for the Department of Veterans Affairs (VA) Electronic Health Records Modernization - Integration Office (EHRM-IO), located within the Office of the Deputy Secretary of VA (DEPSECVA), where the incumbent serves as a Management and Program Analyst (Deployment).",usajobs,CARX-26-13007105-ESt,Electronic Health Record Modernization,Multiple Locations,https://www.usajobs.gov:443/job/876840200,2026-07-17T00:00:00.0000,systems analyst,computer_science,
Program Analyst (Informatics) TCF Trainee,The Technical Career Field (TCF) is a national workforce development program within VHA that was designed to replenish technical staff in critically identified positions. This position is endorsed by the Office of Health Informatics and supported by the Informatics and Data Analytics career field in the Technical Career Field (TCF) program at medical centers in the Veterans Health Administration (VHA) of the Department of Veterans Affairs (VA).,usajobs,CBTG-13002199-26-AAO,Veterans Health Administration,"Murfreesboro, Tennessee",https://www.usajobs.gov:443/job/876886200,2026-07-16T15:31:21.9970,systems analyst,computer_science,
AVIATION RESOURCE MANAGEMENT SPECIALIST T32,"THIS IS A NATIONAL GUARD TITLE 32 EXCEPTED SERVICE POSITION. This National Guard position is for a AVIATION RESOURCE MANAGEMENT SPECIALIST T32, PDD2934000 and is part of the AZ 161st Air Refueling Wing, National Guard.",usajobs,AZ-12994775-26-NW-26-125TF,Air National Guard Units,"Phoenix, Arizona",https://www.usajobs.gov:443/job/874617600,2026-06-26T18:23:11.4100,systems analyst,computer_science,
Program Analyst (Informatics),"The Program Analyst (Informatics) position is a non-supervisory position, located at Harry S. Truman Veterans' Affairs Medical Center. The primary purpose of the position is to improve the quality, efficiency, and effectiveness of health care by integrating clinical and information processes necessary to achieve successful adoption and application of new technologies throughout the Veterans Health Administration (VHA).",usajobs,CBSS-13008406-26-TC,Veterans Health Administration,"Columbia, Missouri",https://www.usajobs.gov:443/job/876905200,2026-07-16T15:47:57.2400,systems analyst,computer_science,
"Chief of Logistics, MD2 SZG",Do not email applications. To submit your resume for this Direct Hire opportunity click here. For additional information on other USSF direct hire opportunities visit the Air Force Civilian Careers Space Force website and follow USSF on LinkedIn.,usajobs,SF-FY26-6S-NH-346-4-SPLASH,Space Systems Command,"Peterson AFB, Colorado",https://www.usajobs.gov:443/job/877241000,2026-07-20T14:11:27.5700,systems analyst,computer_science,
PRODUCTION CONTROLLER (SCHEDULING),"This position is for a PRODUCTION CONTROLLER (SCHEDULING), PD# D2510000, part of the Nevada Air National Guard. This position is located in an ANG Flying Wing in the Plans, Scheduling, and Documentation/Engine Management Section of the Maintenance Operations Flight. The primary purpose of this position is to perform preliminary planning and long term forecasting of utilization of aerospace vehicles, engines, and associated support equipment.",usajobs,NV-12868768-AF-26-002,Air National Guard Units,"Reno, Nevada",https://www.usajobs.gov:443/job/855833000,2026-01-28T00:00:00.0000,systems analyst,computer_science,business
Financial Management Specialist - DIRECT HIRE,"This position is located in the U. S. Depart of Transportation, Office of the Secretary (OST), Office of the Assistant Secretary for Administration, Office of Financial Management and Transit Benefits (OFM). The incumbent serves as a Financial Specialist for the Working Capital Fund (WCF) within OFM and has responsibility for budgets, fund administration, cost accounting, billing, and other budget and funds control activities for the assigned ""M"" Offices.",usajobs,OST.M-2026-0011,Office of the Secretary of Transportation,"Washington, District of Columbia",https://www.usajobs.gov:443/job/875597100,2026-07-02T00:00:00.0000,systems analyst,computer_science,
HealthCare Education Specialist,"The HealthCare Education Specialist (Accreditation Specialist) bears the responsibility for advising, consulting, and the oversight and management of accreditation activities for VHA. They oversee the portfolio of health professions accreditations and certification to meet the needs of target audiences of sponsored continuing education activities. This position develops organizational policies and procedures to ensure compliance with accrediting body standards.",usajobs,CARX-27-VIN 13003882-DMi,Veterans Health Administration,"District of Columbia, District of Columbia",https://www.usajobs.gov:443/job/876120200,2026-07-13T00:00:00.0000,systems analyst,computer_science,cybersecurity
Investigative Analyst,"This position is located in the Department of Health and Human Services (HHS), Food and Drug Administration, Office of Inspections and Investigations (OII), Office of Criminal Investigations (OCI). As FDA's criminal law enforcement and intelligence arm, OCI is responsible for protecting public health and furthering the FDA mission by investigating suspected criminal violations of the Federal Food, Drug, and Cosmetic Act (FDCA) and other related laws. Click here to learn more about FDA/OCI",usajobs,FDA-OII-26-MP-13013710-LW,Food and Drug Administration,Multiple Locations,https://www.usajobs.gov:443/job/877043300,2026-07-17T12:13:09.8630,systems analyst,computer_science,
PRODUCTION CONTROLLER (AIRCRAFT) (Title 32),"THIS IS A NATIONAL GUARD TITLE 32 EXCEPTED SERVICE POSITION. This National Guard position is for a PRODUCTION CONTROLLER (AIRCRAFT) (Title 32), Position Description Number D2510000 and is part of the OK 138th Fighter Wing, Oklahoma Air National Guard.",usajobs,OK-12995070-AF-26-073,Air National Guard Units,"Tulsa, Oklahoma",https://www.usajobs.gov:443/job/874691200,2026-06-30T00:00:00.0000,systems analyst,computer_science,
Program Analyst,"This position serves as a Program Analyst administering correspondence and operations issues, reviewing inquiries received by various communications/media (e.g., letter, telephone) to determine the proper disposition of inquiries and reviewing, evaluating, and solving related problems and conducting analyses of issues related to program segment healthcare administrative functions.",usajobs,CBZY-12995954-26-YH,Veterans Health Administration,Multiple Locations,https://www.usajobs.gov:443/job/875858200,2026-07-10T00:00:00.0000,systems analyst,computer_science,
Program Analyst (Informatics),"Serves as a Program Analyst (Health Informatics) located at the medical centers, in the Veterans Health Administration (VHA) of the Department of Veterans Affairs (VA). The primary purpose of the position is to improve the quality, efficiency, and effectiveness of health care by integrating clinical and information processes necessary to achieve successful adoption and application of new technologies throughout the VHA.",usajobs,CBTA-12934910-26-JS,Veterans Health Administration,"Fayetteville, North Carolina",https://www.usajobs.gov:443/job/876408500,2026-07-14T10:39:24.2230,systems analyst,computer_science,
INTELLIGENCE OPERATIONS SPECIALIST,"Opened Area(s) of Consideration: 1, 2, 3 DEFINITION OF AREA(S) OF CONSIDERATION: Area 1 - AKNG Permanent or Indefinite technicians. Area 2 - All AKNG members. Area 3 - All other current military members who are eligible to join the Alaska Air National Guard. PDCN: D1659P01 Selecting Supervisor: Eva McElroy",usajobs,AK-12992878-AF-26-151-C,Air National Guard Units,"Elmendorf AFB, Alaska",https://www.usajobs.gov:443/job/874777400,2026-06-29T16:56:24.5500,systems analyst,computer_science,
"Management Analyst, NF-04",It is the applicant's responsibility to read all sections and associated links in this vacancy announcement. This vacancy may be used to fill additional positions within 90 days of the closing date.,usajobs,NENAFCC2613013587,United States Army Installation Management Command,"Fort Sam Houston, Texas",https://www.usajobs.gov:443/job/876960100,2026-07-17T08:01:58.2700,systems analyst,computer_science,
Supervisory Program Analyst/Training Operations Manager,"The incumbent serves as primary advisor to the Training Assistant Director, Compensation Service (CS) on all programs and major missions falling under the purview of the Training Operations Manager Staffs, such as the Warrior Training Advancement Class (WARTAC) and Competency Based Training (CBT).",usajobs,101-CS-13005527-26-MM,Veterans Benefits Administration,"Washington, District of Columbia",https://www.usajobs.gov:443/job/876283700,2026-07-14T00:00:00.0000,systems analyst,computer_science,
Management and Program Analyst,"This position is located in Pension and Fiduciary (P&F) Service. Pension and Fiduciary (P&F) Service administers the pension programs and fiduciary activities for compensation, dependency and indemnity compensation (DIC) and pension beneficiaries Department of Veteran's Affairs Veterans Benefits Administration. P&F Service is responsible for the development of policy, procedures, training, and oversight of the delivery of VA pension benefits and fiduciary activities worldwide.",usajobs,101-P&F-13004874-26-DQP-NBU,Veterans Benefits Administration,Multiple Locations,https://www.usajobs.gov:443/job/876770600,2026-07-16T09:06:12.4030,systems analyst,computer_science,
Program Analyst (Informatics),"OUR MISSION: To fulfill President Lincoln's promise ""To care for those who have served in our nation's military and for their families, caregivers, and survivors"" - by serving and honoring the men and women who are America's Veterans. How would you like to become a part of a team providing compassionate whole health care to Veterans?",usajobs,CAZP-13008332-26-AR,Veterans Health Administration,"Milwaukee, Wisconsin",https://www.usajobs.gov:443/job/877190300,2026-07-20T11:21:40.3970,systems analyst,computer_science,
"SUPPLY TECHNICIAN (MERIT, T32)","THIS IS AN ARMY NATIONAL GUARD MERIT TITLE 32 EXCEPTED SERVICE POSITION UNIT: FMS #3 LOCATION: Arden Hills, Minnesota SELECTING OFFICIAL: CW3 Carol Flachmeyer 651-268-8531 ARMY NATIONAL GUARD MEMBERSHIP IS REQUIRED",usajobs,MN-12974692-AR-26-138,Army National Guard Units,"Arden Hills, Minnesota",https://www.usajobs.gov:443/job/871224300,2026-06-01T00:00:00.0000,systems analyst,computer_science,
Health System Specialist - Health Professions Education Analyst,"This position is in the Health Professions Education (HPE) Office (HPEO) and supports the Designated Education Officer (DEO) and HPE management by establishing, maintaining, and evaluating the quality of HPE programs and the quality of care delivered by Health Professions Trainees (HPTs) at the William Jennings Bryan Dorn VA Healthcare System.",usajobs,CBTB-13006787-26-EDM,Veterans Health Administration,"Columbia, South Carolina",https://www.usajobs.gov:443/job/877214100,2026-07-20T12:34:38.6200,systems analyst,computer_science,
DATA SCIENTIST,You will serve as a DATA SCIENTIST in the COMMAND DATA ANALYTICS OFFICE of MARINE CORPS LOGISTICS COMMAND.,usajobs,ST-13004727-26-LAC,U.S. Marine Corps,"Albany Marine Corps Logistics Base, Georgia",https://www.usajobs.gov:443/job/876443300,2026-07-15T00:00:00.0000,data scientist,data_science,
Data Scientist,"View Common Definitions of terms found in this announcement. Organizational Location: These positions are located in the Department of Homeland Security, U.S. Immigration and Customs Enforcement, Chief Financial Officer, in Washington, District of Columbia. These are non-bargaining unit positions.",usajobs,DHA-CFO-12986639-2026-NSA,Immigration and Customs Enforcement,"Washington, District of Columbia",https://www.usajobs.gov:443/job/876975100,2026-07-17T09:11:10.0930,data scientist,data_science,
Data Scientist,"This position is located in the Department of Health & Human Services (HHS), Centers for Medicare & Medicaid Services (CMS), Center for Program Integrity (CPI), Division of Investigative &Bus Analytics (DIBA). As a Data Scientist, GS-1560-13, you will serve as a senior advisor as well as lead a cross-functional teams composed of professionals skilled in policy analysis, information technology, data engineering, and project management disciplines, in order to develop data-driven solutions.",usajobs,CMS-CPI-26-13004331-DH,Centers for Medicare & Medicaid Services,Multiple Locations,https://www.usajobs.gov:443/job/876466400,2026-07-15T00:00:00.0000,data scientist,data_science,business
Data Scientist,"IT Specialist (Data Scientist) positions are being filled through the Office of Personnel Management's delegated Direct Hire Authority, open to all U.S. citizens. Selections made under this bulletin will be processed as new appointments to the civil service. Current civil service employees would, therefore, be given new appointments to the civil service. Under the provisions of the Direct Hire Authority, Veterans Preference and the ""Rule of Many"" do not apply.",usajobs,SSA12879164-26-DHA-CIO,Social Security Administration,"Woodlawn, Maryland",https://www.usajobs.gov:443/job/856629100,2026-02-06T00:00:00.0000,data scientist,data_science,
Data Scientist,"This is a Data Scientist, GS-1560-11 working in Homestead, Florida in the Everglades National Park. Experience Your America and build a fulfilling career by joining the National Park Service (NPS). Join our mission to connect with our past and create important connections to the future by building a rich and lasting legacy for the next generation of park visitors, supporters and advocates. To find out more about the National Park Service visit: https://www.nps.gov/aboutus/index.htm",usajobs,SE-1628-EVER-2612990955-DHA,National Park Service,"Homestead, Florida",https://www.usajobs.gov:443/job/877116800,2026-07-17T16:46:07.4470,data scientist,data_science,
Data Scientist,"WHAT IS IT - INFORMATION TECHNOLOGY? A description of the business units can be found at: https://www.jobs.irs.gov/about/who/business-divisions Position(s) are to be filled in following area(s): IRS PROGRAM MANAGEMENT AND ADMINISTRATION Consider each location carefully when applying. If you are selected for a location, that location will become your official post of duty. REVIEW THE ADDITIONAL INFORMATION BELOW FOR FURTHER DETAILS",usajobs,26-13001976B-ITS-1560-13,Internal Revenue Service,Multiple Locations,https://www.usajobs.gov:443/job/876567200,2026-07-16T00:00:00.0000,data scientist,data_science,
Data Scientist,"This position is located in the U.S. Patent and Trademark Office, Office of the Chief Financial Officer, Office of Finance (OF). The primary mission of the USPTO is to build for the future and promote U.S. competitiveness in the global marketplace by protecting and strengthening intellectual property rights world-wide. The OCFO oversees USPTO's financial management, advising the Under Secretary and Director on planning, budgetary, financial, and procurement matters.",usajobs,TMCO - OCFO-26-12999834-DH,Patent and Trademark Office,"Alexandria, Virginia",https://www.usajobs.gov:443/job/876796800,2026-07-16T00:00:00.0000,data scientist,data_science,
SUPERVISORY DATA SCIENTIST,You will serve as a SUPERVISORY DATA SCIENTIST in the Information Management and Technology Department of SUBMEPP ACTIVITY.,usajobs,ST-13007869-26-JRT,Naval Sea Systems Command,"Kittery, Maine",https://www.usajobs.gov:443/job/876895300,2026-07-17T00:00:00.0000,data scientist,data_science,
Data Scientist,"This position is being filled under a stream-lined hiring authority, Title 21 of the United States Code (21 US Code 379d-3a) as amended by the 21st Century Cures Act of 2016, section 3072 and the Consolidated Appropriations Act of 2023, Section 3624. The candidate selected for this position will serve under a career or career-conditional appointment and be paid under the provisions of this authority. This position is being recruited based on the Title 21, Pay Table 2, Band C",usajobs,FDA-CDER-26-T21-13005865-TH,Food and Drug Administration,"Silver Spring, Maryland",https://www.usajobs.gov:443/job/877007100,2026-07-17T11:02:04.7300,data scientist,data_science,
Data Scientist,"This position is being filled under a stream-lined hiring authority, Title 21 of the United States Code (21 US Code 379d-3a) as amended by the 21st Century Cures Act of 2016, section 3072 and the Consolidated Appropriations Act of 2023, Section 3624. The candidate selected for this position will serve under a career or career-conditional appointment and be paid under the provisions of this authority.This position is being recruited based on the Title 21, Pay Table 2, Band A (GS-11 and B (GS-12).",usajobs,FDA-CDER-26-T21-13005851-TH,Food and Drug Administration,"Silver Spring, Maryland",https://www.usajobs.gov:443/job/876983400,2026-07-17T00:00:00.0000,data scientist,data_science,
DATA SCIENTIST,"The PALACE Acquire Program offers you a permanent position upon completion of your formal training plan. As a Palace Acquire Intern you will experience both personal and professional growth while dealing effectively and ethically with change, complexity, and problem solving. The program offers a 3-year formal training plan with yearly salary increases. Promotions and salary increases are based upon your successful performance and supervisory approval.",usajobs,K-26-DHA-12804858-AKK,Air Force Civilian Career Training,Multiple Locations,https://www.usajobs.gov:443/job/846709300,2025-09-29T00:00:00.0000,data scientist,data_science,
Research Data Scientist,"Please note, there is no pay associated with this position. This position serves as a Without Compensation Research Data Scientist within the Office of Research and Development (ORD). The VA Research Program strives to promote Veteran-centered care to improve patient experiences and outcomes across VA healthcare and community settings, and to advance value-driven care by providing Veterans the highest quality care at the lowest financial burden.",usajobs,WOC-ORD-1560-13000047-26-MK,Veterans Health Administration,"Bedford, Massachusetts",https://www.usajobs.gov:443/job/875648600,2026-07-08T06:33:58.0370,data scientist,data_science,
Lead Data Scientist (AI/ML),"WHAT IS INFORMATION TECHNOLOGY? A description of the business units can be found at: https://www.jobs.irs.gov/about/who/business-divisions Position(s) are to be filled in following area(s): Information Technology. Consider each location carefully when applying. If you are selected for a location, that location will become your official post of duty. REVIEW THE ADDITIONAL INFORMATION BELOW FOR FURTHER DETAILS",usajobs,26-12999666B-ITS-1560-14,Internal Revenue Service,Multiple Locations,https://www.usajobs.gov:443/job/876453500,2026-07-14T13:09:48.3270,data scientist,data_science,
Data Scientist - DIRECT HIRE,"This position is located in the Department of Transportation (DOT), Federal Transit Administration (FTA), Office of the Chief Data Officer (OCDO). OCDO develops strategic approaches to leveraging FTA's data assets, manages FTA's data governance, builds a strong data culture, manages data as a strategic asset, and uses data to improve mission delivery, operational efficiency, and actionable decision-making data, including via advanced analytic techniques and AI.",usajobs,FTA.TOA-2026-0001,Federal Transit Administration,Multiple Locations,https://www.usajobs.gov:443/job/875648800,2026-07-08T06:41:38.9000,data scientist,data_science,
Direct Hire Public Notice - Data Scientist,"The U.S. Nuclear Regulatory Commission (NRC) will use Direct Hire Authority to fill vacancies for the Data Scientist positions within the agency. This vacancy is a REPOSITORY of applications. Applicants MAY BE periodically referred to Selecting Officials both during the open period and for up to 90 days after the closing date of the vacancy. Because of the large number of applications anticipated, applicants status will not be updated UNLESS referred.",usajobs,DE-12951156-26-EM,Nuclear Regulatory Commission,Multiple Locations,https://www.usajobs.gov:443/job/867782600,2026-05-04T13:45:00.4400,data scientist,data_science,
Supervisory Data Scientist (AI/ML),"See below for important information regarding this job. Position will be filled at any of the locations listed below. Site specific salary information as follows: Battle Creek, MI: $125,776- $163,514 Columbus, OH: $131,245- $170,624 Dayton, OH: $130,461 - $169,604 Fort Belvoir, VA: $143,913- $187,093 New Cumberland, PA: $143,913- $187,093 Ogden, UT: $125,776- $163,514 Philadelphia, PA: $138,595- $180,178 Richmond, VA: $131,385- $170,806",usajobs,DLAJ6-26-13006992-DHA,Defense Logistics Agency,Multiple Locations,https://www.usajobs.gov:443/job/876958300,2026-07-17T07:54:40.1830,data scientist,data_science,
Data Scientist-Direct Hire,"WHAT IS DATA AND ANALYTICS (DAO)-RESEARCH, APPLIED ANALYTICS & STATISTICS (RAAS)? A description of the business units can be found at: https://www.jobs.irs.gov/about/who/business-divisions Position(s) are to be filled in the following area(s): DAO - DATA AND ANALYTICS Consider each location carefully when applying. If you are selected for a location, that location will become your official post of duty. REVIEW THE ADDITIONAL INFORMATION BELOW FOR FURTHER DETAILS",usajobs,26-12994530M-RAD-1560-11T13,Internal Revenue Service,Multiple Locations,https://www.usajobs.gov:443/job/875270500,2026-07-06T00:00:00.0000,data scientist,data_science,data_science
Statistician (Data Scientist),"The Statistician provides statistical and analytical expertise to VHA leaders and field managers in support of the Office of Analytics Performance Integration (API), Clinical Assessment, Reporting and Tracking (CART). The incumbent works as a professional member of API/CART, a unit of the Office of the Deputy Under Secretary for Health for Policy and Services.",usajobs,CBZY-13001622-26-SVC,Veterans Health Administration,Multiple Locations,https://www.usajobs.gov:443/job/877083600,2026-07-20T00:00:00.0000,data scientist,data_science,
Data Scientist - Experienced to Expert Level (Maryland),"Newly hired experienced Data Scientists will be assigned to a mission office by aligning their data science skills with mission needs. Due to the challenging and evolving nature of NSA data science problems, Data Scientists are expected to continue broadening and deepening their expertise throughout their career. For more information, please visit: https://apply.intelligencecareers.gov/job-description/1259937",usajobs,1259937,National Security Agency/Central Security Service,"Fort Meade, Maryland",https://www.usajobs.gov:443/job/875461200,2026-07-06T17:22:40.4400,data scientist,data_science,data_science
Data Scientist-Direct Hire-6-Month Register,"WHAT IS DATA AND ANALYTICS (DA)-RESEARCH APPLIED ANALYTICS & STATISTICS (RAAS)? A description of the business units can be found at: https://www.jobs.irs.gov/about/who/business-divisions Position(s) are to be filled in the following area(s): DAO DATA AND ANALYTICS Consider each location carefully when applying. If you are selected for a location, that location will become your official post of duty. REVIEW THE ADDITIONAL INFORMATION BELOW FOR FURTHER DETAILS",usajobs,26-12994539M-RAD-1560-14,Internal Revenue Service,Multiple Locations,https://www.usajobs.gov:443/job/874989800,2026-07-01T00:00:00.0000,data scientist,data_science,data_science
"Data Scientist, GS-1560-12, FPL 12, (Direct Hire) Open Continuous","This position is with the Federal Student Aid (FSA), located in Washington, DC. FSA is the Principal Office of the United States Department of Education responsible for awarding billions of dollars in federal student aid funds. Our vision is to be the most trusted and reliable source of student financial aid, information and services in the nation. Our core values include integrity, customer service, excellence, respect, stewardship and teamwork.",usajobs,FSA-2026-0115,Office of Finance and Operations,"Washington, District of Columbia",https://www.usajobs.gov:443/job/874464600,2026-06-26T06:58:31.3600,data scientist,data_science,
Mathematical Statistician (Data Scientist) - Direct Hire,"WHAT IS DATA AND ANALYTICS? A description of the business units can be found at: https://www.jobs.irs.gov/about/who/business-divisions Position(s) are to be filled in the following area(s): DAO- Data and Analytics Office (DAO)-RESEARCH, APPLIED ANALYTICS & STATISTICS (RAAS) Consider each location carefully when applying. If you are selected for a location, that location will become your official post of duty. REVIEW THE ADDITIONAL INFORMATION BELOW FOR FURTHER DETAILS",usajobs,26-12994955M-RAD-1529-11T13,Internal Revenue Service,Multiple Locations,https://www.usajobs.gov:443/job/875823700,2026-07-09T00:00:00.0000,data scientist,data_science,data_science
"Data Scientist, GS-1560-13, FPL 14, (Direct Hire) Open Continuous","This position is with the Federal Student Aid (FSA), located in Washington, DC. FSA is the Principal Office of the United States Department of Education responsible for awarding billions of dollars in federal student aid funds. Our vision is to be the most trusted and reliable source of student financial aid, information and services in the nation. Our core values include integrity, customer service, excellence, respect, stewardship and teamwork.",usajobs,FSA-2026-0113,Office of Finance and Operations,"Washington, District of Columbia",https://www.usajobs.gov:443/job/874464700,2026-06-26T07:00:00.7930,data scientist,data_science,
Senior AI/ML Engineer,"The Senior Artificial Intelligence (AI) / Machine Learning (ML) Engineer serves as the agency's senior technical data scientist providing mission critical analytics to detect and mitigate consumer product hazards. This position is located in the Directorate for Epidemiology (EP), Office of Risk Reduction (EXRR) at the U.S. Consumer Product Safety Commission (CPSC).",usajobs,4300EP-26-20261581103,Consumer Product Safety Commission,"Bethesda, Maryland",https://www.usajobs.gov:443/job/876512800,2026-07-14T16:03:30.2170,data scientist,data_science,data_science
Clinical Laboratory Scientist - Microbiology,"This position is eligible for the Education Debt Reduction Program (EDRP), a student loan payment reimbursement program. You must meet specific eligibility requirements per VHA policy and submit your EDRP application within four months of appointment. Program Approval, award amount up to $200,000 & eligibility period one to five years are determined by the VHA Education Loan Repayment Services program office after review of the EDRP application. Former EDRP participants ineligible to apply.",usajobs,CBTC-13006026-26-PAV,Veterans Health Administration,"West Palm Beach, Florida",https://www.usajobs.gov:443/job/876418900,2026-07-14T11:19:37.2630,data scientist,data_science,
Clinical Laboratory Scientist,"This position is eligible for the Education Debt Reduction Program (EDRP), a student loan payment reimbursement program. You must meet specific individual eligibility requirements in accordance with VHA policy and submit your EDRP application within four months of appointment. Program Approval, award amount (up to $200,000) and eligibility period (one to five years) are determined by the VHA Education Loan Repayment Services program office after complete review of the EDRP application.",usajobs,CBST-13005940-26-ARS,Veterans Health Administration,"Fayetteville, Arkansas",https://www.usajobs.gov:443/job/876417100,2026-07-14T11:41:07.2800,data scientist,data_science,
Clinical Laboratory Scientist,"This position is eligible for the Education Debt Reduction Program (EDRP), a student loan payment reimbursement program. You must meet specific eligibility requirements per VHA policy and submit your EDRP application within four months of appointment. Program Approval, award amount (up to $200,000) & eligibility period (one to five years) are determined by the VHA Education Loan Repayment Services program office after review of the EDRP application. Former EDRP participants ineligible to apply.",usajobs,CBTA-13004964-26-MB,Veterans Health Administration,"Salisbury, North Carolina",https://www.usajobs.gov:443/job/876481500,2026-07-15T00:00:00.0000,data scientist,data_science,
Clinical Laboratory Scientist - Generalist,"This position is eligible for the Education Debt Reduction Program (EDRP), a student loan payment reimbursement program. You must meet specific individual eligibility requirements in accordance with VHA policy and submit your EDRP application within four months of appointment. Program Approval, award amount (up to $200,000) and eligibility period (one to five years) are determined by the VHA Education Loan Repayment Services program office after complete review of the EDRP application.",usajobs,CBSU-12942892-26-GH,Veterans Health Administration,"Grand Junction, Colorado",https://www.usajobs.gov:443/job/866226500,2026-04-22T00:00:00.0000,data scientist,data_science,
CHIEF OF APPLIED BIOEFFECTS AND DIRECTED ENERGY SCIENCES - DIRECT HIRE AUTHORITY,"The Air Force offers qualified applicants opportunities to be hired for certain occupations covered by Direct Hire Authorities (DHA). The use of DHA is a fast-track method of hiring applicants from the public with no prior federal status using a non-traditional method of recruitment. To find additional information on ""What Is DHA"" and to view and/or apply to current DHA opportunities listed on Air Force Civilian Service's ""Direct Hire Job Board"", please click here.",usajobs,AFMC-13005569-KAS-FLYER,Department of the Air Force - Agency Wide,"Fort Sam Houston, Texas",https://www.usajobs.gov:443/job/876321800,2026-07-13T15:09:58.0970,data scientist,data_science,
Biological Science Technician,"This position is located within the United States Department of Agriculture, Agricultural Research Service, Arthropod-Borne Animal Diseases Research Unit, Plains Area, Manhattan, KS. In this position you will be involved in data and code management and analyses that support research on the environmental drivers of arthropod-borne livestock diseases and their vectors across spatial and temporal scales in order to develop innovative and relevant solutions that minimize costs to producers.",usajobs,ARS-S26Y-13003322-AD,Agricultural Research Service,"Manhattan, Kansas",https://www.usajobs.gov:443/job/876061400,2026-07-10T00:00:00.0000,data scientist,data_science,
ENGINEER/SCIENTIST,"This position is part of the Warfare Centers Personnel Demonstration Project. The ND-5 pay band encompasses positions equivalent to GS-14 and GS-15. You will serve as the Portfolio Lead for Long-Range Sensing Science and Technology (S&T) in the Electromagnetic & Sensor Systems Department, Electronic Warfare & Spectrum Operations Division, Advanced Electronic Warfare Prototyping Branch (Code B35) of the Naval Surface Warfare Center Dahlgren Division.",usajobs,ST-13002613-26-BM,Naval Sea Systems Command,"Dahlgren, Virginia",https://www.usajobs.gov:443/job/875787800,2026-07-14T00:00:00.0000,data scientist,data_science,design
SUPV ENGINEER/SCIENTIST or MANAGER,"You will serve as a SUPV ENGINEER/SCIENTIST or MANAGER in the AUXILIARY SYSTEMS & INTEGRATION BR of NAVUNSEAWARCENDIV NEWPORT RI. Salary: ND-4 $101,375 - $156,715 ND-5 $142,452 - $197,200 This position is part of the Warfare Centers Personnel Demonstration Project. The ND-5 pay band encompasses positions equivalent to GS-14 and GS-15 and the ND-4 encompasses GS-12 and GS-13.",usajobs,ST-13007619-26-ZLR,Naval Sea Systems Command,"Naval Base Newport, Rhode Island",https://www.usajobs.gov:443/job/876781600,2026-07-20T00:00:00.0000,data scientist,data_science,
Supervisory Physical Scientist,"The Library of Congress shares its vast collections of books, manuscripts, photographs, maps, audiovisual materials, and priceless artifacts to cultivate curiosity and spark imagination. We engage, inspire, and inform Congress and the American people with a universal and enduring source of knowledge and creativity. We seek highly talented professionals to join a vibrant and collaborative community. Your work here will have lasting impact on the Library and its users well into the future.",usajobs,VAR003373,Library of Congress,"Washington, District of Columbia",https://www.usajobs.gov:443/job/876291300,2026-07-13T13:26:24.4800,data scientist,data_science,
Mathematician,"Click on ""Learn more about this agency"" button below for IMPORTANT additional information. This is a Direct Hire Solicitation. This public notice is to gather applications that may or may not result in a referral or selection.",usajobs,AFPC-STEMDHA-12856511-1520,Department of the Air Force - Agency Wide,Multiple Locations,https://www.usajobs.gov:443/job/852876400,2025-12-22T00:00:00.0000,data scientist,data_science,
Clinical Laboratory Scientist- Generalist,"The pathology and laboratory service is currently recruiting for one (1) Clinical Laboratory Scientist-Generalist in Oklahoma City, OK to join their service line.",usajobs,CBSU-13003267-26-AS,Veterans Health Administration,"Oklahoma City, Oklahoma",https://www.usajobs.gov:443/job/876093800,2026-07-10T11:24:05.1900,data scientist,data_science,business
ENGINEER/SCIENTIST,"You will serve as an ENGINEER/ SCIENTIST in the Global Deterrence & Defense Department (GX), Strategic Microelectronics Division (GXM), Component Engineering Branch (GXMP) of NAVAL SURFACE WARFARE CENTER. The salary range shown above represents all of the positions within the band, including high grade positions. This is not a high-grade position; therefore, the salary may be limited to a GS-14 Step 10 (currently $163,514).",usajobs,ST-12994101-26-NMS,Naval Sea Systems Command,"Crane, Indiana",https://www.usajobs.gov:443/job/875530900,2026-07-08T00:00:00.0000,data scientist,data_science,
MANAGER,"You will serve as a MANAGER in the WEAPONS DEVELOPMENT AND PROTOTYPING DIVISON, RESEARCH AND ENGINEERING DEPARTMENT of NAVSURFWARCEN IH DIV. This position is part of the Warfare Centers Personnel Demonstration Project. The ND-05 pay band encompasses positions equivalent to the GS-14 and GS-15. This position may be eligible for Supervisory Pay Differential of up to four (4) percent.",usajobs,ST-13005837-26-CJW,Naval Sea Systems Command,"Indian Head, Maryland",https://www.usajobs.gov:443/job/876408700,2026-07-15T00:00:00.0000,data scientist,data_science,design
MANAGER,You will serve as a MANAGER in the WEAPONS RESEARCH AND EVALUATION DIVISION of NAVSURFWARCEN IH DIV. This position is part of the Warfare Centers Personnel Demonstration Project. The ND-05 pay band encompasses positions equivalent to the GS-14 and GS-15. This position may be eligible for Supervisory Pay Differential of up to four (4) percent.,usajobs,ST-13006922-26-CJW,Naval Sea Systems Command,"Indian Head, Maryland",https://www.usajobs.gov:443/job/876575800,2026-07-16T00:00:00.0000,data scientist,data_science,
SOFTWARE DEVELOPER,"This is a public notice flyer to notify interested applicants of anticipated vacancies. Applications will not be accepted through this flyer. Interested applicants must follow the directions in the ""How to Apply"" section of this flyer to be considered. There may or may not be actual vacancies filled from this flyer. Notice of Result letters will not be sent to applicants who respond to this flyer.",usajobs,ST-12820154-26-JRT,Naval Sea Systems Command,"Dahlgren, Virginia",https://www.usajobs.gov:443/job/848520700,2025-10-22T00:00:00.0000,data scientist,data_science,
BIOLOGICAL SCIENTIST (ENVIRONMENTAL),"Click on ""Learn more about this agency"" button below for IMPORTANT additional information. The primary purpose of this position is: Under the direct guidance of a higher grade environmental professional, to serve in a developmental capacity in biological science, performing management, execution, and operations for an assigned program element(s). This is a formal Air Force intern position, established under the PALACE Acquire (PAQ) program.",usajobs,D-26-DHA-12802341-KLB,Air Force Civilian Career Training,"Elmendorf AFB, Alaska",https://www.usajobs.gov:443/job/850081600,2025-11-14T07:43:37.0030,data scientist,data_science,
INTERDISCIPLINARY ENGINEER (PROGRAM MANAGER),You will serve as a Program Manager in the AIR WING I&I/EW EFFECTS PRD DIR Next Generation Air Dominance of NAVAIRWARCENWPNDIV POINT MUGU.,usajobs,ST-13002888-26-ALK,Naval Air Systems Command,Multiple Locations,https://www.usajobs.gov:443/job/875817400,2026-07-14T00:00:00.0000,data scientist,data_science,
Clinical Laboratory Scientist (Laboratory Information Manager),"This position is eligible for the Education Debt Reduction Program (EDRP), a student loan payment reimbursement program. You must meet specific individual eligibility requirements in accordance with VHA policy and submit your EDRP application within four months of appointment. Program Approval, award amount (up to $200,000) and eligibility period (one to five years) are determined by the VHA Education Loan Repayment Services program office after complete review of the EDRP application.",usajobs,CBTF-13004632-26-MMP,Veterans Health Administration,"Baltimore, Maryland",https://www.usajobs.gov:443/job/876137200,2026-07-10T13:56:06.9400,data scientist,data_science,
Clinical Lab Scientist,"This position is eligible for the Education Debt Reduction Program (EDRP), a student loan payment reimbursement program. You must meet specific individual eligibility requirements in accordance with VHA policy and submit your EDRP application within four months of appointment. Program Approval, award amount (up to $200,000) and eligibility period (one to five years) are determined by the VHA Education Loan Repayment Services program office after complete review of the EDRP application.",usajobs,CBSR-13007158-26-JS,Veterans Health Administration,"Indianapolis, Indiana",https://www.usajobs.gov:443/job/876697200,2026-07-16T00:00:00.0000,data scientist,data_science,
PROJECT MANAGER,"This is a public notice flyer to notify interested applicants of anticipated vacancies. Applications will NOT be accepted through this flyer. Interested applicants should review the ""How to Apply"" section of this flyer for more information on how to be considered. This flyer will be used as positions become available. There may or may not be actual vacancies filled from this flyer.",usajobs,RLCE2612970428397192DF,U.S. Army Corps of Engineers,"Wilmington, North Carolina",https://www.usajobs.gov:443/job/876868800,2026-07-16T14:04:59.5470,data scientist,data_science,
Lead Clinical Laboratory Scientist,"This position is eligible for the Education Debt Reduction Program (EDRP), a student loan payment reimbursement program. You must meet specific individual eligibility requirements in accordance with VHA policy and submit your EDRP application within four months of appointment. Program Approval, award amount (up to $200,000) and eligibility period (one to five years) are determined by the VHA Education Loan Repayment Services program office after complete review of the EDRP application.",usajobs,CBTD-12999205-26-DD,Veterans Health Administration,"Brockton, Massachusetts",https://www.usajobs.gov:443/job/875882600,2026-07-09T10:29:05.7800,data scientist,data_science,
Clinical Laboratory Scientist,"About the Position: This position is located at 5th Medical Group Minot Air Force Base, in North Dakota. This is a Direct Hire Solicitation",usajobs,HSJW-26-13014260-DHA-R,Military Treatment Facilities under DHA,"Minot, North Dakota",https://www.usajobs.gov:443/job/877116400,2026-07-18T00:00:00.0000,data scientist,data_science,
Supervisory General Engineer/Physical Scientist,"This position is located in the National Oceanic and Atmospheric Administration (NOAA), National Environmental Satellite, Data, and Information Service (NESDIS), Office of Space Weather Observations (SWO), with 1 vacancy in Lanham, MD; Suitland, MD; College Park, MD; Asheville, NC; Boulder, CO; Fort Collins, CO; Madison, WI; Stennis, MS; Silver Spring, MD; Greenbelt, MD; Riverdale Park, MD.",usajobs,NESDIS-26-13006259-DHA,National Oceanic and Atmospheric Administration,Multiple Locations,https://www.usajobs.gov:443/job/876797900,2026-07-17T00:00:00.0000,data scientist,data_science,
Clinical Laboratory Scientist,The VA Northeast Ohio Healthcare System is recruiting for Clinical Laboratory Scientist. The Clinical Laboratory Scientist will function within Pathology & Laboratory Medicine.,usajobs,CBSR-12994756-26-MLB,Veterans Health Administration,"Cleveland, Ohio",https://www.usajobs.gov:443/job/875559300,2026-07-07T00:00:00.0000,data scientist,data_science,business
Computer Scientist,"This vacancy is for a Computer Scientist position in the Associate Director for Decennial Census Programs located at the U.S. Census Bureau Headquarters in Suitland, Maryland. The Census Bureau is accessible from the Metro Rail Green Line - Suitland Station. This Job Opportunity Announcement may be used to fill other Computer Scientist, 1550-13 positions within the Census Bureau in the same geographical location with the same qualifications and specialized experience.",usajobs,26-BOC-12985443-DE-DT,U.S. Census Bureau,"Suitland, Maryland",https://www.usajobs.gov:443/job/875957100,2026-07-09T14:24:51.8400,data scientist,data_science,
PHYSICAL SCIENTIST,"This position is part of the Defense Threat Reduction Agency, Defense Threat Reduction Agency.",usajobs,DTRA-26-13007514-DH,Defense Threat Reduction Agency,"Kirtland AFB, New Mexico",https://www.usajobs.gov:443/job/877068200,2026-07-17T14:40:26.0300,data scientist,data_science,
"Clinical Laboratory Scientist, Evening/Night Generalist","This position is eligible for the Education Debt Reduction Program (EDRP), a student loan payment reimbursement program. You must meet specific eligibility requirements per VHA policy and submit your EDRP application within four months of appointment. Program Approval, award amount (up to $200,000) & eligibility period (one to five years) are determined by the VHA Education Loan Repayment Services program office after review of the EDRP application. Former EDRP participants ineligible to apply.",usajobs,CBSU-12942614-26-BAW,Veterans Health Administration,"Aurora, Colorado",https://www.usajobs.gov:443/job/866112800,2026-04-21T15:59:58.2730,data scientist,data_science,
Clinical Laboratory Scientist,"This position is eligible for the Education Debt Reduction Program (EDRP), a student loan payment reimbursement program. You must meet specific eligibility requirements in accordance with VHA policy and submit your EDRP application within four months of your start date. Approval, award amount (up to $200,000) & eligibility period (one to five years) are determined by the VHA Education Loan Repayment Services program office after complete review of the EDRP application.",usajobs,CBSX-12986534-26-DLA,Veterans Health Administration,"Loma Linda, California",https://www.usajobs.gov:443/job/874683300,2026-06-29T00:00:00.0000,data scientist,data_science,
Clinical Laboratory Scientist,"The Clinical Laboratory Scientist position is in the Pathology and Lab Services at the VA Maine Healthcare System located at the Augusta, ME location. This position consists of Intermittent hours.",usajobs,CBTD-13013844-26-DD,Veterans Health Administration,"Augusta, Maine",https://www.usajobs.gov:443/job/877249000,2026-07-20T14:36:03.6000,data scientist,data_science,
Clinical Laboratory Scientist,"Make a difference where it matters most! Join the Indian Health Service as a Clinical Laboratory Scientist providing vital, life-saving diagnostics to American Indian communities. Advance your career, enjoy competitive benefits, and be part of a mission that transforms lives every day. Apply today! A REAL ID will be required beginning May 7, 2025, in accordance with 6 C.F.R. 37.5 (2021).",usajobs,IHS-26-HQ-12969462-ESEP/MP,Indian Health Service,Multiple Locations,https://www.usajobs.gov:443/job/871896900,2026-06-05T00:00:00.0000,data scientist,data_science,
HOUSING MANAGER,"You will serve as a Housing Manager in the unaccompanied Housing Division of NAVSUPPACT NAPLES, Italy.",usajobs,ST-13004913-26-TJB,"Commander, Navy Installations Command","Naples, Italy",https://www.usajobs.gov:443/job/876257400,2026-07-14T00:00:00.0000,data scientist,data_science,
SUPERVISORY WORK AND FAMILY LIFE SPECIALIST,"You will serve as a SUPERVISORY WORK AND FAMILY LIFE SPECIALIST in the Fleet and Family Support Centers (FFSC) within Commander, Navy Installations Command (CNIC), Fleet and Family Readiness Department (N9), Family Readiness Division (N91), Fleet and Family Support Program (FFSP), Gricignano, Italy.",usajobs,ST-13005098-26-TJB,"Commander, Navy Installations Command","Gricignano, Italy",https://www.usajobs.gov:443/job/876257200,2026-07-14T00:00:00.0000,data scientist,data_science,
Physical Scientist,"This position is located within the Department of the Interior, Bureau of Safety and Environmental Enforcement, Oil Spill Preparedness Division (OSPD), Gulf of America Section. The incumbent will serve as a Preparedness Analyst, physically located in Jefferson, LA.",usajobs,BSEE-EEGG-26-NW-044(DHA),Bureau of Safety and Environmental Enforcement,"Jefferson, Louisiana",https://www.usajobs.gov:443/job/876593000,2026-07-15T10:08:09.3470,data scientist,data_science,
Lead Clinical Laboratory Scientist,"This position is eligible for the Education Debt Reduction Program (EDRP), a student loan payment reimbursement program. You must meet specific eligibility requirements per VHA policy and submit your EDRP application within four months of appointment. Program Approval, award amount (up to $200,000) & eligibility period (one to five years) are determined by the VHA Education Loan Repayment Services program office after review of the EDRP application. Former EDRP participants ineligible to apply.",usajobs,CBTA-13005641-26-MB,Veterans Health Administration,"Salisbury, North Carolina",https://www.usajobs.gov:443/job/876467300,2026-07-15T00:00:00.0000,data scientist,data_science,
Clinical Laboratory Scientist (Ancillary Testing Coordinator),"This position is eligible for the Education Debt Reduction Program (EDRP), a student loan payment reimbursement program. You must meet specific individual eligibility requirements in accordance with VHA policy and submit your EDRP application within four months of appointment. Program Approval, award amount (up to $200,000) and eligibility period (one to five years) are determined by the VHA Education Loan Repayment Services program office after complete review of the EDRP application.",usajobs,CBTD-12936272-26-CC,Veterans Health Administration,"Providence, Rhode Island",https://www.usajobs.gov:443/job/865557400,2026-04-16T15:54:44.6730,data scientist,data_science,
INTERDISCIPLINARY,"About the Position: This position is located in Aberdeen Proving Ground, Maryland. This is a Direct Hire Solicitation Advanced leave accrual may be authorized. Advanced in-hire may be authorized.",usajobs,HQKF-26-13006846-DHA,Defense Health Agency,"Aberdeen Proving Ground, Maryland",https://www.usajobs.gov:443/job/876566300,2026-07-17T00:00:00.0000,data scientist,data_science,
Intermittent Clinical Laboratory Scientist,"This Open Continuous Announcement is for Intermittent Clinical Laboratory Scientist positions at the East Orange VA, part of the New Jersey VA Health Care System. As generalists, selected candidates will rotate through various laboratory sections, perform complex diagnostic testing, validate results, maintain laboratory instruments, and ensure accuracy and quality in patient care.",usajobs,OCA-FY26-INTCLS-0644,Veterans Health Administration,"East Orange, New Jersey",https://www.usajobs.gov:443/job/869368600,2026-05-14T00:00:00.0000,data scientist,data_science,
Computer Scientist,"This vacancy is for a Computer Scientist position in the Associate Director for Decennial Census Programs located at the U.S. Census Bureau Headquarters in Suitland, Maryland. The Census Bureau is accessible from the Metro Rail Green Line - Suitland Station. This Job Opportunity Announcement may be used to fill other Computer Scientist, 1550-7/9/11/12, FPL GG-12 positions within the Census Bureau in the same geographical location with the same qualifications and specialized experience.",usajobs,26-BOC-12985194-DE-DT,U.S. Census Bureau,"Suitland, Maryland",https://www.usajobs.gov:443/job/875958700,2026-07-09T14:22:57.2430,data scientist,data_science,
PREVENTION SPECIALIST,"Click on ""Learn more about this agency"" button below for IMPORTANT additional information. The primary purpose of this position is to serve as Prevention Specialist at an Air or Space Force installation.",usajobs,AFPCDHA-12856120-GS0101,Department of the Air Force - Agency Wide,Multiple Locations,https://www.usajobs.gov:443/job/852814800,2025-12-19T00:00:00.0000,data scientist,data_science,
Physical Scientist,"This position is located in the National Oceanic and Atmospheric Administration (NOAA), National Ocean Service (NOS), Office of Coast Survey (OCS), Center of Excellence, with 1 vacancy in Silver Spring, MD or Durham, NH.",usajobs,NOS-26-13003134-DHA,National Oceanic and Atmospheric Administration,Multiple Locations,https://www.usajobs.gov:443/job/876303500,2026-07-14T00:00:00.0000,data scientist,data_science,
Lead Clinical Lab Scientist,"This is an OPEN CONTINUOUS ANNOUNCEMENT and will remain open until September 17th, 2026 or until all positions are filled. The Oklahoma City VA Health Care System is hiring for one Lead Clinical Lab Scientist for the Oklahoma City VA Medical Center.",usajobs,CBSU-12988730-26-ALA,Veterans Health Administration,"Oklahoma City, Oklahoma",https://www.usajobs.gov:443/job/873602200,2026-06-18T09:45:41.9400,data scientist,data_science,
Interdisciplinary (General Engineer or Physical Scientist),"This position is located within the Department of the Interior, Bureau of Safety and Environmental Enforcement (BSEE), Oil Spill Preparedness Division (OSPD), Response Research Section (RRB) in Sterling, VA OR Leonardo, NJ. Salary range for Sterling, VA is: $85,447 to $187,093 Salary range for Leonardo, NJ is: $88,005 to $192,694",usajobs,BSEE-EEGG-26-NW-034(DH),Bureau of Safety and Environmental Enforcement,Multiple Locations,https://www.usajobs.gov:443/job/875369500,2026-07-06T09:51:55.9730,data scientist,data_science,
Supervisory Clinical Lab Scientist (Laboratory Manager),"This position is eligible for the Education Debt Reduction Program (EDRP), a student loan payment reimbursement program. You must meet specific individual eligibility requirements in accordance with VHA policy and submit your EDRP application within four months of appointment. Program Approval, award amount (up to $200,000) and eligibility period (one to five years) are determined by the VHA Education Loan Repayment Services program office after complete review of the EDRP application.",usajobs,CAYR-13007501-26-AS,Veterans Health Administration,"Bath, New York",https://www.usajobs.gov:443/job/876880400,2026-07-17T00:00:00.0000,data scientist,data_science,
Clinical Lab Scientist (Lab Info Mgr),"This position is eligible for the Education Debt Reduction Program (EDRP), a student loan payment reimbursement program. You must meet specific individual eligibility requirements in accordance with VHA policy and submit your EDRP application within four months of appointment. Program Approval, award amount (up to $200,000), and eligibility period (one to five years) are determined by the VHA Education Loan Repayment Services program office after complete review of the EDRP application.",usajobs,CBTF-13013541-26-CJ,Veterans Health Administration,"Martinsburg, West Virginia",https://www.usajobs.gov:443/job/877237200,2026-07-20T14:01:24.4630,data scientist,data_science,
COMPUTER SCIENTIST - CES Recent Graduate,"The recent graduates program targets individuals who have graduated recently from qualifying educational institutions or programs. To be eligible, applicants must apply within 2 years of degree or certificate completion, except for veterans precluded from doing so due to their military service obligations, who will have up to 6 years after degree or certificate completion. Successful applicants will be placed in a dynamic, career development program.",usajobs,CES-DISA-12999332-26TAH,Defense Information Systems Agency,"Fort Meade, Maryland",https://www.usajobs.gov:443/job/876389900,2026-07-15T00:00:00.0000,data scientist,data_science,
Clinical Laboratory Scientist (Evening Shift),"This position is eligible for the Education Debt Reduction Program (EDRP), a student loan payment reimbursement program. You must meet specific eligibility requirements per VHA policy and submit your EDRP application within four months of appointment. Program Approval, award amount (up to $200,000) & eligibility period (one to five years) are determined by the VHA Education Loan Repayment Services program office after review of the EDRP application. Former EDRP participants ineligible to apply.",usajobs,CBSX-12992821-26-MC,Veterans Health Administration,"Phoenix, Arizona",https://www.usajobs.gov:443/job/874670700,2026-06-29T10:18:43.6930,data scientist,data_science,
Supervisory Clinical Laboratory Scientist (Laboratory Manager),"This position is eligible for the Education Debt Reduction Program (EDRP), a student loan payment reimbursement program. You must meet specific individual eligibility requirements in accordance with VHA policy and submit your EDRP application within four months of appointment. Program Approval, award amount (up to $200,000) and eligibility period (one to five years) are determined by the VHA Education Loan Repayment Services program office after complete review of the EDRP application.",usajobs,CBTF-13003853-26-JH,Veterans Health Administration,"Martinsburg, West Virginia",https://www.usajobs.gov:443/job/876954000,2026-07-17T07:27:31.3830,data scientist,data_science,
Archologist/Biologist/Ecologist/General/Environmental Eng/Physical Scientist/Geologist/Oceanographer,"About the Position: This position can be filled under any of the occupational series advertised, depending on the qualifications of the applicant and needs of the agency. Serves in support of the Regional Regulatory Technical Execution Center. The selectee will be organizationally assigned to the U.S. Army Corps of Engineers, Baltimore District headquarters, Regulatory Branch upon selection.",usajobs,CERD-26-12997796-MP,U.S. Army Corps of Engineers,Multiple Locations,https://www.usajobs.gov:443/job/876755600,2026-07-16T07:48:39.8170,data scientist,data_science,
Data Analyst,"This position is located in the Division of Consumer Response and Operations (DCRO) in the Bureau of Consumer Protection (BCP) at the Federal Trade Commission (FTC) in Washington, D.C. The Bureau of Consumer Protection investigates and litigates civil actions to enforce federal consumer protection laws. For more information visit https://www.ftc.gov/about-ftc.",usajobs,DE-12972366-26-BCP-DCRO,Federal Trade Commission,"Washington, District of Columbia",https://www.usajobs.gov:443/job/875825800,2026-07-09T00:00:00.0000,data analyst,data_science,
Data Analyst,"This position is located in the Architect of the Capitol (AOC) Office of the Chief of Operations, Executive Director, House Office Buildings, Division Director, Facilities Operations Division.",usajobs,HOB-2026-285,Architect of the Capitol,"Washington, District of Columbia",https://www.usajobs.gov:443/job/876196100,2026-07-10T18:22:56.7930,data analyst,data_science,
RESOURCE DATA ANALYST,You will serve as a RESOURCE DATA ANALYST in the Production Resources Department (Code 900) of NORFOLK NAVAL SHIPYARD.,usajobs,ST-12997656-26-RKS,United States Fleet Forces Command,"Naval Shipyard, Portsmouth, Virginia",https://www.usajobs.gov:443/job/876243600,2026-07-13T09:59:49.5830,data analyst,data_science,
Market Data Analyst,"The Division of Data (DoD) is headed by the Chief Data Officer and serves as the leading authority on developing, implementing, and operating the Commission's data strategies. The Division is comprised of the Data Operations and Standards Branch (DOSB) and the Enterprise Data Analytics (EDA) section. This position is in the Market Data Operations Section within the Data Operations& Standards Branch.",usajobs,CFTC-DOD-2026-0010,Commodity Futures Trading Commission,Multiple Locations,https://www.usajobs.gov:443/job/877222000,2026-07-20T13:03:32.4070,data analyst,data_science,
Data Analyst (Hiring Event),"Data Analysts combine mission and business analytics knowledge and a consultative approach to prepare reports, briefings, and communicate recommendations to enable stakeholder decision making. Data analysts identify, collect, structure, and evaluate data from various sources to meet analytic needs and prepare data for analysis using a range of data and visualization tools in alignment with data go",usajobs,20260252,National Geospatial-Intelligence Agency,"Springfield, Virginia",https://www.usajobs.gov:443/job/876225700,2026-07-13T08:20:17.5400,data analyst,data_science,
Data Analyst (HR Analytics) (Hiring Event),"Data Analysts combine mission and business analytics knowledge and a consultative approach to prepare reports, briefings, and communicate recommendations to enable stakeholder decision making. Data analysts identify, collect, structure, and evaluate data from various sources to meet analytic needs and prepare data for analysis using a range of data and visualization tools in alignment with data go",usajobs,20260239,National Geospatial-Intelligence Agency,"Springfield, Virginia",https://www.usajobs.gov:443/job/876033600,2026-07-13T00:00:00.0000,data analyst,data_science,
PERFORMANCE AND SPORT DATA ANALYST,"This is a public notice flyer to notify interested applicants of anticipated vacancies. Applications will not be accepted through this flyer. Interested applicants must follow the directions in the ""How to Apply"" section of this flyer to be considered. There may or may not be actual vacancies filled from this flyer. Notice of Result letters will not be sent to applicants who respond to this flyer.",usajobs,DE-13004877-26-KLG,U.S. Marine Corps,"Cherry Point, North Carolina",https://www.usajobs.gov:443/job/876456200,2026-07-15T00:00:00.0000,data analyst,data_science,
PROGRAM ANALYST-PMA-231 CONFIGURATION/DATA MANAGER,"YOU WILL SERVE AS THE PMA-231 CONFIGURATION/DATA MANAGER IN THE SYSTEMS ACQUISITION GROUP, PROGRAM MANAGEMENT DEPARTMENT, TACTICAL AIR SYSTEMS DIVISION, PEO(T), PMA-231 SUPPORT BRANCH OF NAVAIRWARCENAC DIV. Work efforts are generally accomplished in a decentralized manner in the offices of the program managers, acquisition managers, functional managers, commodity managers, weapon system managers, and other functional acquisition offices at NAVAIR Headquarters and its field activities.",usajobs,ST-13003879-26-LR,Naval Air Systems Command,"Patuxent River, Maryland",https://www.usajobs.gov:443/job/876715600,2026-07-17T06:35:49.0500,data analyst,data_science,
SUPERVISORY FINANCIAL MANAGEMENT ANALYST (DATA ANALYTICS),"This job announcement uses the USA Hire Assessment to evaluate applicants. For more information, visit USA Hire Assessment.",usajobs,ML-13002829-26,Defense Finance and Accounting Service,Multiple Locations,https://www.usajobs.gov:443/job/876794800,2026-07-16T10:25:37.9770,data analyst,data_science,
Supervisory Management & Program Analyst (Data Strategy & Integration),"This position is located in the Washington Headquarters Services (WHS), Facilities Services Directorate (FSD), Integrated Technology Division (ITD). The incumbent will be responsible for delivering comprehensive Information Technology (IT) services-including business applications, artificial intelligence (Al) integration, commercial cloud support, facilities and building records, data analytics, and cybersecurity-to advance the effectiveness of FSD functions.",usajobs,DHA-13000992-26-DDJ,Washington Headquarters Services,"Pentagon, Arlington, Virginia",https://www.usajobs.gov:443/job/876288600,2026-07-14T00:00:00.0000,data analyst,data_science,data_science
Supervisory Management Analyst,"This position is located at Office of the Inspector General for Tax Admin,Office of Data Analytics. As a Supervisory Management Analyst, you will serve as a supervisory employee, under the supervision of a Director, responsible for the administrative and technical products of the team.",usajobs,26-TIGTA-13004368,Office of the Inspector General for Tax Administration,Multiple Locations,https://www.usajobs.gov:443/job/876475700,2026-07-15T00:00:00.0000,data analyst,data_science,
Dealer Risk Management Analyst,"Are you passionate about financial markets, data analysis, and protecting investors? The Risk Supervised Broker-Dealer Program (RSBD) in the Division of Trading and Markets (TM) is looking for a motivated and detail-oriented early-career Financial Analyst (Dealer Risk Management Analyst) to join our team. This is your opportunity to build a meaningful career at one of the most respected financial regulatory agencies in the world.",usajobs,26-DE-13006184-SMP,Securities and Exchange Commission,Multiple Locations,https://www.usajobs.gov:443/job/876785400,2026-07-16T09:57:40.9930,data analyst,data_science,data_science
Program Analyst,"This position is located in the Veteran Benefits Administration (VBA) Office of Performance Analysis and Integrity (PA&I). The Advanced Analytics Staff's mission is to provide analytical services, statistical analysis, and data products that support VBA's delivery of high-quality, timely benefits and services. The program analyst will specialize in statistical analysis for workload forecasting or evidence-based evaluation and perform data extractions to develop analytical datasets.",usajobs,101-PAI-13003345-27-JR-NBU,Veterans Benefits Administration,"Washington, District of Columbia",https://www.usajobs.gov:443/job/876840400,2026-07-16T12:39:18.3100,data analyst,data_science,business
Supervisory Budget Analyst,"The position is at the full performance level and is in the Department of Veterans Affairs in the Finance Service line. The primary purpose of the Supervisory Budget Analyst is to manage the formulation, preparation, justification, and execution of the budget. The incumbent serves as the subject-matter expert for matters relating to the budget process, fund control point management, funds analysis, data trending, costing of transactions, financial reporting, and generation of salary projections.",usajobs,CBSX-13004746-26-JL,Veterans Health Administration,"San Diego, California",https://www.usajobs.gov:443/job/876336800,2026-07-13T16:14:47.5770,data analyst,data_science,
Program Analyst,"The Program Analyst is aligned under the Managerial Cost Accounting (MCA) Site Manager for the site(s) either in Vancouver, WA or Rosburg, OR. Applicant will be a member of the MCA Site team responsible for the maintenance of Decision Support System (DSS) database for the site(s). MCA is an executive information program that directly impacts patient management by providing data on patterns of care and patient outcomes to VA clinical and administrative managers.",usajobs,CBSV-13004421-26-SW,Veterans Health Administration,Multiple Locations,https://www.usajobs.gov:443/job/876583000,2026-07-15T09:32:03.3470,data analyst,data_science,
Investigative Analyst,"These positions are available throughout various USMS Districts in the Continental US (CONUS). The selectee of this position serves as an Investigative Analyst. You will be responsible for collecting and analyzing a variety of intelligence data, and processing, tracking and inputting warrants into the National Crime Information Center (NCIC) database. Duty location will be determined at the time of selection. Pay will be determined based on duty location.",usajobs,ST-12930910-26-DH,U.S. Marshals Service,Multiple Locations,https://www.usajobs.gov:443/job/864975100,2026-04-14T00:00:00.0000,data analyst,data_science,
MANAGEMENT ANALYST (TITLE 5),"THIS IS A NATIONAL GUARD TITLE 5 ?EXCEPTED SERVICE POSITION. This National Guard position is for a MANAGEMENT ANALYST (TITLE 5), Position Description Number T5645000 and is part of the FL 125th FW, National Guard.",usajobs,FL-12999670-AF-T5-26-731,Air National Guard Units,"Jacksonville, Florida",https://www.usajobs.gov:443/job/875851800,2026-07-09T08:55:00.0800,data analyst,data_science,
Operations Research Analyst (Recent Grad),"This position is part of the Bonneville Power Administration, Department of Energy (BPA). Power Student Development (PD) organization within Power Services (P). As a Operations Research Analyst (Recent Grad), you will serve as an operations research analyst responsible for planning, coordinating, and executing studies of marked difficulty and responsibility in support of the functions of the organization.",usajobs,26-BPA-51510-13000574-RG,Bonneville Power Administration,"Portland, Oregon",https://www.usajobs.gov:443/job/876412200,2026-07-14T10:50:10.5430,data analyst,data_science,
Budget Analyst,"View Common Definitions of terms found in this announcement. Organizational Location: These positions are located in the Department of Homeland Security, U.S. Immigration and Customs Enforcement, in Washington, District of Columbia. These non-bargaining unit positions. Note: One or more positions may be filled using this vacancy announcement. Applying to this announcement certifies that you give permission for DHS to share your application with others in DHS for similar positions.",usajobs,DHA-CFO-12997884-2026-CLM,Immigration and Customs Enforcement,"Washington, District of Columbia",https://www.usajobs.gov:443/job/876844300,2026-07-17T00:00:00.0000,data analyst,data_science,
PREVENTION ANALYST-DIRECT HIRE AUTHORITY,"Click on ""Learn more about this agency"" button below to view Eligibilities being considered and other IMPORTANT information. The primary purpose of this position is to serve as the Prevention Analyst at an Air Force/Space Force installation. Under the direction of the Integrated Prevention Chief, the Prevention Analyst leads collection, analysis, interpretation, and visual implementation of data for the installation Integrated Resilience Office.",usajobs,AFMC-010103-12943084-MCP,Air Force Materiel Command,"Wright-Patterson AFB, Ohio",https://www.usajobs.gov:443/job/866082700,2026-04-21T14:31:59.2400,data analyst,data_science,
Management and Program Analyst,"This position is located in the Office of Finance, Budget, and Acquisitions which is responsible for providing executive direction, leadership, coordination, and guidance for the overall day-to-day administrative operations to ensure the timely and effective implementation and high quality delivery of services across the Food and Drug Administration, its Directorates, and Centers.",usajobs,FDA-OO-26-IMP-13007014-DL,Food and Drug Administration,"Silver Spring, Maryland",https://www.usajobs.gov:443/job/876892100,2026-07-17T00:00:00.0000,data analyst,data_science,business
Financial Analyst (Early Career - Finance),"As a Financial Analyst, Financial Technician, or early-career professional in a similar role, you contribute to financial management work that helps agencies plan, track, analyze, and manage resources. Your work may include financial planning and analysis, budget support, financial data review, ensuring compliance, reporting, customer service, and process improvements.",usajobs,CGA-DHA-12950509-26-CL,Office of Personnel Management,Location Negotiable After Selection,https://www.usajobs.gov:443/job/871949900,2026-06-05T00:00:00.0000,data analyst,data_science,cybersecurity
Geospatial Analyst (Hiring Event),"Geospatial Analysts create, analyze, and interpret spatial data to support U.S. military and policymaker interests. They apply knowledge of geographic information science and technology, statistics, spatial thinking, remote sensing, intelligence issues, and the social and physical sciences to characterize events, discover relationships and trends, and produce geospatial intelligence. These analyst",usajobs,20260223,National Geospatial-Intelligence Agency,"Springfield, Virginia",https://www.usajobs.gov:443/job/876033400,2026-07-13T00:00:00.0000,data analyst,data_science,data_science
Veterinary Medical Officer (Strategic Planning Analyst),"The Strategic Planning Analyst serves as a Veterinary Medical Officer and technical authority integrating veterinary medicine, animal welfare science, and advanced data analytics to strengthen regulatory oversight, including compliance assurance, enforcement effectiveness, emergency response outcomes, and program performance. The position is located in the Office of the Deputy Administrator of Animal Care (AC).",usajobs,DH-13007017-26-ACH,Animal and Plant Health Inspection Service,Multiple Locations,https://www.usajobs.gov:443/job/876638100,2026-07-16T00:00:00.0000,data analyst,data_science,cybersecurity
Supervisory Management & Program Analyst (AMO),"This position is in Veterans Benefits Administration, in Education Service (EDU). EDU has department-wide responsibility administering VA's education programs that provide education and training benefits to eligible Active Duty, National Guard, and Reserve Servicemembers, Veterans, and dependents. EDU assists to cover the cost of furthering education and skills through benefits for tuition, housing, training, and other expenses related to education.",usajobs,101-EDU-13007389-26-LC-NBU,Veterans Benefits Administration,Multiple Locations,https://www.usajobs.gov:443/job/876699700,2026-07-17T09:55:06.7400,data analyst,data_science,
Program Analyst (Core HCM Product Manager),"As a Program Analyst with the U.S. Office of Personnel Management, Human Resources Solutions, Workforce Standards and Data Center, Core HCM Program, you will lead product management activities for a government-wide human capital management platform by developing product strategy, managing product roadmaps and backlogs, conducting user research, and collaborating with stakeholders to deliver technology solutions that support Federal agencies.",usajobs,26-ELS-13006229-ST,Office of Personnel Management,Multiple Locations,https://www.usajobs.gov:443/job/876952900,2026-07-17T07:22:11.2330,data analyst,data_science,business
OPERATIONS RESEARCH ANALYST-DIRECT HIRE AUTHORITY,"Click on ""Learn more about this agency"" button below to view Eligibilities being considered and other IMPORTANT information. The primary purpose of this position is to serve as an Operations Research Analyst performing professional and scientific work requiring systematic, critical, intensive investigation into a subject in order to develop the principles, criteria, methods, and data to be used in support of projects or problem solving studies.",usajobs,AFMC-151503-12974747-LRN,Air Force Materiel Command,"Wright-Patterson AFB, Ohio",https://www.usajobs.gov:443/job/871229900,2026-06-01T00:00:00.0000,data analyst,data_science,
IT SPECIALIST (SYSADMIN),"THIS IS A NATIONAL GUARD TITLE 32 EXCEPTED SERVICE POSITION. This National Guard position is for a IT SPECIALIST (SYSADMIN), Position Description Number D1650P01 and is part of the KS 184 Wing, Kansas Air National Guard.",usajobs,KS-13002862-AF-26-172,Air National Guard Units,"McConnell AFB, Kansas",https://www.usajobs.gov:443/job/876289800,2026-07-13T13:09:50.8530,data analyst,data_science,
Trade and Industry Analyst,"This vacancy is for a Trade and Industry Analyst in the Foreign Technology Analysis Division (FTA), Office of Technology Evaluation (OTE), Office of the Assistant Secretary for Export Administration (EA), Bureau of Industry and Security (BIS) within the Department of Commerce.",usajobs,BIS-OASEA-DHA-26-13007806,Bureau of Industry and Security,"Washington, District of Columbia",https://www.usajobs.gov:443/job/876841800,2026-07-16T12:44:32.7600,data analyst,data_science,
County Executive Director,"This is a County Executive Director position, located in Sweetwater County Farm Service Agency in Rock Springs, Wyoming. This is a shared management operation with Uinta County in Lyman, Wyoming. Travel will be required. This position is employed by the local Farm Service Agency (FSA) committee(s).",usajobs,FSACO-13007997-26-WY-HA,Farm Service Agency,"Rock Springs, Wyoming",https://www.usajobs.gov:443/job/876815900,2026-07-17T00:00:00.0000,data analyst,data_science,
Senior Aviation Accident Analyst,"This position is located in the Office of Aviation Safety, Regional Offices. Offices include Headquarters (HQ) in Washington, DC, Western Pacific Regional (WPR) in Federal Way, WA, and Alaska Regional (ARC) in Anchorage, Alaska. Senior Aviation Accident Analyst review and ensure that all aviation accident investigation briefs submitted for public release are in compliance with most current policy and standard operating procedures for content and quality.",usajobs,AS-12998957-26-SL,National Transportation Safety Board,Multiple Locations,https://www.usajobs.gov:443/job/875685500,2026-07-08T10:25:18.5730,data analyst,data_science,cybersecurity
PROGRAM ANALYST -Title 32,"This National Guard position is for a PROGRAM ANALYST -Title 32, Position Description Number D1038000 and is part of the WI JFHQ G3, Wisconsin Army National Guard.",usajobs,WI-13005818-Army-26-288,Army National Guard Units,"Madison, Wisconsin",https://www.usajobs.gov:443/job/876577500,2026-07-15T09:38:48.6630,data analyst,data_science,
Program Analyst,"This position is with the U. S. Department of Labor, Occupational Safety and Health Administration (OSHA) within the Directorate of Cooperative and State Programs (DCSP), located in Washington, D.C. This position is at the full performance level. This position is inside the bargaining unit. This position is NOT remote. Selectee will be expected to report to the office listed above.",usajobs,MS-26-BOS-OSHA-13000163-JSE,Occupational Safety and Health Administration,"Washington, District of Columbia",https://www.usajobs.gov:443/job/876311500,2026-07-14T00:00:00.0000,data analyst,data_science,
Management Analyst (Metrics and Workforce Management Analyst),Reemployed annuitant: This vacancy does not meet the criteria for appointment of annuitants.,usajobs,DCAA-26-HQ-13004334,Defense Contract Audit Agency,Multiple Locations,https://www.usajobs.gov:443/job/876573400,2026-07-15T08:59:12.4700,data analyst,data_science,
Agriculturist,"You will serve as an Agriculturist supporting the analysis of the New World Screwworm (NWS) outbreak and response. You will provide senior-level guidance on the impact of different response strategies by analyzing case, environmental, and operational data.",usajobs,MP-13010576-26-OAH,Animal and Plant Health Inspection Service,Location Negotiable After Selection,https://www.usajobs.gov:443/job/876958500,2026-07-17T07:54:53.4270,data analyst,data_science,
INTERDISCIPLINARY GENERAL ENGINEER/OPERATIONS RESEARCH ANALYST,"This is a public notice flyer to notify interested applicants of anticipated vacancies through the Certain Personnel/Modified Direct Hiring Authority. Applications will not be accepted through this flyer. Interested applicants must follow the directions in the ""How to Apply"" section of this flyer to be considered. There may or may not be actual vacancies filled from this flyer. Notice of Result letters will not be sent to applicants who respond to this flyer.",usajobs,DE-12933161-26-TDB,Immediate Office of the Chief of Naval Operations,"Naval Base, Norfolk, Virginia",https://www.usajobs.gov:443/job/865002200,2026-04-14T00:00:00.0000,data analyst,data_science,
Supervisory Program Analyst - Health Care Contract Management,"This Supervisory Program Analyst position will serve as a Regional Officer within their respective business line for the Contracts Management (CM) Directorate of Integrated External Networks (IEN), providing the full range of technical and administrative supervision in directing a contract administration branch. This position can be located in either Lakewood, CO or Washington, DC.",usajobs,CARZ-13007795-26-BWS,Veterans Health Administration,Multiple Locations,https://www.usajobs.gov:443/job/876754000,2026-07-16T07:35:40.6970,data analyst,data_science,
Management and Program Analyst,"This position is located in the National Oceanic and Atmospheric Administration (NOAA), National Environmental Satellite, Data, and Information Service (NESDIS), Office of the Chief Financial Officer/Chief Administrative Officer (CFO/CAO), Mission Support Branch (MSB), with 1 vacancy in Boulder, CO; Fort Collins, CO; College Park, MD; Greenbelt, MD; Lanham, MD; Riverdale, MD; Silver Spring, MD; Suitland, MD; Stennis Space Center, MS; Asheville, NC; or Madison, WI.",usajobs,NESDIS-26-13003123-ST,National Oceanic and Atmospheric Administration,Multiple Locations,https://www.usajobs.gov:443/job/876298300,2026-07-14T00:00:00.0000,data analyst,data_science,
Public Health Analyst,"This position is located in the Department of Health & Human Services (HHS), Centers for Medicare & Medicaid Services (CMS), Center for Medicare (CM). As a Public Health Analyst, GS-0685-13, you will serve as an analyst, evaluating complex public health programs and policies, providing strategic analysis and recommendations to leadership, and supporting improvements to public health operations, products, services, and programs.",usajobs,CMS-CM-26-13002001-ST,Centers for Medicare & Medicaid Services,Multiple Locations,https://www.usajobs.gov:443/job/876426800,2026-07-15T00:00:00.0000,data analyst,data_science,business
Public Utilities Specialist (Settlement Analyst),"This position is located in the Transmission EIM Settlements (TSRE) organization in Commercial System Management group (TSR), Transmission Marketing and Sales (TS), Transmission Services (T), A successful candidate in the Public Utilities Specialist position will serve as a Settlements Analyst performing work to validate settlement values and construct shadow settlements, including managing disputes with either the California Independent System Operator (CAISO) or with BPA customers.",usajobs,26-BPA-52040-1-13006900-DE,Bonneville Power Administration,"Vancouver, Washington",https://www.usajobs.gov:443/job/876518100,2026-07-15T00:00:00.0000,data analyst,data_science,
SUPPLY SYSTEM ANALYST,"You will serve as a SUPPLY SYSTEM ANALYST in the Strategic Analysis Division (Code 510.2), Compliance and Strategic Analysis Division (Code 510), Supply Department (Code 500) of NORFOLK NAVAL SHIPYARD.",usajobs,ST-12993998-26-MLH,United States Fleet Forces Command,"Naval Shipyard, Portsmouth, Virginia",https://www.usajobs.gov:443/job/875682200,2026-07-09T00:00:00.0000,data analyst,data_science,cybersecurity
ADMINISTRATIVE/TECHNICAL SPECIALIST,"You will serve as an ADMINISTRATIVE/TECHNICAL SPECIALIST in the FINANCIAL MANAGEMENT BRANCH, BUSINESS OPERATIONS DIVISION, SENSORS WEAPONS AND LAUNCHERS DEPARTMENT of NAVAL SURFACE WARFARE CENTER PORT HUENEME DIVISION.",usajobs,ST-13003415-26-CJW,Naval Sea Systems Command,"Port Hueneme, California",https://www.usajobs.gov:443/job/876489200,2026-07-15T00:00:00.0000,data analyst,data_science,
Program Analyst,"About the Position: Serves as Program Analyst within Directorate of Public Works (DPW) with the responsibility for a variety of functions such as developing operating plans, coordinating funds and work authorizations; analyzing work progress; performing evaluative analyses of program objectives, policies, work operations, and progress; and providing technical guidance, recommendations, and information to Engineering personnel concerning business procedures and policies.",usajobs,IPA1-26-13007326 - MP,United States Army Installation Management Command,"Fort Wainwright, Alaska",https://www.usajobs.gov:443/job/876543400,2026-07-16T00:00:00.0000,data analyst,data_science,
Operations Research Analyst,"This is a Direct Hire Authority (DHA) solicitation utilizing the DHA for Certain Personnel of the DoD Workforce to recruit and appoint qualified candidates to positions in the competitive service. About the Position: Serve on a team of highly skilled and motivated professionals, and conduct strategic transportation/logistical analysis for senior Department of War (DoW) stakeholders using advanced modeling, simulation, and analytical tools.",usajobs,MCGT-26-12998806-DHA,ARMY TRANSPORTATION,"Scott AFB, Illinois",https://www.usajobs.gov:443/job/876694700,2026-07-16T10:59:51.9130,data analyst,data_science,
Program Analyst (Operations and Rotation Specialist),"This position is located in the Small Business Administration, Damage Verification Center (DVC).The incumbent supports the execution of SBA damage verification operations during disaster declarations and rotational assignments working in collaboration with Damage Verification Center Production Managers (PMs), administrative support staff and Field Centers to coordinate field activities and travel.",usajobs,DE-26- DVC-13005091,Small Business Administration,Multiple Locations,https://www.usajobs.gov:443/job/876793600,2026-07-16T10:23:23.2900,data analyst,data_science,
Program Analyst (Informatics),"This position is a full performance, non-supervisory role in the Veterans Health Administration (VHA), dedicated to advancing the quality, efficiency, and effectiveness of health care by implementing new technologies. The incumbent collaborates to integrate clinical and information processes systemwide within VHA. The role requires expertise or training in health science, allied scientific fields, or health informatics.",usajobs,CARX-13002138-26-DMW,Veterans Health Administration,"Ann Arbor, Michigan",https://www.usajobs.gov:443/job/875896800,2026-07-09T11:05:17.5030,data analyst,data_science,
Recent Graduate - Program Analyst,"For more information, click Pathways Programs, State Apprenticeship Programs, Other Apprenticeship Programs or Career One Stop. This is an appointment under the DOL Recent Graduates program. The program duration is one year. Upon successful completion of the program and at the agency's discretion, the appointee may be converted to a term or permanent position in the competitive service. This position is not remote. Selectee must report in person to the office in Washington, D.C.",usajobs,PW-26-BOS-OSHA-13007589-JSE,Occupational Safety and Health Administration,"Washington, District of Columbia",https://www.usajobs.gov:443/job/876660800,2026-07-20T00:00:00.0000,data analyst,data_science,
Senior Financial Analyst,"This position is located in Division of Decommissioning, Closure, Analysis, and Financial Oversight. This job opportunity announcement may be used to fill additional vacancies within the agency. The supervisor is Fred Miller. This position is subject to Confidential Financial Disclosure reporting requirements. This position is subject to security ownership restriction reporting requirements.",usajobs,IMP-13001098-26-TC,Nuclear Regulatory Commission,"Rockville, Maryland",https://www.usajobs.gov:443/job/875858100,2026-07-09T09:19:36.5030,data analyst,data_science,
Program Analyst,"This developmental position, located within the Specialty Care Service at the Veterans Health Care System of the Ozarks is a career ladder structure to the full performance level of, GS-0343-09. The primary purpose of this position is to evaluate documentation and metrics of specialty care services for the 110 providers within the service and to act as a primary GS-9 and backup GS-07 Contract Officer Representative for several of the Specialty Care contracts within the Service and Facility.",usajobs,CBST-13000091-26-TC,Veterans Health Administration,"Fayetteville, Arkansas",https://www.usajobs.gov:443/job/875407900,2026-07-08T00:00:00.0000,data analyst,data_science,
Interdisciplinary General Engineer/Operations Research Analyst,"This position is part of the Department of Defense (DoD), Missile Defense Agency (MDA). The incumbent will be responsible for serving as a Interdisciplinary General Engineer/ Operations Research Analyst for Directorate for Test. Salary Ranges are the following unless statutory/regulatory rates prevail. For Schriever AFB, CO Location: $91,870 to $142,022 (includes 20.15% locality)",usajobs,MDA-26-13001921-DH,Missile Defense Agency,"Colorado Springs, Colorado",https://www.usajobs.gov:443/job/875939700,2026-07-09T00:00:00.0000,data analyst,data_science,
Management Analyst,"""The Federal Law Enforcement Training Centers (FLETC), through strategic partnerships, prepares the federal law enforcement community to safeguard America's people, property, and institutions."" We are a unique inter-agency organization preparing the next generation of law enforcement officers to meet our Nation's most pressing security challenges."" Click here to learn more. A recruitment or relocation incentive may be authorized.",usajobs,FLETC-MRSD-26-13004849,Federal Law Enforcement Training Centers,"Glynco, Georgia",https://www.usajobs.gov:443/job/876284200,2026-07-15T00:00:00.0000,data analyst,data_science,
Senior Program Evaluation and Risk Analyst (CTAP Eligibles Only),?????? WHAT IS ENTERPRISE RISK MANAGEMENT? A description of the business units can be found at: https://www.jobs.irs.gov/about/who/business-divisions REVIEW THE ADDITIONAL INFORMATION BELOW FOR FURTHER DETAILS,usajobs,26-13014784B-RCN-0301-14,Internal Revenue Service,"Washington, District of Columbia",https://www.usajobs.gov:443/job/877252600,2026-07-20T14:47:06.1100,data analyst,data_science,
"Management & Program Analyst, GS-0343-09, FPL 12, (Direct Hire) Open- Continuous","This position is located in Federal Student Aid (FSA). FSA is a Principal Office of the United States Department of Education responsible for awarding billions of dollars in federal student aid funds. Our vision is to be the most trusted and reliable source of student financial aid, information, and services in the nation. Our core values include integrity, customer service, excellence, respect, stewardship, and teamwork.",usajobs,FSA-2026-0110,Federal Student Aid,Multiple Locations,https://www.usajobs.gov:443/job/873843000,2026-06-22T00:00:00.0000,data analyst,data_science,
Supervisory Social Science Analyst,"This position is located in the Department of Health and Human Services, Assistant Secretary for Planning and Evaluation, headquartered in Washington, District of Columbia This announcement will close at 11:59 PM, on the day that 50 applications have been received or on the closing date, whichever is first..",usajobs,HHS-ASPE-MP-26-12994713,Office of the Secretary of Health and Human Services,"Washington, District of Columbia",https://www.usajobs.gov:443/job/876365800,2026-07-16T00:00:00.0000,data analyst,data_science,
Logistics Management Specialist,See below for important information regarding this job.,usajobs,DLAEnergy-26-13007957-MP,Defense Logistics Agency,"Fort Belvoir, Virginia",https://www.usajobs.gov:443/job/876761300,2026-07-16T08:29:26.6000,data analyst,data_science,
OPERATIONS RESEARCH ANALYST,"The PALACE Acquire Program offers you a permanent position upon completion of your formal training plan. As a Palace Acquire Intern you will experience both personal and professional growth while dealing effectively and ethically with change, complexity, and problem solving. The program offers a 3-year formal training plan with yearly salary increases. Promotions and salary increases are based upon your successful performance and supervisory approval.",usajobs,K-26-DHA-12806468-GAA,Air Force Civilian Career Training,Multiple Locations,https://www.usajobs.gov:443/job/846734800,2025-09-29T00:00:00.0000,data analyst,data_science,
Budget Analyst,"This position serves as a Budget Analyst in the Justice Management Division, Budget Staff, Legal Activities Group or Law Enforcement and Corrections Group located in Washington, DC. The Budget Staff has principal departmental responsibility for the development and execution of Department-wide program budget operations; planning of program budget review efforts throughout the Department, performance and efficiency; and Department-wide fund controls.",usajobs,JMD-BS-26-13007519-DE,"Offices, Boards and Divisions","Washington, District of Columbia",https://www.usajobs.gov:443/job/876969300,2026-07-20T00:00:00.0000,data analyst,data_science,
BUDGET ANALYST,"This position is part of the Air Force Elements, U.S. Transportation Command, Transportation Command.",usajobs,USTC-26-13001085-DH,"Air Force Elements, U.S. Transportation Command","Scott AFB, Illinois",https://www.usajobs.gov:443/job/875666400,2026-07-08T08:58:35.9300,data analyst,data_science,
Budget Analyst,"The Department of Energy (DOE), Office of Inspector General is currently looking for a Budget Analyst in the Budget and Contracting Division. Join our professional team of auditors, criminal investigators, and inspectors who help support DOE's mission through performance and financial audits, inspections of management issues and administrative allegations, and investigations into alleged violations of law.",usajobs,26-IG-13003488-MP-LO,Department of Energy - Agency Wide,"Richland, Washington",https://www.usajobs.gov:443/job/877109900,2026-07-20T00:00:00.0000,data analyst,data_science,
Program Analyst,"This position is located at the Fort Custer National Cemetery in Augusta, Michigan.",usajobs,RP-26-AB-13006508-909,National Cemetery Administration,"Augusta, Michigan",https://www.usajobs.gov:443/job/876424700,2026-07-14T11:45:09.8970,data analyst,data_science,
Supervisory Program Analyst,"The Supervisory Program Analyst position is at the Loma Linda VA Medical Center in the Health Administration Service (HAS). The primary purpose is to serve as the VA Loma Linda Compliance and Patient Scheduling Access Manager and is responsible for complete oversight and guidance of all clinical administrative services regarding planning, implementation and continued maintenance of the VHA compliance and directives for patient access to healthcare.",usajobs,CBSX-13002557-26-AP,Veterans Health Administration,"Loma Linda, California",https://www.usajobs.gov:443/job/875971200,2026-07-11T00:00:00.0000,data analyst,data_science,cybersecurity
Supervisory Program Analyst (AM&E),This position is part of the Defense Security Cooperation Agency.,usajobs,DSCA-26-13005399-MP,Defense Security Cooperation Agency,"Arlington, Virginia",https://www.usajobs.gov:443/job/876642300,2026-07-15T12:42:57.5500,data analyst,data_science,
Supervisory Project Analyst,"WHAT IS DATA AND ANALYTICS? A description of the business units can be found at: https://www.jobs.irs.gov/about/who/business-divisions Position(s) are to be filled in following area(s): DAO - Statistics of Income This job (or announcement) is open to current permanent IRS competitive service employees in Research, Applied Analytics, and Statistics business units. REVIEW THE ADDITIONAL INFORMATION BELOW FOR FURTHER DETAILS",usajobs,26-13002022M-RAM-0301-1,Internal Revenue Service,Multiple Locations,https://www.usajobs.gov:443/job/876610400,2026-07-16T00:00:00.0000,data analyst,data_science,data_science
Management and Program Analyst,"This position is located in the Department of Health and Human Services, Health Resources and Services Administration, headquartered in Rockville, Maryland. This announcement will close at 11:59 PM, on the day that 100 applications have been received or the closing date of the announcement, whichever comes first.",usajobs,HHS-HRSA-IMP-26-12979807,Health Resources and Services Administration,"Rockville, Maryland",https://www.usajobs.gov:443/job/876770500,2026-07-20T13:56:41.8000,data analyst,data_science,
Administrative Officer,"The Administrative Officer provides direct staff support to the top management team responsible for planning, organization, development, direction and evaluation of Business Office Service at Southern Oregon Rehabilitation Center & Clinics (VA SORCC); including full staff assistance in administrative matters relating to patient concerns, budgets, staff scheduling, data management, space utilization and management, and operations.",usajobs,CBSV-13005566-26-AB,Veterans Health Administration,"White City, Oregon",https://www.usajobs.gov:443/job/877214400,2026-07-20T12:33:57.0200,data analyst,data_science,
"Management and Program Analyst (Legislative Strategy, Development & Implementation)","This position is in Education Service (EDU). The program encompasses department-wide responsibility for activities relating to the Post-9/11 GI Bill (CH33), the Montgomery GI Bill Active Duty (MGIB), the GI Bill-Selected Reserve (MGIB-SR), Survivors' and Dependents' Educational Assistance Program (DEA), and Work-Study Program. The Strategy, Legislative Development and Implementation team is responsible for developing effective long-term strategies related to education benefits.",usajobs,101-EDU-13003505-26-LC-BU,Veterans Benefits Administration,"Washington, District of Columbia",https://www.usajobs.gov:443/job/876123600,2026-07-13T00:00:00.0000,data analyst,data_science,
Program Analyst,About the Position: This position serves as a Program Analyst for the USSOUTHCOM Strategy Coordination Cell (SC2).,usajobs,SDSE-26-13001171-MP,Joint Activities,"Miami, Florida",https://www.usajobs.gov:443/job/875801900,2026-07-08T16:33:54.1030,data analyst,data_science,
Program Specialist,"The Program Specialist serves as an expert resource for matters related to informatics, Computerized Patient Record System (CPRS), Primary Care Management Module (PCMM), workload accountability and capture, spreadsheet and graphic software used for managerial or clinical purposes, financial budget management. The Program Specialist will be working at the San Francisco Veteran Affairs Medical Center, Ambulatory Care Service.",usajobs,CBSW-12999793-26-FB,Veterans Health Administration,"San Francisco, California",https://www.usajobs.gov:443/job/875586000,2026-07-07T14:40:53.0170,data analyst,data_science,business
Supervisory Management and Program Analyst,WHAT IS FMSS - Facilities Management and Security Services? A description of the business units can be found at: https://www.jobs.irs.gov/about/who/business-divisions Position(s) are to be filled in following area(s): FMSS - Logistics This job (or announcement) is open to current permanent IRS competitive service employees in FMSS - Facilities Management and Security Services business units. REVIEW THE ADDITIONAL INFORMATION BELOW FOR FURTHER DETAILS,usajobs,26-12997301B-FMM-0343-04,Internal Revenue Service,Multiple Locations,https://www.usajobs.gov:443/job/875498500,2026-07-09T00:00:00.0000,data analyst,data_science,
Operations Research Analyst,"About the Position: Serve on a team of highly skilled and motivated professionals, and conduct strategic transportation/logistical analysis for senior Department of War (DoW) stakeholders using advanced modeling, simulation, and analytical tools.",usajobs,MCGT-26-12998904-MP,ARMY TRANSPORTATION,"Scott AFB, Illinois",https://www.usajobs.gov:443/job/876695100,2026-07-16T10:58:45.6130,data analyst,data_science,
Management and Program Analyst (Technology Innovation),"This position is located with Bonneville Power Administration (BPA), in the Technology Innovation (JAT) organization of the Information Chief of Staff (JA), Chief Information Office (J). A successful candidate in the Management and Program Analyst (Technology Innovation) position will serve as a senior management analyst supporting project management, process improvement efforts, and complex analyses.",usajobs,26-BPA-51951-13003006-MP,Bonneville Power Administration,"Portland, Oregon",https://www.usajobs.gov:443/job/875943700,2026-07-10T00:00:00.0000,data analyst,data_science,business
Program Analyst,"This position is part of the Department of Defense (DoD), Missile Defense Agency (MDA). The incumbent will be responsible for serving as a Program Analyst for Acquisition and Sustainment. This position is part of a planned Transfer of Function (TOF) from the Missile Defense Agency to the Department of the Army. This action is projected to be effective on or about October 1, 2026.",usajobs,MDA-26-13005570-DH,Missile Defense Agency,"Redstone Arsenal, Alabama",https://www.usajobs.gov:443/job/876664400,2026-07-15T13:58:14.3900,data analyst,data_science,
Business Analyst,"*PLEASE NOTE THAT THIS VACANCY ANNOUNCEMENT IS ONLY OPEN TO CURRENT UNITED STATES POSTAL SERVICE OFFICE OF INSPECTOR GENERAL, UNITED STATES POSTAL SERVICE, UNITED STATES POSTAL INSPECTION SERVICE AND POSTAL REGULATORY COMMISSION EMPLOYEES. OTHER APPLICANTS WILL NOT BE CONSIDERED.",usajobs,IA-26-142A-13008282-PC,"Office of the Inspector General, USPS","Arlington, Virginia",https://www.usajobs.gov:443/job/876812700,2026-07-16T11:20:27.7570,data analyst,data_science,
Management Analyst,This position works as an employee within the Oakland Regional Office. The Management Analyst serves as a management analyst for the Oakland Regional Director's Office. The primary purpose of this position is to provide support to the Director and Assistant Director through project management and analysis of regional office initiatives.,usajobs,343-26-GR-13003293- NBU,Veterans Benefits Administration,Multiple Locations,https://www.usajobs.gov:443/job/876846500,2026-07-16T13:05:33.5800,data analyst,data_science,business
Supervisory Management and Program Analyst,WHAT IS THE FACILITIES MANAGEMENT AND SECURITY SERVICES? A description of the business units can be found at: https://www.jobs.irs.gov/about/who/business-divisions Position(s) are to be filled in following area(s): FMSS -Facilities Controls Limiting Area of Consideration: This job (or announcement) is open to current permanent IRS competitive service employees in the FMSS business units REVIEW THE ADDITIONAL INFORMATION BELOW FOR FURTHER DETAILS,usajobs,26-12998221B-FMM-0343-04,Internal Revenue Service,Multiple Locations,https://www.usajobs.gov:443/job/875731300,2026-07-09T00:00:00.0000,data analyst,data_science,
AVIATION RESOURCE MANAGEMENT SPECIALIST,"THIS IS A NATIONAL GUARD TITLE 32 EXCEPTED SERVICE POSITION. This National Guard position is for a AVIATION RESOURCE MANAGEMENT SPECIALIST, Position Description Number D2934000 and is part of the Pennsylvania National Guard, National Guard. 1 or more Position(s) may be hired against this Announcement.",usajobs,PA-12977919-AF-26-167,Air National Guard Units,"Horsham, Pennsylvania",https://www.usajobs.gov:443/job/875769700,2026-07-08T14:44:58.3900,data analyst,data_science,
"Supervisory Management and Program Analyst (Deputy Director, Workforce Management & Engagement)","This position is located in the Department of Homeland Security (DHS), Office of Intelligence & Analysis. The primary purpose of this position is to serve as the principal advisor and second-in-command to the Director, WM&E, within the Office of Intelligence and Analysis (I&A), Department of Homeland Security. Non-BU: This is a non-bargaining unit position.",usajobs,DE-12983032-26-IA,Office of Intelligence and Analysis,"District of Columbia, District of Columbia",https://www.usajobs.gov:443/job/876571600,2026-07-20T00:00:00.0000,data analyst,data_science,
Budget Analyst,"The Smithsonian Institution is the world's largest museum, education, and research complex, with 21 museums and the National Zoo. This position is located in Curatorial Office, Smithsonian American Art Museum (SAAM), Undersecretary for Museums and Culture. SAAM shares the stories of our nation through American art and craft to inspire reflection, spark dialogue, and build connections. More than one selection may be made from this announcement.",usajobs,26R-JW-314247-MPA-SAAM,Smithsonian Institution ,"Washington, District of Columbia",https://www.usajobs.gov:443/job/876672200,2026-07-16T00:00:00.0000,data analyst,data_science,
Program Analyst,"This position is part of the Department of War (DoW), Missile Defense Agency (MDA). The incumbent will serve as an Event Mission Director, a functional and technical operations support to the Missile Defense System (MDS) in the management and execution of Training and Exercise (TREX) events and operational requirements.",usajobs,MDA-26-13007626-DH,Missile Defense Agency,"Schriever AFB, Colorado",https://www.usajobs.gov:443/job/877150600,2026-07-20T08:01:30.1730,data analyst,data_science,
"Management Analyst (CYS), NF-05",It is the applicant's responsibility to read all sections and associated links in this vacancy announcement. This vacancy may be used to fill additional positions within 90 days of the closing date.,usajobs,NENAFCC2613008348,United States Army Installation Management Command,"Fort Sam Houston, Texas",https://www.usajobs.gov:443/job/876722500,2026-07-17T00:00:00.0000,data analyst,data_science,
Management Analyst,"This position serves as a Management Analyst in the Southeast District Office in Alpharetta, GA. The Southeast District Office is responsible for providing effective, efficient, and economical direction, and control and operation of the Veteran's Benefits Administration's program of benefits and services provided by law for Veterans, their dependents and beneficiaries at the Regional Offices within the District's geographical area of jurisdiction.",usajobs,393-26-JML-13011825-NBU,Veterans Benefits Administration,Multiple Locations,https://www.usajobs.gov:443/job/877055400,2026-07-17T12:53:25.4870,data analyst,data_science,
Progam Analyst (Clinical Profiler),"This position is located at the VA Northern Arizona Healthcare System under the Office of HealthCare Service (HAS). Incumbent is the Clinic Profiler for the medical facility and satellite clinics. The purpose of this position is to perform Program Analyst duties related to clinic profiles and scheduling grids, including but not limited to clinic set up and clinic maintenance.",usajobs,CBSX-12980618-26-CC,Veterans Health Administration,"Prescott, Arizona",https://www.usajobs.gov:443/job/876543000,2026-07-15T00:00:00.0000,data analyst,data_science,
Administrative Officer,"This Administrative Officer position is located in the Nutrition and Food Service Department, at the VA Connecticut Medical Center, located in West Haven Connecticut. The primary purpose of this position is to serve as the Administrative Officer (AO) for Nutrition and Food Service (N&FS) and is responsible for the Nutrition & Food Service administrative programs.",usajobs,CBTD-13013927-26-EIW,Veterans Health Administration,"West Haven, Connecticut",https://www.usajobs.gov:443/job/877051600,2026-07-17T12:43:04.1270,data analyst,data_science,
Support Services Supervisor,"The incumbent serves as the supervisor of the Administrative Section of the Support Services Division (SSD) at the Oakland, California Veterans Administration Regional Office (VARO). The primary purpose of the work is to manage and supervise the operations of the SSD Administrative functions e.g., Records Management, Property Management, Supply, Procurement, Fleet Management, etc.",usajobs,343-2026-JMO-13002559-NBU,Veterans Benefits Administration,Multiple Locations,https://www.usajobs.gov:443/job/876932400,2026-07-17T00:00:00.0000,data analyst,data_science,
Support Services Supervisor,"The incumbent serves as the supervisor of the Administrative Section of the Support Services Division (SSD) at the VA Regional Office (RO). The primary purpose of the work is to manage and supervise the operations of the SSD Administrative functions, e.g., records management, property management, supply, procurement, Fleet Management, emergency planning, physical security, safety, facility management, space management, and equipment operations, etc.",usajobs,317-26-JM-13001255-NBU,Veterans Benefits Administration,"Saint Petersburg, Florida",https://www.usajobs.gov:443/job/877162700,2026-07-20T09:13:44.1530,data analyst,data_science,
PROGRAM ANALYST,"The eTAS Program Office within Human Capital (HC) is responsible for TSA's authorized time, attendance, and scheduling system for over 400 federalized airports nationwide. In addition to managing scheduling and payroll activities for approximately 48,000 officers, the eTAS Program Office is also responsible for identifying requirements, system administration, enhancements and upgrades, user acceptance testing, deployment activities, and ongoing training and communications.",usajobs,HQ-HC-13004146-26-IMP,Transportation Security Administration,Location Negotiable After Selection,https://www.usajobs.gov:443/job/877073400,2026-07-20T00:00:00.0000,data analyst,data_science,
Program Analyst,"Serves as a member of the Public Reporting and Measure Development team and provides analytical and data science expertise to VHA leaders and field managers in support of the Office of Analytics Performance Integration (API), Performance Measurement (PM).",usajobs,CBZY-13003837-26-JM-API,Veterans Health Administration,Multiple Locations,https://www.usajobs.gov:443/job/876680200,2026-07-15T14:50:47.4770,data analyst,data_science,data_science
PROGRAM & MANAGEMENT ANALYST (ACQUISITION),"As a Program & Management Analyst (Acquisition) at DMDC, you will manage the full IT acquisition lifecycle for mission-essential programs. Serving as a Contracting Officer's Representative (COR), you will develop strategic acquisition plans, handle pre- and post-award functions, and drive financial processes for cutting-edge solutions. This career-ladder role offers professional growth while directly supporting programs vital to our nation's defense personnel and DoW missions.",usajobs,OC-DHRADMDC-26-12954271-DH,Defense Human Resources Activity,Multiple Locations,https://www.usajobs.gov:443/job/868120600,2026-05-06T00:00:00.0000,data analyst,data_science,
Program Analyst,"This position is part of the Department of Energy, Deputy Administrator for Defense Programs. A successful candidate in this position will serve as a Program Analyst to provide technical expertise, knowledge and expert understanding of the full array of program management principles, policies, laws, regulations, and procedures to perform analytical and/or administrative staff assignments of exceptional scope and difficulty.",usajobs,26-NA-10-XA-00807-GOV,National Nuclear Security Administration,Multiple Locations,https://www.usajobs.gov:443/job/875437500,2026-07-07T00:00:00.0000,data analyst,data_science,
Budget Analyst,"These positions will serve as a Budget Analyst, GS-0560-13, within one of eight Geographic Areas of the U.S. Wildland Fire Service (USWFS). Please see Duties section for more information on each Geographic Area. Note that one or more positions may be filled from applications received under this announcement in the advertised office or other U.S. Wildland Fire Service offices in the local commuting area.",usajobs,WFSIM-26-13003994-WA-B,Office of the Secretary of the Interior,Location Negotiable After Selection,https://www.usajobs.gov:443/job/876148600,2026-07-10T00:00:00.0000,data analyst,data_science,
Business Analyst,"The USPS OIG is seeking a highly qualified applicant to fill a Business Analyst position in our Research & Insights Solution Center (RISC), located in Arlington, VA. Bring your skills and voice to our team!",usajobs,EX-26-142B-13008198-PC,"Office of the Inspector General, USPS","Arlington, Virginia",https://www.usajobs.gov:443/job/876815300,2026-07-16T11:27:29.0770,data analyst,data_science,
Budget Analyst,"Budget Analysts perform, advise on, or supervise work in any phase of the Planning, Programming, Budgeting and Execution Process. They formulate, analyze, present, defend, communicate, and execute NGA's financial program. They provide financial analysis, guidance, and advice to stakeholders. They review and make recommendations concerning budget requests and justifications and they analyze and con",usajobs,20260196,National Geospatial-Intelligence Agency,"Springfield, Virginia",https://www.usajobs.gov:443/job/876364200,2026-07-13T00:00:00.0000,data analyst,data_science,business
Budget Analyst,"This position is located at the Minneapolis Veterans Health Care System within the Finance service line. The purpose of this position is to perform work by applying budget analysis theory, concepts, methods and procedures connected with the budget formulation, and execution of the Veterans Administration's particular programs.",usajobs,CBSY-13008305-26-LCS,Veterans Health Administration,"Minneapolis, Minnesota",https://www.usajobs.gov:443/job/876788600,2026-07-16T10:10:50.7930,data analyst,data_science,
Transportation Industry Analyst (Open to both U.S. Citizens and Federal Employees),"This position serves as a Transportation Industry Analyst in the Office of Railroad Development (RRD). This position will serve as Project Manager to oversee the significant FRA investments at Washington Union Station in Washington, D.C.",usajobs,FRA.RRD-2026-0002,Federal Railroad Administration,"Washington, District of Columbia",https://www.usajobs.gov:443/job/874984500,2026-07-01T00:00:00.0000,data analyst,data_science,
Budget Analyst,"This position is located at the Iowa City Veterans Health Care System within the Finance service line. The purpose of this position is to perform work by applying budget analysis theory, concepts, methods and procedures connected with the budget formulation, and execution of the Veterans Administration's particular programs.",usajobs,CBSY-13004820-26-LCS,Veterans Health Administration,"Iowa City, Iowa",https://www.usajobs.gov:443/job/876182800,2026-07-11T00:00:00.0000,data analyst,data_science,
"Bank Examiner/Principal Analyst to the SDC, NB-0570-VII","As a Principal Analyst to the Senior Deputy Comptroller (SDC), you will support the SDC in the oversight, evaluation, and coordination of Regional and Midsize Financial Institutions supervisory programs, processes, and related activities in accordance with OCC policies, procedures, and practices.",usajobs,EXT-MT-26-5524-13013526,Office of the Comptroller of the Currency,Multiple Locations,https://www.usajobs.gov:443/job/877056100,2026-07-17T12:57:09.3570,data analyst,data_science,
Lead Business Analyst,"The Division of Examinations is seeking a Securities Compliance Examiner, SK-1831-16 in the Office of Risk & Strategy to serve as Lead Business Analyst for the Division's process and IT modernization project. If selected, you will serve as the project's senior adviser and subject-matter expert on examinations processes.",usajobs,26-IN-12997560-CSS,Securities and Exchange Commission,Multiple Locations,https://www.usajobs.gov:443/job/874968000,2026-06-30T18:24:51.2930,data analyst,data_science,cybersecurity
Budget Analyst,"The Smithsonian Institution is the world's largest museum, education, and research complex, with 21 museums and the National Zoo. This position is located in Curatorial Office, Smithsonian American Art Museum (SAAM), Undersecretary for Museums and Culture. SAAM shares the stories of our nation through American art and craft to inspire reflection, spark dialogue, and build connections.",usajobs,26R-JW-314247-DEU-SAAM,Smithsonian Institution ,"Washington, District of Columbia",https://www.usajobs.gov:443/job/876669700,2026-07-16T00:00:00.0000,data analyst,data_science,
Research Analyst,"*PLEASE NOTE THAT THIS VACANCY ANNOUNCEMENT IS ONLY OPEN TO CURRENT UNITED STATES POSTAL SERVICE OFFICE OF INSPECTOR GENERAL, UNITED STATES POSTAL SERVICE, UNITED STATES POSTAL INSPECTION SERVICE AND POSTAL REGULATORY COMMISSION EMPLOYEES. OTHER APPLICANTS WILL NOT BE CONSIDERED.",usajobs,IA-26-135A-13004627-PC,"Office of the Inspector General, USPS","Arlington, Virginia",https://www.usajobs.gov:443/job/876108900,2026-07-10T12:22:02.4700,data analyst,data_science,
Management and Financial Analyst,"This position serves as a Management and Financial Analyst located within the Air Traffic Organization, Services Center, Resource Management Group, Resource Support Team.",usajobs,ANE-ATO-26-130-99376,Federal Aviation Administration,"College Park, Georgia",https://www.usajobs.gov:443/job/875026100,2026-07-02T00:00:00.0000,data analyst,data_science,
Management and Program Analyst,This position is located in VISN 23 Fiscal Offices and reports to the Health Care System Chief Financial Officer (CF0) as well as the VISN 23 Deputy CFO The position assists the Chief Financial Officer providing decision support to the health care system executive team on issues related to - funds allocation and revenue.,usajobs,CBSY-13005011-26-LCS,Veterans Health Administration,"Iowa City, Iowa",https://www.usajobs.gov:443/job/876401900,2026-07-14T10:15:10.3230,data analyst,data_science,
Support Services Specialist,"The Support Services Specialist serves in the Support Services Division, located in the selected location(s) Veteran Benefits Administration Regional Office (RO). The incumbent performs facilities management, property management, government vehicle management, serves as the primary/alternate PIV coordinator, and completes other administrative tasks, under the supervision of the Supervisory Support Services Specialist and/or the Chief, Support Services Division.",usajobs,328-26-MW-13006839-BU,Veterans Benefits Administration,Multiple Locations,https://www.usajobs.gov:443/job/876954900,2026-07-17T07:34:26.7170,data analyst,data_science,
Management & Program Analyst,"The Veterans Health Administration (VHA), Office of Strategic Investment Management, Lead Health Architect (LHA) is tasked with overseeing and managing the activities of subordinate architects and contract project managers, and for developing and tracking numerous complex architecture projects and operating plans that fall under the area of responsibility.",usajobs,CBZY-13010603-26-AC,Veterans Health Administration,Location Negotiable After Selection,https://www.usajobs.gov:443/job/876877000,2026-07-20T00:00:00.0000,data analyst,data_science,
Budget Analyst (Title 32),"District of Columbia Army National Guard Joint Base Anacostia-Bolling, Washington, DC Budget Analyst GS-0560-11 Group 3: Current and former uniformed service members (Active, Reserve, Guard) nationwide who are eligible for military membership in the (DCARNG). **THIS IS NOT A CIVILIAN POSITION. MILITARY MEMBERSHIP IS REQUIRED**",usajobs,DC-12837417-AR-26-002,Army National Guard Units,"Washington, District of Columbia",https://www.usajobs.gov:443/job/855224900,2026-01-22T15:22:18.4470,data analyst,data_science,
AVIATION RESOURCE MANAGEMENT SPECIALIST - TITLE 32,"THIS IS A NATIONAL GUARD TITLE 32 EXCEPTED SERVICE POSITION. This position is for a AVIATION RESOURCE MANAGEMENT SPECIALIST, Position Description Number D2934000 at the 128th ACCS located in Robins AFB, Georgia. This is a full-time, Excepted Permanent, dual status position which requires Georgia Air National Guard Membership. Area of Consideration: Open to current members of the Air National Guard, Air Force Reserve or Air Force Active Duty.",usajobs,GA-12843401-AF-26-026,Air National Guard Units,"Robins AFB, Georgia",https://www.usajobs.gov:443/job/851255500,2026-01-02T00:00:00.0000,data analyst,data_science,
Supervisory Budget Analyst,"The primary purpose of this position as Supervisory Budget Analyst is to provide accurate and timely transactions and associated functions for the Budget Section in Fiscal Management Service (FMS) at the VA Southern Nevada Healthcare System (VASNHS). She/he develops programmatic review standards and project related policies and procedures to establish and maintain a system ensuring adequate controls, compliance and costs are in place.",usajobs,CBSW-13007824-26-TLH,Veterans Health Administration,"Las Vegas, Nevada",https://www.usajobs.gov:443/job/876817100,2026-07-16T11:33:24.4470,data analyst,data_science,cybersecurity
PROGRAM ANALYST - TITLE 32,"THIS IS A NATIONAL GUARD TITLE 32 EXCEPTED SERVICE POSITION. This National Guard position is for a Program Analyst, Position Description Number D1905000 and is part of the Georgia Army National Guard, Marietta, Georgia. This is a full-time, Excepted Permanent, dual status position which requires Georgia Army National Guard Membership. Area of Consideration: Current on-board Technicians in the Georgia Army National Guard.",usajobs,GA-12997245-AR-26-204,Army National Guard Units,"Fort Stewart, Georgia",https://www.usajobs.gov:443/job/874857800,2026-07-06T00:00:00.0000,data analyst,data_science,
PROGRAM ANALYST,"This is a Washington Air National Guard Title 32 Excepted Service Unit Technician position: PROGRAM ANALYST Location: 194th Civil Engineering Flight Camp Murray, Washington 98430 Air National Guard Units Appointment Type: Temporary, indefinite, excepted service *Ensure you read this announcement in its entirety, complete all application requirements, and your USA Jobs profile name is accurate* Certain incentive(s) may be available pending funding and approval but are not guaranteed..",usajobs,WA-12848034-AF-26-0064OUF,Air National Guard Units,"Camp Murray, Washington",https://www.usajobs.gov:443/job/851975300,2026-01-22T00:00:00.0000,data analyst,data_science,
Regulatory Scientific Reviewer (Biomedical Engineer),"This position is being filled under a stream-lined hiring authority, Title 21 of the United States Code (21 US Code 379d-3a) as amended by the 21st Century Cures Act of 2016, section 3072 and the Consolidated Appropriations Act of 2023, Section 3624. The candidate selected for this position will serve under a career or career-conditional appointment and be paid under the provisions of this authority. This position is being recruited based on the Title 21 Pay Table 1, Band C.",usajobs,FDA-CDRH-26-T21-13007101-KP,Food and Drug Administration,"Silver Spring, Maryland",https://www.usajobs.gov:443/job/877042400,2026-07-17T13:37:28.4170,machine learning engineer,data_science,
Cloud/Infrastructure Engineer - DHA,"IT Specialist (Network) Cloud/Infrastructure Engineer position(s) are being filled through the Office of Personnel Management's delegated Direct Hire Authority, open to all U.S. citizens. Selections made under this bulletin will be processed as new appointments to the civil service. Current civil service employees would, therefore, be given new appointments to the civil service. Under the provisions of the Direct Hire Authority, Veterans Preference and the ""Rule of Many"" do not apply.",usajobs,SSA-12905084-DHA-26-CIO,Social Security Administration,Multiple Locations,https://www.usajobs.gov:443/job/860257100,2026-03-09T00:00:00.0000,cloud engineer,cloud_devops,
IT Specialist (ENTARCH/Cloud Platform Engineer),"This position is located in the Department of Health & Human Services (HHS), Centers for Medicare & Medicaid Services (CMS), Office of Information Technology (OIT), Infrastructure and User Services Group (IUSG). As a IT Specialist (ENTARCH/Cloud Platform Engineer), GS-2210-14, you will provide enterprise-level cloud platform engineering expertise, advanced financial operations oversight, executive-level technical consultation, and comprehensive analytical reports.",usajobs,CMS-OIT-26-13006433-IMP,Centers for Medicare & Medicaid Services,"Woodlawn, Maryland",https://www.usajobs.gov:443/job/876708100,2026-07-17T00:00:00.0000,cloud engineer,cloud_devops,
Enterprise Operations Engineer - Datadog Monitoring,"OIT is seeking applicants for their IT Specialist (INFOSEC) (Enterprise Operations Engineer - Datadog Monitoring) position. In this position, you will be monitoring and supporting enterprise infrastructure and applications using Datadog to ensure availability, performance, and rapid incident response. You will be investigating alerts, analyzing performance data, and coordinating with SMEs to maintain reliable operations across on-premise, cloud, network, and application environments.",usajobs,26-DH-13005910-SMP,Securities and Exchange Commission,"Washington, District of Columbia",https://www.usajobs.gov:443/job/876585800,2026-07-15T09:40:43.2130,cloud engineer,cloud_devops,cybersecurity
"IT Spec (ENTARCH) ""Platform/site Reliability Engineer"", GS-2210-14 FPL GS-14 (DH)","This position is in the U.S. Department of Education (ED), Federal Student Aid (FSA), Technology Directorate (TD). The Technology Directorate provides information technology services for all FSA systems, promoting the effective and secure use of technology to achieve FSA's strategic objectives through sound planning, investments, integrated technology architectures and standards, effective systems development, production support, and cybersecurity services.",usajobs,FSA-2026-0127,Federal Student Aid,Multiple Locations,https://www.usajobs.gov:443/job/877168200,2026-07-20T09:36:35.4870,cloud engineer,cloud_devops,
PC Systems Administrator,"The PC Systems Administrator is responsible for the provisioning, deployment, administration, and security of all user endpoint systems in use at the court. The incumbent performs routine user endpoint system administration, as well as more complex system administration duties including developing standards, implementing user endpoint security measures, and maintaining virtual desktop infrastructure (VDI) systems.",usajobs,CFC-2026-08-IT,U.S. Courts,"Washington, District of Columbia",https://www.usajobs.gov:443/job/874810300,2026-06-22T00:00:00.0000,systems administrator,cloud_devops,
Cloud Systems Administrator,"IT Specialist positions are being filled through the Office of Personnel Management's delegated Direct Hire Authority, open to all U.S. citizens. Selections made under this bulletin will be processed as new appointments to the civil service. Current civil service employees would, therefore, be given new appointments to the civil service. Under the provisions of the Direct Hire Authority, Veterans Preference and the ""Rule of Many"" do not apply.",usajobs,SSA-12902978-26-DHA-CIO,Social Security Administration,Multiple Locations,https://www.usajobs.gov:443/job/860057400,2026-03-06T00:00:00.0000,systems administrator,cloud_devops,
Systems Administrator / IT Security Officer,"The United States Probation Department for the Eastern District of New York is accepting applications for an experienced full-time Systems Administrator/IT Security Officer. Duties include systems administration, implementing security/critical patches, remediating vulnerabilities, deploying hardware and software, and providing technical support to Probation staff. Duties also include determining security policies and implementing security measures and solutions to protect data and systems.",usajobs,26-05,U.S. Courts,"Brooklyn, New York",https://www.usajobs.gov:443/job/867635200,2026-05-01T14:44:13.5470,systems administrator,cloud_devops,
Information Technology Specialist (System Administration),"About the Position: This position is with the Defense Health Agency located in the Information Management Division at Dwight D. Eisenhower Army Medical Center (DDEAMC) at Fort Gordon in Augusta, GA. Serves as primary System Administrator for assigned systems and Administrator for the management of Alternate Token Requests, resets, and turn-in. Processes server certificate requests. Ensures issues concerning computer hardware and software service are resolved. This is a Direct Hire Solicitation",usajobs,HSJA-26-12982130-DHA,Military Treatment Facilities under DHA,"Fort Gordon, Georgia",https://www.usajobs.gov:443/job/875559200,2026-07-07T13:03:27.0800,systems administrator,cloud_devops,
Program Applications Specialist - PACS Administrator,"The PVAHCS is recruiting for a Program Application Specialist - Picture Archive and Communications System (PACS) Administrator, in the Diagnostic Imaging Department. The primary responsibility of the incumbent is to provide guidance, instruction, maintenance, and troubleshooting services, in the day-to-day operations of the PACS. This position requires knowledge of computer systems as well as imaging systems in a LAN and WAN based environment,",usajobs,CBSX-12999119-26-EU,Veterans Health Administration,"Phoenix, Arizona",https://www.usajobs.gov:443/job/876346100,2026-07-13T17:00:19.0970,systems administrator,cloud_devops,business
SUPERVISORY FOREIGN AFFAIRS SPECIALIST,You will serve as a Senior Manager/Administrator in the Marine Corps International Program Office of Marine Corps Systems Command/Portfolio Acquisition Executive Marine Corps.,usajobs,ST-13003203-26-JN,U.S. Marine Corps,"Stafford, Virginia",https://www.usajobs.gov:443/job/876247000,2026-07-13T13:50:31.9500,systems administrator,cloud_devops,
Deputy Administrator for Technology,"This position serves as the Deputy Administrator for Technology within the Treasury Common Services Center (TCSC) and reports directly to the Administrator, TCSC. The incumbent functions as the principal executive responsible for the strategic planning, integration, governance, and operational management of enterprise information technology (IT) systems and services supporting Department of the Treasury-wide operations under TCSC.",usajobs,26-12990032-NS,"Treasury, Departmental Offices","Washington, District of Columbia",https://www.usajobs.gov:443/job/873898800,2026-06-22T00:00:00.0000,systems administrator,cloud_devops,
Health System Specialist (Regional Quality Improvement Coordinator),Corrections professionals who foster a humane and secure environment and ensure public safety by preparing individuals for successful reentry into our communities.,usajobs,CO-2026-0428,Bureau of Prisons/Federal Prison System,Multiple Locations,https://www.usajobs.gov:443/job/877227900,2026-07-20T13:30:06.8130,systems administrator,cloud_devops,
Health System Administrator (Health Services Administrator),Corrections professionals who foster a humane and secure environment and ensure public safety by preparing individuals for successful reentry into our communities.,usajobs,SCR-2026-0296,Bureau of Prisons/Federal Prison System,"Houston, Texas",https://www.usajobs.gov:443/job/876371900,2026-07-14T07:59:52.1530,systems administrator,cloud_devops,
Picture Archiving and Communication Systems (PACS) Technologist - Rec/Relo Incentive Authorized,"The PACS Technologist provides guidance, instruction, maintenance and troubleshooting services in the day-to-day operations of the Radiology Picture Archive and Communication System (PACS), Voice Recognition System (VRS), Vista Imaging interface, and the Radiology Package in DHCP. The incumbent serves as a specialist providing support in the operation and management of digital image and voice acquisition, processing, storage and display systems at the Amarillo VA Health Care System.",usajobs,CAZM-12859244-26-JRH,Veterans Health Administration,"Amarillo, Texas",https://www.usajobs.gov:443/job/853470800,2026-01-02T00:00:00.0000,systems administrator,cloud_devops,
"CHIEF, PERSONNEL SYSTEM MANAGEMENT- DIRECT HIRING AUTHORITY","Click on ""Learn more about this agency"" button below to view Eligibilities being considered and other IMPORTANT information. The primary purpose of this position is to serve To serve as personnel systems administrator and technical specialist for the Military Personnel Flight's (MPF) various technical management and process improvement solutions and various Information Technology (IT)/Information System (IS) computer systems and software.",usajobs,AFMC-020102-12942230-KDB,Air Force Materiel Command,"Hanscom AFB, Massachusetts",https://www.usajobs.gov:443/job/866094800,2026-04-21T15:06:56.5630,systems administrator,cloud_devops,
Health System Administrator (Deputy Director) - (Detail/Temporary Promotion Not to Exceed 1 Year),"The Health System Administrator (Deputy Director) is responsible for the direction and coordination of all administrative activities in the West Palm Beach VA Healthcare System. He/she determines program goals and objectives, develops short and long- range plans for achieving them in conjunction with the overall plans of the Veterans Integrated Service Network (VISN) and consistent with the strategic planning process.",usajobs,CBTC-13001446-26-KL,Veterans Health Administration,"West Palm Beach, Florida",https://www.usajobs.gov:443/job/877007500,2026-07-17T12:11:01.8500,systems administrator,cloud_devops,
Lead Transportation Security Officer,"Securing Travel, Protecting People - At the Transportation Security Administration, you will serve in a high-stakes environment to safeguard the American way of life. In cities across the country, you would secure airports, seaports, railroads, highways, and/or public transit systems, thus protecting America's transportation infrastructure and ensuring freedom of movement for people and commerce. Per TSA Office of the Administrator, this position has been reinstated as bargaining unit eligible.",usajobs,BOS-26-12999420-I,Transportation Security Administration,"Boston, Massachusetts",https://www.usajobs.gov:443/job/875370100,2026-07-06T09:56:23.7030,systems administrator,cloud_devops,
Master Transportation Security Officer-Security Training Instructor,"Securing Travel, Protecting People - At the Transportation Security Administration, you will serve in a high-stakes environment to safeguard the American way of life. In cities across the country, you would secure airports, seaports, railroads, highways, and/or public transit systems, thus protecting America's transportation infrastructure and ensuring freedom of movement for people and commerce. Per TSA Office of the Administrator, this position has been reinstated as bargaining unit eligible",usajobs,TVC-26-13001616-I,Transportation Security Administration,"Traverse City, Michigan",https://www.usajobs.gov:443/job/876079400,2026-07-10T10:36:10.5970,systems administrator,cloud_devops,
HEALTH SYSTEMS SPECIALIST (Title 32),"This position is part of the 136 Airlift Wing located in Fort Worth, Texas. The purpose of this position is to assist the Senior Health System Specialist in planning, controlling, conducting, and administering the operational and medical activities with direct responsibility for assigned programs, to train and evaluate traditional Aeromedical Evacuation Specialist proficiency and competency, and provide ground and flight instruction. Texas is one of 9 states with NO state income tax.",usajobs,TX-12938415-AF,Air National Guard Units,"Federal Medical Center Carswell, Texas",https://www.usajobs.gov:443/job/866314100,2026-07-09T00:00:00.0000,systems administrator,cloud_devops,
INVENTORY MANAGEMENT SPECIALIST,"This job announcement uses the USA Hire Assessment to evaluate applicants. For more information, visit USA Hire Assessment.",usajobs,CO-12997152-26,Defense Finance and Accounting Service,"Whitehall, Ohio",https://www.usajobs.gov:443/job/875762600,2026-07-08T14:25:45.0970,systems administrator,cloud_devops,
Deputy Administrator and Chief Operating Officer,"The Department of Energy's (DOE) WAPA Headquarters is looking for a dynamic, innovative, seasoned executive to provide executive leadership and direction in overseeing management for WAPA-wide operational areas including electric reliability compliance, transmission asset management and planning, transmission infrastructure, engineering and design, safety and occupational health, security, and aviation management.",usajobs,26-PMA-0000143-12999130-ES,Western Area Power Administration,Multiple Locations,https://www.usajobs.gov:443/job/876266200,2026-07-13T11:34:22.9530,systems administrator,cloud_devops,cybersecurity
Program Analyst,"This position is located in the Under Secretary of Economic Affairs (E), Office of the Executive Director (E/EX). The Executive Office provides financial management, personnel, security, administrative acquisition, and information management programs in support of the E Family's foreign economic programs and negotiations.",usajobs,E-MPI-2026-0015,Department of State - Agency Wide,"Washington, District of Columbia",https://www.usajobs.gov:443/job/876616900,2026-07-16T00:00:00.0000,systems administrator,cloud_devops,
Associate Administrator for Transit Safety Oversight,The incumbent serves as the Federal Transit Administration's (FTA's) Associate Administrator for Transit Safety Oversight. The primary mission of this position is to provide executive level management of a multi-disciplinary staff to implement the FTA Safety Program. The incumbent will manage FTA programs designed to improve safety across public transportation services and facilities and develop and ensure compliance with FTA transit safety regulations.,usajobs,FTA.SES-2026-0002,Federal Transit Administration,"Washington, District of Columbia",https://www.usajobs.gov:443/job/876887800,2026-07-17T00:00:00.0000,systems administrator,cloud_devops,cybersecurity
ITSPEC (SYSADMIN)(TITLE 32),"THIS IS A NATIONAL GUARD TITLE 32 EXCEPTED SERVICE POSITION. This National Guard position is for a ITSPEC (SYSADMIN)(TITLE 32), Position Description Number D1618P01 and is part of the FL HQ 101 AOG, National Guard.",usajobs,FL-12990738-AF-T32-26-683,Air National Guard Units,"Tyndall AFB, Florida",https://www.usajobs.gov:443/job/873694700,2026-06-18T14:31:21.5800,systems administrator,cloud_devops,
IT SPEC (SYS ADMIN)(TITLE 32),"THIS IS A NATIONAL GUARD TITLE 32 EXCEPTED SERVICE POSITION. This National Guard position is for a IT SPEC (SYS ADMIN)(TITLE 32), Position Description Number D1618P01 and is part of the FL HQ 101 AOG, National Guard.",usajobs,FL-12990773-AF-T32-26-684,Air National Guard Units,"Tyndall AFB, Florida",https://www.usajobs.gov:443/job/873699700,2026-06-18T14:49:08.6430,systems administrator,cloud_devops,
ITSPEC (SYSADMIN) (TITLE 32),"THIS IS A NATIONAL GUARD TITLE 32 EXCEPTED SERVICE POSITION. This National Guard position is for a ITSPEC (SYSADMIN) (TITLE 32), Position Description Number D1618P01 and is part of the FL HQ 101 AOG, National Guard.",usajobs,FL-12998762-AF-T32-26-729,Air National Guard Units,"Tyndall AFB, Florida",https://www.usajobs.gov:443/job/875190700,2026-07-02T09:13:27.7370,systems administrator,cloud_devops,
Diagnostic Radiologic Technologist-Picture Archival Communication System (PACS),"Serves as the Picture Archive Communication System (PACS) Technologist for the Diagnostic Imaging Service (Radiology) at the Orlando VA Healthcare System. The PACS Technologist provides planning, guidance, instruction, maintenance, and troubleshooting for all aspects of the daily operations relating to the Picture Archiving and Communications Systems section. This position serves as a specialist providing support in the operation and management of digital image processing, storage, and display.",usajobs,CBTC-12990440-26-LH,Veterans Health Administration,"Orlando, Florida",https://www.usajobs.gov:443/job/873869000,2026-06-22T15:28:48.9570,systems administrator,cloud_devops,data_science
IT SPECIALIST (SYSADMIN),"THIS IS AN INDIANA NATIONAL GUARD TITLE 32 EXCEPTED SERVICE POSITION This position is part of the IN 181st Intelligence Wing, Indiana National Guard under Position Description Number D1650P01 . If you would like the complete list of duties, please contact the POC of this announcement.",usajobs,IN-13005435-AF-26-056,Air National Guard Units,"Terre Haute, Indiana",https://www.usajobs.gov:443/job/876484900,2026-07-14T00:00:00.0000,systems administrator,cloud_devops,
Program Manager (Deputy Division Administrator) (Open to both U.S. Citizens and Federal Employees),"The Deputy Division Administrator (DDA) is a leadership position in the Division Office, with the primary responsibility of managing the day-to-day operation of the office and supporting the Division Administrator in delivering the Federal-aid Highway Program in the State in accordance with all Federal laws and regulations. The DDA serves as Acting Division Administrator in the absence or preoccupation of the Division Administrator, assuming all authority of that position.",usajobs,FHWA.FO-2026-0008,Federal Highway Administration,Multiple Locations,https://www.usajobs.gov:443/job/876374000,2026-07-15T00:00:00.0000,systems administrator,cloud_devops,business
Medical Records Technician (Coder),"About the Position: This position is located at Brooke Army Medical Center in San Antonio, Texas. This is a Direct Hire Solicitation. Salary negotiation may be available for those candidates who are new to Federal service.",usajobs,HSJW-26-13005106-DHA,Military Treatment Facilities under DHA,"Fort Sam Houston, Texas",https://www.usajobs.gov:443/job/876336500,2026-07-15T00:00:00.0000,systems administrator,cloud_devops,
Lead Contract Specialist,See below for important information regarding this job.,usajobs,DLATrpSpt-26-13003932-MP,Defense Logistics Agency,"Philadelphia, Pennsylvania",https://www.usajobs.gov:443/job/876490500,2026-07-14T15:00:57.0400,systems administrator,cloud_devops,
Supervisory Federal Air Marshal (SAC),"The Federal Air Marshal Service (FAMS) maintains regional field office locations across the nation. Each field office is managed by a Supervisory Air Marshal in Charge (SAC) who provides overall supervision for Federal Air Marshals (FAMs) deployed on domestic and international flights and serving in ground-based assignments. FAMS field office SACs maintain robust working relationships within their respective districts, including Federal, State and local law enforcement counterparts.",usajobs,HQ-LEFAMS-26-48209-ERD,Transportation Security Administration,"Boston, Massachusetts",https://www.usajobs.gov:443/job/876270900,2026-07-13T12:00:48.7170,systems administrator,cloud_devops,
Nurse- Safe Patient Handling and Mobility Program Manager,The Safe Patient Handling and Mobility Program Manager (SPHM PM) is aligned under the Nursing and Patient Care Services Education. The SPHM PM promotes a HRO with safety founded on a systems approach to developing evidence-based healthcare solutions based on a commitment to zero harm by developing strong safety principles through injury prevention supported by engaged leadership.,usajobs,CBSR-13013162-26-TJ,Veterans Health Administration,"Chillicothe, Ohio",https://www.usajobs.gov:443/job/876988800,2026-07-17T10:02:52.4830,systems administrator,cloud_devops,business
Diagnostic Radiologic Technologist (PACS Technologist),"This position serves as a liaison for the Office of information and Technology (OI&T), Biomedical Engineering staff and clinical users to ensure the PACS system is configured to optimize imaging including distribution capabilities; develops methods and programs to evaluate, monitor and maintain digital imaging and voice recognition systems; serves as team leader in planning, developing, and instructing users in the operation of PACS network elements.",usajobs,CBTB-13003900-26-TJ,Veterans Health Administration,"Augusta, Georgia",https://www.usajobs.gov:443/job/876123500,2026-07-10T13:15:33.8730,systems administrator,cloud_devops,
Health System Specialist,"About the Position: This position is located in the Department of Surgery, Anesthesiology Service at the Madigan Army Medical Center in Tacoma, WA. This is a Direct Hire Solicitation Salary negotiation may be available for those candidates who are new to Federal service. A recruitment or relocation incentive may be authorized.",usajobs,HSJG-26-13007112-DHA,Military Treatment Facilities under DHA,"Tacoma, Washington",https://www.usajobs.gov:443/job/876514200,2026-07-15T00:00:00.0000,systems administrator,cloud_devops,
UNIT PROGRAM COORDINATOR,"Click on ""Learn more about this agency"" button below to view Eligibilities being considered and other IMPORTANT information. The primary purpose of this position is to serve as the primary point of contact to the squadron commander/director for all administrative support programs.",usajobs,AFMC-13001690-380662-9V-CLS,Air Force Materiel Command,"Scott AFB, Illinois",https://www.usajobs.gov:443/job/876182700,2026-07-14T00:00:00.0000,systems administrator,cloud_devops,
IT Cybersecurity Specialist (SYSADMIN),"This announcement is for an IT Cybersecurity Specialist (SYSADMIN), located in the United States Coast Guard, within the Assistant Commandant for Intelligence (CG-02), Coast Guard Cryptologic Office, Fort Meade, MD. The incumbent is responsible for planning and performance measurement, providing analysis, advice, and recommendations on matters pertaining to requirements for the Coast Guard Cryptologic Enterprise (CGCE).",usajobs,26-12993708-HQ-AKP-EHA,U.S. Coast Guard,"Fort Meade, Maryland",https://www.usajobs.gov:443/job/875414100,2026-07-06T13:20:47.4130,systems administrator,cloud_devops,
UNIT PROGRAM COORDINATOR-DIRECT HIRE AUTHORITY,"Veteran's preference does not apply to DHA recruitment. Click on ""Learn more about this agency"" button below more information. The primary purpose of this position is to serve as the primary point of contact to the squadron commander/director for all administrative support programs.",usajobs,AFMC-030302-13000306-JDH,Air Force Materiel Command,Multiple Locations,https://www.usajobs.gov:443/job/875570600,2026-07-07T13:48:39.3030,systems administrator,cloud_devops,
IT Specialist (PLCYPLN/NETWORK),"This is a Direct Hire Authority (DHA) solicitation utilizing the DHA for Certain Personnel of the DoD Workforce to recruit and appoint qualified candidates to positions in the competitive service. About the Position: Serves as a IT Specialist (PLCYPLN/NETWORK) for the Joint Activities located at Fort Bragg, North Carolina. Only resumes up to a total of two pages will be accepted.",usajobs,MCGT-26-13004351-DHA,Joint Activities,"Fort Bragg, North Carolina",https://www.usajobs.gov:443/job/876491900,2026-07-16T00:00:00.0000,systems administrator,cloud_devops,
Supervisory Health System Specialist,"The Assistant Business Office Manager at Northern Navajo Medical Center supervises the Patient Accounts Section, including billing, accounting, and voucher staff. Incumbent serves as the backup to the Business Office Manager, managing office operations in their absence. The position is responsible for supporting efficient financial, billing, and administrative operations across the Business Office. A REAL ID will be required beginning May 7, 2025, in accordance with 6 C.F.R. 37.5 (2021).",usajobs,IHS-26-NN-12970858-ESEP/MP,Indian Health Service,"Shiprock, New Mexico",https://www.usajobs.gov:443/job/875773900,2026-07-08T14:59:13.4400,systems administrator,cloud_devops,
Health System Specialist,"This position is located at the Northern Arizona VA Health Care System (NAVAHCS) in Prescott, AZ. They report directly to an Executive Leadership Team (ELT) Member and is a member of the management team, responsible for areas including development of HCS's organizational strategy, analysis of demography, epidemiology of market area, focused studies on strategic issues, development of new organizational initiatives, coordination of long-range capital, facility planning, and space optimization.",usajobs,CBSX-13000772-26-CC,Veterans Health Administration,"Prescott, Arizona",https://www.usajobs.gov:443/job/876004500,2026-07-10T00:00:00.0000,systems administrator,cloud_devops,business
Health System Specialist,The Health System Specialist is located at a VA Medical Center in the Research and Development Service. The position is responsible for managing regulatory committees and providing subject matter expertise about research compliance regulations. The position provides analytical and procedure support of projects in a research setting. The position also makes recommendations to update established practices and procedures.,usajobs,CARX-26-13008505-SJo-DH,Veterans Health Administration,"Portland, Oregon",https://www.usajobs.gov:443/job/876959900,2026-07-17T08:01:34.4230,systems administrator,cloud_devops,cybersecurity
Assistant Health System Administrator (Assistant Health Services Administrator),Corrections professionals who foster a humane and secure environment and ensure public safety by preparing individuals for successful reentry into our communities.,usajobs,NCR-2026-0368,Bureau of Prisons/Federal Prison System,"Duluth, Minnesota",https://www.usajobs.gov:443/job/877135000,2026-07-20T00:00:00.0000,systems administrator,cloud_devops,
Executive Assistant,"This role supports the Associate Director at Erie VAMC by providing strategic and operational guidance across Facilities, Health Administration, Logistics, Prosthetics, Privacy/FOIA, Finance, Voluntary Services, Environmental Management, and Biomedical. It ensures coordinated healthcare delivery through advising, evaluating programs, and solving complex administrative challenges across diverse departments.",usajobs,CBSZ-13001650-26-TG,Veterans Health Administration,"Erie, Pennsylvania",https://www.usajobs.gov:443/job/876185100,2026-07-10T00:00:00.0000,systems administrator,cloud_devops,
Division Administrator,"The Library of Congress shares its vast collections of books, manuscripts, photographs, maps, audiovisual materials, and priceless artifacts to cultivate curiosity and spark imagination. We engage, inspire, and inform Congress and the American people with a universal and enduring source of knowledge and creativity. We seek highly talented professionals to join a vibrant and collaborative community. Your work here will have lasting impact on the Library and its users well into the future.",usajobs,VAR603374,Library of Congress,"Washington, District of Columbia",https://www.usajobs.gov:443/job/876786600,2026-07-16T10:02:20.1230,systems administrator,cloud_devops,
Program Support Assistant (OA),"The program support assistant leads with data collection, analysis of trends and implementation of best practices associated with Timekeeping, Automated Data Applications Coordinator (ADPAC), PIV Sponsoring, Key Liaison, Records Liaison Officer, Talent Management System (TMS) Administrator, and Office Supply Coordinator while providing cross coverage support to various service lines of Patient Care Services.",usajobs,CBTC-12977831-26-JG,Veterans Health Administration,"Bay Pines, Florida",https://www.usajobs.gov:443/job/876090800,2026-07-15T00:00:00.0000,systems administrator,cloud_devops,
FINANCIAL MANAGER,"THIS IS A NATIONAL GUARD TITLE 5 EXCEPTED SERVICE POSITION. This National Guard position is for a Financial Manager, Position Description Number T5133000 and is located in the Comptroller Division, US Property and Fiscal Office (USPFO) of the Vermont Army National Guard. *This position is also advertised as a Title 32 vacancy under vacancy announcement VT-12988999-AR-26-38: https://www.usajobs.gov/GetJob/ViewDetails/874997200",usajobs,VT-12988980-AR-26-37,Army National Guard Units,"Colchester, Vermont",https://www.usajobs.gov:443/job/874996200,2026-07-01T12:31:16.6100,systems administrator,cloud_devops,
FINANCIAL MANAGER,"THIS IS A NATIONAL GUARD TITLE 32 EXCEPTED SERVICE POSITION. This National Guard position is for a Financial Manager, Position Description Number D1015000 and is located in the Comptroller Division, US Property and Fiscal Office (USPFO) of the Vermont Army National Guard. *This position is also advertised as a Title 5 vacancy under vacancy announcement VT-12988980-AR-26-37: https://www.usajobs.gov/GetJob/ViewDetails/874996200",usajobs,VT-12988999-AR-26-38,Army National Guard Units,"Colchester, Vermont",https://www.usajobs.gov:443/job/874997200,2026-07-01T12:33:00.1830,systems administrator,cloud_devops,
"Director, Program, Planning, & Control Office","The Director, Program Planning & Control, Moon Base Program, serves as the senior executive responsible for leading end-to-end programmatic integration, resource strategy, and business execution for NASA's Moon Base Program within the Human Spaceflight Mission Directorate (HSMD). This role supports the Associate Administrator for HSMD and the Moon Base Program Manager in delivering on the Agency's strategic commitment to establish a sustainable, enduring human presence on the lunar surface.",usajobs,JSC-26-ES-13002998,Lyndon B. Johnson Space Center,"Houston, Texas",https://www.usajobs.gov:443/job/876023500,2026-07-10T00:00:00.0000,systems administrator,cloud_devops,
Texas Division Administrator (DA),"The Texas Division Administrator (DA) is responsible for providing executive direction over the activities within the Division to effectively promote, implement and administer one of the largest and most complex Federal-aid programs in the Nation.",usajobs,FHWA.SES-2026-0002,Federal Highway Administration,"Austin, Texas",https://www.usajobs.gov:443/job/874277900,2026-06-25T11:30:29.0230,systems administrator,cloud_devops,
Supervisory Health System Specialist,"At the Indian Health Service, Business Office Managers are essential to the success of daily operations. Guided by our mission to improve the health of American Indian and Alaska Native people, you will help ensure efficient business operations, financial integrity, and high-quality patient services. A REAL ID will be required beginning May 7, 2025, in accordance with 6 C.F.R. 37.5 (2021).",usajobs,IHS-26-PX-12982153-ESEP/MP,Indian Health Service,Multiple Locations,https://www.usajobs.gov:443/job/876300000,2026-07-13T13:49:00.2600,systems administrator,cloud_devops,
IT Specialist (Customer Support),"Deliver secure and high availability infrastructure solutions supporting VA's mission. Serve as an operational service provider of foundational compute, storage, physical database, and client management components. Implement and sustain technical, management, and operational security controls and supporting processes to protect mission critical networks, systems, and applications throughout the VA enterprise. Apply today!",usajobs,DHA-IOS-26-AD-12997716-BU,Deputy Assistant Secretary for Information and Technology,"Charleston, South Carolina",https://www.usajobs.gov:443/job/876000200,2026-07-10T00:00:00.0000,systems administrator,cloud_devops,
UNIT PROGRAM COORDINATOR,"Click on ""Learn more about this agency"" button below to view Eligibilities being considered and other IMPORTANT information. The primary purpose of this position is to serve as the primary point of contact to the squadron commander/director for administrative support programs to include but not limited to task management, cybersecurity liaison (CL), Government Travel Card (GTC) program, Defense Travel System (DTS)administrator, drug demand reduction program, health care program and others.",usajobs,5O-AFPC-1301496-216667-CVH,Air Combat Command,"Moody AFB, Georgia",https://www.usajobs.gov:443/job/877078100,2026-07-20T00:00:00.0000,systems administrator,cloud_devops,
Associate Chief Nurse (Operative Care Division),The Operative Care Division (OCD) Associate Chief Nurse (ACN) executes leadership that is characterized by substantial and continuous responsibility and accountability for population groups or integrated programs that cross services and/or discipline lines and influence the organizational healthcare mission. This position reports to the Chief of Staff and works closely with the Deputy Director of Patient Care Services.,usajobs,CBSV-12967620-26-AS,Veterans Health Administration,"Portland, Oregon",https://www.usajobs.gov:443/job/870220200,2026-05-21T09:50:03.6600,systems administrator,cloud_devops,business
Health System Specialist,"This position is located in the Department of Veterans Affairs (VA) Electronic Health Record Modernization Integration Office (EHRM IO), within the Office of the Deputy Secretary of VA (DEPSECVA). The position supports national health care management officials by analyzing, evaluating, advising on and coordinating health care delivery systems and operations in relation to sustainment of VA's new EHR after implementation.",usajobs,CARX-13007062-26-EDe,Electronic Health Record Modernization,Multiple Locations,https://www.usajobs.gov:443/job/877186200,2026-07-20T11:37:06.0130,systems administrator,cloud_devops,
Supervisory Diagnostic Radiologic Technologist,"The Supervisory Diagnostic Radiologic Technologist (DRT) will serve as the Chief Radiologic Technologist at the Detroit VA Medical Center. The incumbent will have full responsibility for technical aspects and patient care functions within the general radiography, CT, MRI, Ultrasound, and Interventional Radiology. The incumbent has direct supervisory responsibility over the technologist and subordinate staff in the Nuclear Medicine Section.",usajobs,CBSR-13003530-26-JRT,Veterans Health Administration,"Detroit, Michigan",https://www.usajobs.gov:443/job/876227300,2026-07-13T08:30:57.5930,systems administrator,cloud_devops,
Supervisory Health Systems Specialist,"The VA Long Beach Healthcare System is currently recruiting one Health System Specialist, in the Quality Management Service in Long Beach, California. The incumbent functions as a Supervisory Facilities System Redesign Coordinator. Welcome to VA Long Beach Tibor Rubin - History",usajobs,CBSX-13007764-26-MA,Veterans Health Administration,"Long Beach, California",https://www.usajobs.gov:443/job/876631700,2026-07-15T12:07:45.3600,systems administrator,cloud_devops,business
Health System Specialist,"This position is located within the Quality and Patient Safety (QPS) Office of the Atlanta Veterans Health Care System (AVAHCS). Its primary function is to serve as the Policy Manager on the QPS Administrative Team, reporting to the QPS Supervisory Management Program Analyst. The role provides leadership and professional support for the Policy program and oversees the management of risks associated with outdated VA/VHA Directives and other medical center policies.",usajobs,CBTB-13001143-26-TJ,Veterans Health Administration,"Atlanta, Georgia",https://www.usajobs.gov:443/job/875929100,2026-07-10T00:00:00.0000,systems administrator,cloud_devops,business
Health Systems Specialist (Associate Group Practice Manager),The primary purpose of the position is to provide assistance and support to the ACOD/GPM and to all ambulatory care services in the facility and related Community Based Outpatient Clinics (CBOCs) as it relates to access to care as applicable.,usajobs,CAZM-13005148-26-GLP,Veterans Health Administration,"Dallas, Texas",https://www.usajobs.gov:443/job/876191800,2026-07-10T17:31:42.3970,systems administrator,cloud_devops,
Health System Specialist,"The VA Northeast Ohio Healthcare System is recruiting for a Health System Specialist. The Health System Specialist will function in the Office of the Director. The primary purpose of this position is to serve as the Staff Assistant to the Medical Center Director, Deputy Director, and Associate Director.",usajobs,CBSR-13003808-26-NN,Veterans Health Administration,"Cleveland, Ohio",https://www.usajobs.gov:443/job/876333000,2026-07-13T15:53:15.2370,systems administrator,cloud_devops,business
Health System Specialist (Change Management),"This position is located in the Change Management, Electronic Health Record Modernization Integration Office (EHRM-IO) for the Department of Veterans Affairs within the Office of the Deputy Secretary of VA (DEPSECVA), where the incumbent serves as a Change Management Health System Specialist. This position will be physically located in a VA owned or leased office/space and require up to 75% official travel.",usajobs,CARX-13005840-26-TLO,Electronic Health Record Modernization,Location Negotiable After Selection,https://www.usajobs.gov:443/job/877122800,2026-07-20T10:14:24.0400,systems administrator,cloud_devops,
Deputy CFO,"Serves as the NASA Deputy Chief Financial Officer (CFO) reporting to the Agency CFO. As a key leader on the senior leadership team and senior civil servant in the Office of the CFO, the incumbent oversees NASA's ~$25B annual budget and the day-to-day operations while driving long-term strategic initiatives. The Deputy CFO ensures effective management, efficient use of Agency resources, and NASA Center resources are employed toward the achievement of NASA's strategic plan and overall mission.",usajobs,HQ-26-ES-13002856,"Headquarters, NASA","Washington, District of Columbia",https://www.usajobs.gov:443/job/876196300,2026-07-13T00:00:00.0000,systems administrator,cloud_devops,business
AIR TRAFFIC CONTROL SPECIALIST (TERMINAL) - DIRECT HIRE AUTHORITY,"Click on ""Learn more about this agency"" button below to view Eligibilities being considered and other IMPORTANT information. The primary purpose of this position, AIR TRAFFIC CONTROL SPECIALIST (TERMINAL), GS-2152-12, is to provide air traffic control (ATC) services to military, civilian and commercial aircraft operating within the airspace assigned to Eglin Radar Control Facility (ERCF).",usajobs,AFMC-215212-13004140-CHH,Air Force Materiel Command,"Eglin AFB, Florida",https://www.usajobs.gov:443/job/876014000,2026-07-10T00:00:00.0000,systems administrator,cloud_devops,
"Director, Great Lakes Regional Airports Division","The Airports organization provides leadership to airport owners and operators, and other key stakeholders, to ensure that U.S. airports are as safe and efficient as possible. Help us shape the future of aviation by leading and supporting the safety, efficiency, sustainability, and fiscal responsibility of airports across the nation.",usajobs,EXE-ARP-26-2-99535,Federal Aviation Administration,"Des Plaines, Illinois",https://www.usajobs.gov:443/job/876188100,2026-07-13T00:00:00.0000,systems administrator,cloud_devops,business
Supervisory IT Specialist,"Join VA's Infrastructure Operations (IO) to deliver and maintain secure, high-availability IT and cloud solutions. Help protect and modernize mission-critical systems and support quality services for Veterans. Work in a dynamic, innovative environment as an Apply Now! Located in the Principal Deputy Assistant Secretary (PDAS)/Infrastructure Operations (IO)/Enterprise Service Management (ESM)/Product Services & Platform Management(PSPM).",usajobs,DHA-IOS-26-ARC-13008098-NBU,Deputy Assistant Secretary for Information and Technology,"Charleston, South Carolina",https://www.usajobs.gov:443/job/877069100,2026-07-20T00:00:00.0000,systems administrator,cloud_devops,
Health System Specialist,"This position serves as the High Reliability Organization (HRO) Coordinator within Quality Management at the Tuscaloosa VA Medical Center. Responsible for coordinating, implementing, evaluating, and sustaining programs that support patient safety, quality improvement, and High Reliability principles across the organization in support of the Veterans Health Administration's HRO initiatives.",usajobs,CBTB-13001631-26-AV,Veterans Health Administration,"Tuscaloosa, Alabama",https://www.usajobs.gov:443/job/876075000,2026-07-10T10:20:20.7800,systems administrator,cloud_devops,
Lead Health System Specialist,The incumbent serves as a Lead Health Systems Specialist within the Credentialing and Privileging Office. The Lead Health System Specialist is responsible for assisting the Credentialing and Privileging Manager with the operation of the Credentialing and Privileging Program Office at the John J. Pershing VA Medical Center. This position is responsible for providing extensive support in the management of Credentialing and Privileging program activities.,usajobs,CBSS-13005868-26-AV,Veterans Health Administration,"Poplar Bluff, Missouri",https://www.usajobs.gov:443/job/876511900,2026-07-15T00:00:00.0000,systems administrator,cloud_devops,
TITLE 32 CONTRACT SPECIALIST (MI USPFO),"THIS IS AN ARMY NATIONAL GUARD TITLE 32 EXCEPTED SERVICE POSITION. This National Guard position is for a TITLE 32 CONTRACT SPECIALIST (MI USPFO), Position Description Number NGD2622000 and is part of the MI USPFO, Michigan Army National Guard. MICHIGAN ARMY NATIONAL GUARD MEMBERSHIP IS REQUIRED. If you are not sure you are eligible for military membership, please contact a Michigan Army National Guard recruiter prior to applying for this position.",usajobs,MI-12997263-AR-26-188,Army National Guard Units,"Lansing, Michigan",https://www.usajobs.gov:443/job/875500700,2026-07-07T09:31:09.2470,systems administrator,cloud_devops,
TITLE 5 CONTRACT SPECIALIST (MI USPFO),"THIS IS A NATIONAL GUARD TITLE 5 EXCEPTED SERVICE POSITION. This National Guard position is for a TITLE 5 CONTRACT SPECIALIST (MI USPFO), Position Description Number NGT0047000 and is part of the MI USPFO, National Guard.",usajobs,MI-13011707-T5-AR-26-210,Army National Guard Units,"Lansing, Michigan",https://www.usajobs.gov:443/job/876822400,2026-07-16T11:47:21.8730,systems administrator,cloud_devops,
Health System Specialist,"This position is located in the Department of Veterans Affairs, Veterans Health Administration, Office of the Director, VA Salt Lake City Health Care System, at the George E. Wahlen VA Medical Center (VAMC). The primary purpose of the Organizational Health Specialist is the oversight and integration of the Harassment Prevention Program and advance strategies that enhance accountability, reduce harm, and reinforce organizational safety across the Health Care System.",usajobs,CBSU-13004203-26-ES,Veterans Health Administration,"Salt Lake City, Utah",https://www.usajobs.gov:443/job/876576600,2026-07-15T12:16:45.5900,systems administrator,cloud_devops,
Whole Health Program Manager,"The position is a Supervisory Health System Specialist - Whole Health Program Manager who is responsible for the overall planning, development, and coordination, of a comprehensive and complex Whole Health System. This position reports to the Director/Chief of Whole Health or designee. Operating in a Whole Health System of care, the position operates in a model with three core elements, seeking to create a personalized health plan for each Veteran.",usajobs,CBSX-13002348-26-JAD,Veterans Health Administration,"San Diego, California",https://www.usajobs.gov:443/job/876667000,2026-07-16T12:36:35.3530,systems administrator,cloud_devops,
Health System Specialist,"The position is at the full performance level located in the Department of Veterans Affairs (VA), Veterans Health Administration (VHA), at the VA Greater Los Angeles Healthcare System (VAGLAHS) in the Director's Office and will report directly to the Associate Director, Operations.",usajobs,CBSX-13006982-26-MB,Veterans Health Administration,"Los Angeles, California",https://www.usajobs.gov:443/job/877124100,2026-07-17T18:01:32.5000,systems administrator,cloud_devops,
Contract Specialist,"This position responsible for the solicitation, analysis, negotiation, award and administration of a group of contracts, such as definite quantity, indefinite quantity, indefinite delivery, requirements, multi-year, option year, direct vendor supply, task or delivery orders, national preferred and Federal Supply Schedules, some containing economic price adjustment provisions.",usajobs,CCLQ-13007762-26-JT,"Executive Director, Office of Acquisition, Logistics and Construction",Multiple Locations,https://www.usajobs.gov:443/job/877196200,2026-07-20T11:22:46.0270,systems administrator,cloud_devops,
Chief Nurse - Sterile Processing,"The Chief Nurse(RN) of Sterile Processing Services assumes responsibility for all aspects of the Sterile Processing Service to include high level disinfection, sterilization, sterile storage, infection control and prevention as well as customer satisfaction throughout the continuum of care.",usajobs,CBTF-13007018-26-HW-ALPHA,Veterans Health Administration,"Washington, District of Columbia",https://www.usajobs.gov:443/job/877042800,2026-07-17T12:11:53.9230,systems administrator,cloud_devops,
"Chief Nurse (RN), Community Care Service","This position is located at the Richard L. Roudebush VAMC Indianapolis, IN Community Care Service. The Nurse IV Chief Nurse (CN), Community Care Service, executes leadership that is characterized by substantial and continuous responsibility and accountability for population groups or integrated programs that cross services and/or discipline lines and influence the organizational healthcare mission.",usajobs,CBSR-13013768-26-RBW,Veterans Health Administration,"Indianapolis, Indiana",https://www.usajobs.gov:443/job/877244400,2026-07-20T14:20:05.8070,systems administrator,cloud_devops,business
Health System Specialist,"The Health System Specialist serves as the Medical Center Planning expert on strategic initiatives, maintaining a familiarity with current and upcoming clinical and administrative programs and their relationship to one another; the existence of sharing and contractual arrangements, grants, and memorandums of understanding for implementing partnerships to provide and obtain healthcare services; and the relationship of Medical Center activities with research needs, and educational affiliations.",usajobs,CAZM-13005657-26-KJH,Veterans Health Administration,"Temple, Texas",https://www.usajobs.gov:443/job/876514300,2026-07-14T16:07:44.1530,systems administrator,cloud_devops,
Advanced Diagnostic Radiologic Technologist - Multi Modality,"This is an OPEN CONTINOUS ANNOUNCEMENT and will remain open until September 30, 2026. Applications will be accepted on an ongoing basis and qualified candidates will be referred periodically every 15 days until the position is filled. The VA New Jersey Health Care System is recruiting 1 Full-Time Advance Diagnostic Radiologic Technologist (Multi-Modality) position located in East Orange, New Jersey.",usajobs,CBTE-12884650-26-AW,Veterans Health Administration,"East Orange, New Jersey",https://www.usajobs.gov:443/job/857865000,2026-02-17T00:00:00.0000,systems administrator,cloud_devops,business
Health Systems Specialist,"This position is located within the Products and Services Department, at Phoenix Indian Medical Center, Phoenix, AZ. The purpose of the position is to perform a variety of management analysis assignments that involve the application of qualitative and quantitative methods for the analysis and evaluation of internal, organizational administrative operations to determine their efficiency and effectiveness. A REAL ID will be required beginning May 7, 2025, in accordance with 6 C.F.R. 37.5 (2021).",usajobs,IHS-26-PX-12998038-ESEP/MP,Indian Health Service,"Phoenix, Arizona",https://www.usajobs.gov:443/job/877043600,2026-07-17T12:39:05.5800,systems administrator,cloud_devops,
HEALTH TECHNICIAN,"This National Guard position is for a HEALTH TECHNICIAN, Position Description Number D1724000 and is part of the 155 ARW MEDICAL GROUP, Nebraska Air National Guard.",usajobs,NE-12822186-AF-26-001,Air National Guard Units,"Lincoln, Nebraska",https://www.usajobs.gov:443/job/850053400,2025-11-13T00:00:00.0000,systems administrator,cloud_devops,
HEALTH TECHNICIAN,"Opened Area(s) of Consideration: 1, 2, 3 DEFINITION OF AREA(S) OF CONSIDERATION: Area 1 - AKNG Permanent or Indefinite technicians. Area 2 - All AKNG members. Area 3 - All other current military members who are eligible to join the Alaska Air National Guard. PDCN: D1724000 MPCN: 3400845313 Selecting Supervisor: Tyler J. Toth",usajobs,AK-12868309-AF-26-055-B,Air National Guard Units,"Eielson AFB, Alaska",https://www.usajobs.gov:443/job/855077300,2026-01-21T00:00:00.0000,systems administrator,cloud_devops,
"Executive Director, Analysis and Intake","The Executive Director, Analysis and Intake, Security Capabilities (SC), Transportation Security Administration (TSA) oversee and manages the day-to-day operations of four subordinate Divisions: Intake, Modeling & Capacity Analysis, Operations Improvement, and Capability Integration & Optimization.",usajobs,HQ-SC-26-74876-ERD,Transportation Security Administration,"Springfield, Virginia",https://www.usajobs.gov:443/job/875913100,2026-07-09T11:56:45.3500,systems administrator,cloud_devops,
Advanced Medical Support Assistant,"The Salt Lake City VA Health Care System is recruiting for Advanced Medical Support Assistants (AMSA) position in Health Administration Service and Community Care Service at Salt Lake City, Utah. The AMSA is primarily responsible for customer service, scheduling, and administrative support for the assigned clinics/providers and other duties as assigned they relate to care coordination for treatment of patients in the medical center or outpatient clinic.",usajobs,CBSU-12962827-26-CTR,Veterans Health Administration,"Salt Lake City, Utah",https://www.usajobs.gov:443/job/869805300,2026-05-18T17:23:17.8330,systems administrator,cloud_devops,business
Health System Specialist- Credentialing and Privileging Specialist,"The incumbent is assigned to the Medical Staff Office, which is under the Chief of Staff at a VA Medical Center (VAMC) and is responsible for providing administrative and technical direction and support to the credentialing and privileging (C&P) operations. The C&P Specialist is aligned to and supervised by the C&P Manager.",usajobs,CBTG-13014660-26-MH,Veterans Health Administration,"Lexington, Kentucky",https://www.usajobs.gov:443/job/877257900,2026-07-20T15:06:11.3830,systems administrator,cloud_devops,
TRAINING TECHNICIAN,"This National Guard position is for a TRAINING TECHNICIAN, Position Description Number D0928000 and is part of the OH G3 Operations and Training, Ohio Army National Guard. The purpose of this position is to serve as technical advisor for the management and administration of the Individual Training Management Program for the state.",usajobs,OH-12996513-AR-26-163-T,Army National Guard Units,"Columbus, Ohio",https://www.usajobs.gov:443/job/875534700,2026-07-07T11:40:04.0830,systems administrator,cloud_devops,
Management Assistant - Mental Health Service,"The Organizational location of the Position is: Administrative section, Mental Health Service, VA North Texas Health Care system (VANTHCS), Dallas, TX.",usajobs,CAZM-13004017-26-RV,Veterans Health Administration,"Dallas, Texas",https://www.usajobs.gov:443/job/876407100,2026-07-14T10:33:05.1670,systems administrator,cloud_devops,
CONTRACT SPECIALIST,"This is a Washington National Guard Title 5 Excepted Service Technician position: CONTRACT SPECIALIST Location: Washington United States Property and Fiscal Office CAMP MURRAY, Washington 98430 Army National Guard Units Appointment Type: Permanent, excepted service Advertised as: Title 5 May be used to fill one or more vacancies. *Ensure you read this announcement in its entirety, complete all application requirements, and your USA Jobs profile name is accurate*",usajobs,WA-13003828-AR-T526-0202,Army National Guard Units,"Camp Murray, Washington",https://www.usajobs.gov:443/job/876536300,2026-07-14T17:42:07.8230,systems administrator,cloud_devops,
Associate Chief Nurse (Community Care),"The Associate Chief Nurse (ACN) for Community Care executes leadership that is characterized by substantial and continuous responsibility and accountability for population groups or integrated programs that cross services and/or discipline lines and, influence the organizational healthcare mission. The ACN functions as an advisor, administrator, educator, consultant, and mentor who possesses a wide range of experience and leadership ability.",usajobs,CBSZ-13006484-26-AB,Veterans Health Administration,"Coatesville, Pennsylvania",https://www.usajobs.gov:443/job/876630400,2026-07-15T12:03:39.3030,systems administrator,cloud_devops,business
Healthcare Engineer-Project Engineer,"This position performs project planning, produces designs, manages designs, manages construction, and provides construction administration for Minor Construction Projects, Non-Recurring Maintenance (NRM) Projects, Station Level Projects, and Leases, including all areas and aspects (architectural, electrical, life safety, mechanical, civil, structural, etc.) at an assigned medical center and associated Community Based Outpatient Clinic.",usajobs,CBSV-12978740-26-JM,Veterans Health Administration,"Seattle, Washington",https://www.usajobs.gov:443/job/871949400,2026-06-05T12:27:09.6200,systems administrator,cloud_devops,
Healthcare Engineer,"The position serves as a Project Engineer to perform project planning, produce designs, manages designs, manages construction, and provide construction administration for Minor Construction Projects, Non-Recurring Maintenance (NRM) Projects, Station Level Projects, and Leases, including all areas & aspects (architectural, electrical, life safety, mechanical, civil, structural, etc.). This is Not a Biomedical Technician position where the focus is maintenance and repair of medical equipment.",usajobs,CBSR-12989042-26-CS,Veterans Health Administration,"Indianapolis, Indiana",https://www.usajobs.gov:443/job/873918800,2026-06-23T00:00:00.0000,systems administrator,cloud_devops,
Medical Records Technician (Coder Inpatient),"Inpatient (Coder) select codes from current versions of ICD CM, PCS classification systems for inpatient facility and/or professional services. Inpatient duties consist of the performance and review of documentation within the health record to assign ICD codes for diagnosis, complications/major complications, comorbid/major comorbid conditions, surgery, and procedures for assignment of diagnosis related groups (DRG),and/or assigning CPT/HCPCS codes.",usajobs,CBTG-12999599-26-TMF,Veterans Health Administration,"Memphis, Tennessee",https://www.usajobs.gov:443/job/875559400,2026-07-06T00:00:00.0000,systems administrator,cloud_devops,
Medical Record Technician (Coder-Outpatient and Inpatient),"This position is in the Health Information Management (HIM) section at Memphis VA Medical Center. MRT (Coder) are skilled in classifying medical data from patient health records in the hospital setting, and/or physician-biased settings, such as group practices, multi-specialty clinics, and specialty centers.",usajobs,CBTG-13000139-26-TMF,Veterans Health Administration,"Memphis, Tennessee",https://www.usajobs.gov:443/job/876954400,2026-07-17T07:31:40.4130,systems administrator,cloud_devops,
Facility Healthcare Program Manager (O-5 Billet) Non-Supervisory,"The Facility Healthcare Program Manager (FHPM) oversees healthcare operations at medium to large ICE Health Service Corps facilities, ensuring compliance with accreditation standards, risk management, and quality improvement. The FHPM reports to the AHSA and manages clinical programs, staff training, emergency preparedness, and supports safe, high-quality care delivery. This position is only open to USPHS officers and Call to Active Duty (CAD) candidates.",usajobs,IHSC-PI-TX-FHPM-O5-NS-2026,Immigration and Customs Enforcement,"Port Isabel, Texas",https://www.usajobs.gov:443/job/844774200,2025-10-04T00:00:00.0000,systems administrator,cloud_devops,cybersecurity
"Physician, Medical Asset Support Team (O-6 Billet) Non-Supervisory","The Physician, Medical Asset Support Team (MAST), provides direct patient care during ICE removal missions and DHS operations, including emergency response and medical oversight in austere environments. The role requires advanced medical expertise, adaptability, readiness for rapid deployment, and collaboration with multiple agencies and stakeholders. This position is only open to USPHS officers and Call to Active Duty (CAD) candidates.",usajobs,IHSC-MAST-P-O6-NS-2026,Immigration and Customs Enforcement,"Washington, District of Columbia",https://www.usajobs.gov:443/job/846588600,2025-10-04T00:00:00.0000,systems administrator,cloud_devops,
HAZMAT SPECIALIST (Title 32),"This position is located at the 149 Logistics Readiness Squadron on Kelly AFB in San Antonio, TX. The primary purpose of this position is to provide management control, oversight, coordination, and implementation of the base ""HAZMAT Pharmacy"" program and operation. Texas is one of 9 states with NO state income tax.",usajobs,TX-12844233-AF,Air National Guard Units,"Kelly AFB, Texas",https://www.usajobs.gov:443/job/854315900,2026-07-02T00:00:00.0000,systems administrator,cloud_devops,
Behavioral Health Provider (O-5 Billet) Non-Supervisory,"Behavioral Health Provider delivers mental health assessment, counseling, and case management for ICE detainees. Duties include clinical evaluation, treatment planning, crisis intervention, staff education, and coordination with multidisciplinary teams. Requires doctoral or master's degree, clinical license, and 4+ years' experience. This position is non-supervisory and may serve as Team Lead. This position is only open to USPHS officers and Call to Active Duty (CAD) candidates.",usajobs,IHSC-BHP-TWA-O5-NS-2026,Immigration and Customs Enforcement,"Tacoma, Washington",https://www.usajobs.gov:443/job/871579500,2026-06-04T00:00:00.0000,systems administrator,cloud_devops,
HAZMAT SPECIALIST (T32),"THIS IS AN AIR NATIONAL GUARD TITLE 32 EXCEPTED SERVICE POSITION UNIT: 148th Log Readiness Sq LOCATION: Duluth, Minnesota SELECTING OFFICIAL: Ms. Kelsi Lilliberg, Comm: 218-788-7243, DSN: 8257243. AIR NATIONAL GUARD MEMBERSHIP IS REQUIRED Appointment is subject to 2 year trial period IAW EO 14284",usajobs,MN-12998606-AF-26-157,Air National Guard Units,"Duluth, Minnesota",https://www.usajobs.gov:443/job/875381000,2026-07-06T10:44:06.4430,systems administrator,cloud_devops,
Program Support Assistant,"The incumbent will serve as the Program Support Assistant for the Associate Chief of Staff CBOC Operations Management (ACOS-COM). The incumbent will provide comprehensive technical and secretarial assistance to nursing staff, administrative staff, and medical providers and staff. The incumbent works under the supervision of the Administrative Officer who oversees daily operational throughput for the service.",usajobs,CBSR-13001593-26-RLC,Veterans Health Administration,"Toledo, Ohio",https://www.usajobs.gov:443/job/876595000,2026-07-15T10:13:59.8100,systems administrator,cloud_devops,
SUPPLY TECHNICIAN (T32),"THIS IS A NATIONAL GUARD TITLE 32 EXCEPTED SERVICE POSITION. This National Guard position is for a SUPPLY TECHNICIAN (T32), Position Description Number D1951000 and is part of the AL 187TH Fighter Wing, National Guard. ORGANIZATION: 187 FW, MONTGOMERY, AL SELECTING OFFICIAL: SMSGT E. GRAMATZKI",usajobs,AL-12995515-AF-26-178,Air National Guard Units,"Montgomery, Alabama",https://www.usajobs.gov:443/job/874852600,2026-06-30T10:51:32.5270,systems administrator,cloud_devops,
Network Engineer,"The Network Engineer provides operational support and monitoring for Cisco, Cisco Meraki, and Microsoft infrastructure products. The incumbent performs routine network administration and assists other IT staff with system administration in a virtualized environment.",usajobs,CFC-2026-07-IT,U.S. Courts,"Washington, District of Columbia",https://www.usajobs.gov:443/job/874818100,2026-06-22T00:00:00.0000,network engineer,cloud_devops,
Network Engineer--DHA,"IT Specialist Network Engineer position(s) are being filled through the Office of Personnel Management's delegated Direct Hire Authority, open to all U.S. citizens. Selections made under this bulletin will be processed as new appointments to the civil service. Current civil service employees would, therefore, be given new appointments to the civil service. Under the provisions of the Direct Hire Authority, Veterans Preference and the ""Rule of Many"" do not apply.",usajobs,SSA-129033733-DHA-26-CIO,Social Security Administration,Multiple Locations,https://www.usajobs.gov:443/job/860176400,2026-03-09T00:00:00.0000,network engineer,cloud_devops,
Healthcare Engineer (Network Engineer),"The Network Engineer at Robley Rex VAMC serves as the authoritative technical expert responsible for the architecture, engineering, cybersecurity, and sustained operation of special purpose networked systems that are mission critical to patient care, life safety, and regulatory compliance within a complex medical center environment.",usajobs,CBTG-13007677-26-KLB,Veterans Health Administration,"Louisville, Kentucky",https://www.usajobs.gov:443/job/877175700,2026-07-20T10:11:16.1070,network engineer,cloud_devops,cybersecurity
Healthcare Engineer - Network,"The incumbent serves as the authoritative technical expert responsible for the architecture, engineering, cybersecurity, and sustained operation of special purpose networked systems that are mission-critical to patient care, life safety, and regulatory compliance within a complex medical center environment. The position plans, designs, implements, integrates, and maintains high-availability server and network infrastructures supporting clinical, environmental, and compliance-driven systems.",usajobs,CBTG-12961610-26-AH-OCA,Veterans Health Administration,"Lexington, Kentucky",https://www.usajobs.gov:443/job/869353200,2026-05-14T11:52:56.2870,network engineer,cloud_devops,cybersecurity
Network Systems Engineer,"The Office of the Chief Administrative Officer (CAO) provides operations support services and business solutions to the community of 10,000 House Members, Officers and staff.",usajobs,req5529,House of Representatives,"Washington, District of Columbia",https://www.usajobs.gov:443/job/877173600,2026-07-20T00:00:00.0000,network engineer,cloud_devops,
Supervisory Healthcare Engineer (Deputy),"The Supervisory Healthcare Engineer (Deputy) position is within the Office of the Director and is assigned to Veterans Integrated Service Network (VISN) 1, New England Healthcare System. This position is full-time at 40 hours per week. This position serves as the Veterans Integrated Service Network (VISN) Engineer for all activities related to engineering operations, compliance and/or construction and leases medical equipment installations. Location negotiable within VISN 1, upon selection.",usajobs,CBTD-12999046-26-EN,Veterans Health Administration,Multiple Locations,https://www.usajobs.gov:443/job/875489800,2026-07-07T08:51:29.2500,network engineer,cloud_devops,cybersecurity
Healthcare Engineer (VISN Energy Manager),"The Healthcare Engineer (VISN Energy Manager) position is within the VISN 1 Director's office and is assigned to the Veterans Integrated Service Network (VISN) 1, New England Healthcare System. This position is permanent and full-time at 40 hours per week. Location negotiable within VISN 1, upon selection.",usajobs,CBTD-13005699-26-SLR,Veterans Health Administration,Multiple Locations,https://www.usajobs.gov:443/job/876805600,2026-07-16T00:00:00.0000,network engineer,cloud_devops,
IT Specialist (Network Services),"About the Position: This position is in the Defense Civilian Intelligence Personnel System (DCIPS). Employees occupying DCIPS positions are in the Excepted Service and must adhere to U.S. Code, Title 10, as well as Department of Defense Instruction 1400.25. This position is located at the 706th Military Intelligence Group, Installation and Logistics Office, located at Fort Gordon, GA.",usajobs,SDST-26-13002256-DCIPS,U.S. Army Intelligence and Security Command,"Fort Gordon, Georgia",https://www.usajobs.gov:443/job/875829500,2026-07-14T00:00:00.0000,network engineer,cloud_devops,
Computer Engineer,"This position is located in the Department of Homeland Security (DHS), United States Coast Guard (USCG), DEP COMDT FOR MISSION SUPPORT , ASSISTANT COMMANDANT FOR ACQUISITION (CG-9), DIRECTOR OF ACQUISITION PROGRAM EXECUTIVE OFFICER (CG-93), MAJOR SYSTEMS ACQ PROGRAM MANAGER (C2CI) (CG-9335) located in Washington, District of Columbia.",usajobs,26-12875594-HQ-ADB-EH,U.S. Coast Guard,"Washington, District of Columbia",https://www.usajobs.gov:443/job/876492500,2026-07-15T00:00:00.0000,network engineer,cloud_devops,
Diplomatic Security: Foreign Service Security Engineering Officer (FS-2550),The U.S. Department of State is developing a rank-ordered list of eligible hires for a limited number of Foreign Service Security Engineering Officer vacancies based on the needs of the Department. Learn more about a career in the Foreign Service and about the Bureau of Diplomatic Security by clicking provided links. There is more to joining the Foreign Service than just salary. Refer to the Benefits section for more information on total compensation. A recruitment incentive may be available.,usajobs,SEO-2026-0001,Department of State - Agency Wide,Department of State Posts - Overseas and Domestic,https://www.usajobs.gov:443/job/866369500,2026-04-27T00:00:00.0000,network engineer,cloud_devops,
Civil Engineer Highway Construction Project Engineer - DH,"Federal Highway Administration (FHWA) has Civil Engineer (Construction) positions available in the Central Federal Lands Highway Division (CFLHD). Projects occur primarily on Federal Lands managed by other Federal agencies (e.g., National Park Service and U.S. Forest Service) and include multi-state areas.",usajobs,FHWA.CFL-2026-0005,Federal Highway Administration,Multiple Locations,https://www.usajobs.gov:443/job/864303200,2026-04-08T00:00:00.0000,network engineer,cloud_devops,
Supervisory Civil Engineer (Highway) (Construction Operations Engineer) - SME,"This position is located in the Federal Highway Administration's (FHWA) Federal Lands Highway (FLH) Division and supports the Division as an expert in construction operations. Supervises a staff of engineers and technicians in administering contracts related to highway construction projects. The projects occur primarily on Federal Lands managed by other Federal agencies, such as the National Park Service and U.S. Forest Service and include a multi-state area.",usajobs,FHWA.CFL-2026-0003,Federal Highway Administration,"Lakewood, Colorado",https://www.usajobs.gov:443/job/864483900,2026-04-09T00:00:00.0000,network engineer,cloud_devops,
INTERDISCIPLINARY,"About the Position: This position is within the OCIO/G6 Enterprise Engineering team and is focused on identifying, designing and delivering enterprise cyber security solutions in response to changes in the very dynamic threat landscape.",usajobs,CERA-26-12975420-MP,U.S. Army Corps of Engineers,Multiple Locations,https://www.usajobs.gov:443/job/876824100,2026-07-17T00:00:00.0000,network engineer,cloud_devops,
Fall 2026 IT Intern (Triage Analyst),"The Administrative Office (AO), an agency of the judicial branch of the federal government, is committed to serving and supporting the federal court system of the United States. The AO provides a broad range of legislative, legal, financial, technology, management, administrative and program support services to the federal courts.",usajobs,26-CIO-13005632,Administrative Office of the U.S. Courts,"Washington, District of Columbia",https://www.usajobs.gov:443/job/876323200,2026-07-16T00:00:00.0000,network engineer,cloud_devops,
Fall 2026 IT Intern (Digital Forensic Analyst),"The Administrative Office (AO), an agency of the judicial branch of the federal government, is committed to serving and supporting the federal court system of the United States. The AO provides a broad range of legislative, legal, financial, technology, management, administrative and program support services to the federal courts.",usajobs,26-CIO-13005338,Administrative Office of the U.S. Courts,"Washington, District of Columbia",https://www.usajobs.gov:443/job/876231200,2026-07-15T14:17:00.2030,network engineer,cloud_devops,
IT Specialist (Software Developer/ Web Developer),"This is a full-time position with the Information Technology at the Supreme Court of the United States in Washington, D.C. Closing Date: Thursday, 07/23/2026, 11:59 PM ET Please note that this vacancy has a limit of 200 applicants. The job opportunity announcement will automatically close if that limit is reached prior to the closing date. Previous applicants do not need to reapply.",usajobs,SCOTUS-13002067-IT,Supreme Court of the United States,"Washington, District of Columbia",https://www.usajobs.gov:443/job/875933500,2026-07-09T13:01:18.3000,web developer,web_development,
Node-React Full Stack Web Application Developer,"IT Specialist (APPSW), Node-React Full Stack Web Application Developer positions are being filled through the Office of Personnel Management's delegated Direct Hire Authority, open to all U.S. citizens. Selections made will be processed as new appointments to the civil service. Current civil service employees would, therefore, be given new appointments to the civil service. Under the provisions of the Direct Hire Authority, Veterans Preference and the ""Rule of Many"" do not apply.",usajobs,SH12871342-26-DHA,Social Security Administration,"Woodlawn, Maryland",https://www.usajobs.gov:443/job/855341900,2026-01-26T00:00:00.0000,web developer,web_development,
JAVA Angular Full Stack Web Application Developer,"IT Specialist (APPSW), JAVA Angular Full Stack Web Application Developer positions are being filled through the Office of Personnel Management's delegated Direct Hire Authority, open to all U.S. citizens. Selections made will be processed as new appointments to the civil service. Current civil service employees would, therefore, be given new appointments to the civil service. Under the provisions of the Direct Hire Authority, Veterans Preference and the ""Rule of Many"" do not apply.",usajobs,SH12871114-26-DHA,Social Security Administration,"Woodlawn, Maryland",https://www.usajobs.gov:443/job/855330700,2026-01-26T00:00:00.0000,web developer,web_development,computer_science
Node-React Full Stack Web Application Developer - DHA,"IT Specialist (APPSW), Node-React Full Stack Web Application Developer positions are being filled through the Office of Personnel Management's delegated Direct Hire Authority, open to all U.S. citizens. Selections made will be processed as new appointments to the civil service. Current civil service employees would, therefore, be given new appointments to the civil service. Under the provisions of the Direct Hire Authority, Veterans Preference and the ""Rule of Many"" do not apply.",usajobs,SSA-12931880-DHA-26-CIO,Social Security Administration,"Woodlawn, Maryland",https://www.usajobs.gov:443/job/865142100,2026-04-15T00:00:00.0000,web developer,web_development,
Node React/Java Full Stack Web Developer,"The position description number for this position is PD6F0110. A summary of the major duties are listed below. You may also view the full position description on the Agency intranet at the following link: PD Search Serves as an IT Specialist and technical advisor for the Chief Information Officer and provides expert advice, guidance, and coordinative activities relating to software development and engineering.",usajobs,SSA-13005012-MP26-CIO,Social Security Administration,Multiple Locations,https://www.usajobs.gov:443/job/876970100,2026-07-20T00:00:00.0000,web developer,web_development,computer_science
IT SPEC (APPSW),You will serve as a IT SPEC (APPSW) in the Programs and Resources Division of HQ US MARINE CORPS.,usajobs,ST-13011828-26-NBH,U.S. Marine Corps,"Indianapolis, Indiana",https://www.usajobs.gov:443/job/877215500,2026-07-20T12:46:55.8570,web developer,web_development,
IT Project Manager (APPSW/INFOSEC),"This position serves as a IT Project Manager (APPSW/INFOSEC), located in the Department of Justice, Chief Information Officer, Cybersecurity Services Staff, National Classified Systems, Software Engineering Branch. The incumbent is responsible for Managing IT projects and leading a cross functional technical team using agile delivery practices. Monitoring project schedule, budget, scope and risks and ensuring compliance with federal mandates and/or industry best practices.",usajobs,JMD-CIO-26-13002325-DHA,"Offices, Boards and Divisions","Washington, District of Columbia",https://www.usajobs.gov:443/job/876679400,2026-07-16T00:00:00.0000,information security,cybersecurity,computer_science
INFORMATION SECURITY SPECIALIST,"Click on ""Learn more about this agency"" button below to view Eligibilities being considered and other IMPORTANT information. The primary purpose of this position is: To protect the command form espionage, terrorism, and threats of unauthorized disclosure and/or compromise of information considered vital to command mission interests, national defense or national security and implement, and develop, and administer the Information Security Program for Combatant Command (COCOM).",usajobs,5I-AFPC-13005345-288872-FRJ,Air Mobility Command,"MacDill AFB, Florida",https://www.usajobs.gov:443/job/876233200,2026-07-14T00:00:00.0000,information security,cybersecurity,
"Chief Information Security Officer, NB-2210-VIII","As a Chief Information Security Officer, you will serve as operational executive responsible for the OCC's information security program and cybersecurity vision, strategy, and operations for ensuring confidentiality, integrity and availability of the OCC's critical information infrastructure and information system security This position will be located in one of the duty locations listed.",usajobs,MP-WT-26-5523-13006307,Office of the Comptroller of the Currency,Multiple Locations,https://www.usajobs.gov:443/job/876420200,2026-07-14T11:25:12.8400,information security,cybersecurity,
IT Program Manager (INFOSEC),"This position serves as a IT Program Manager (INFOSEC), located in the Department of Justice, Chief Information Officer, Cybersecurity Service Staff, Administration, Shared Services and Internal Controls Directorate in Washington, DC. The incumbent is responsible for performing enterprise IT program management duties involving cybersecurity procedures and planning, information assurance, technology modernization, governance, risk management in support of mission-critical operations.",usajobs,JMD-CIO-26-13005806-DHA,"Offices, Boards and Divisions","Washington, District of Columbia",https://www.usajobs.gov:443/job/877074400,2026-07-17T14:04:37.4870,information security,cybersecurity,
IT SPECIALIST (INFOSEC),"Click on ""Learn more about this agency"" button below to view Eligibilities being considered and other IMPORTANT information. The primary purpose of this position is: The ARC SCA / ISSM / IT Director serves as an Information Technology subject matter expert specializing as an information technology manager for the entire AF SAP Enterprise advising the ARC Authorizing Official and ARC Program Manager concerning information security/information assurance practices procedures, policies, and plans.",usajobs,41-AFPC-13003924-323063-AAE,Air National Guard,"Langley AFB, Virginia",https://www.usajobs.gov:443/job/875964500,2026-07-10T00:00:00.0000,information security,cybersecurity,
IT Specialist (INFOSEC),"See below for important information regarding this job. Position will be filled at any of the locations listed below. Site specific salary information as follows: Battle Creek, MI: $106,437 - $138,370 Columbus, OH: $111,065- $144,386 Dayton, OH: $110,401- $143,523 Fort Belvoir, VA: $121,785- $158,322 New Cumberland, PA: $121,785- $158,322 Ogden, UT: $106,437 - $138,370 Philadelphia, PA: $117,284- $152,471 Richmond, VA: $111,183- $144,540",usajobs,DLAJ6-26-13006628-MP,Defense Logistics Agency,Multiple Locations,https://www.usajobs.gov:443/job/876462800,2026-07-14T13:34:25.1300,information security,cybersecurity,
"IT Spec (INFOSEC), GS-2210-14, FPL 14 (DH)","This position is in the U.S. Department of Education (ED), Federal Student Aid (FSA). FSA is modernizing the systems that serve over 17 million students and power more than $120 billion in financial aid each year. We are building a team of IT professionals to strengthen the technical foundation of one of the federal government's highest-impact digital ecosystems.",usajobs,FSA-2026-0124,Federal Student Aid,Multiple Locations,https://www.usajobs.gov:443/job/876440300,2026-07-14T00:00:00.0000,information security,cybersecurity,
IT SPECIALIST (INFOSEC/PLCYPLN),"About the Position: This position is to be filled at one of the following Defense Health Agency locations: Falls Church, Virginia; Charleston, South Carolina; or San Antonio, Texas. This is a Direct Hire Solicitation. Salary will be based on locality. Salary negotiation may be available for those new to Federal Service.",usajobs,HQKF-26-13013171-DHA,Defense Health Agency,Multiple Locations,https://www.usajobs.gov:443/job/876889600,2026-07-18T00:00:00.0000,information security,cybersecurity,
SUPV IT SPECIALIST (INFOSEC/NETWORK) (T32),"THIS IS A NATIONAL GUARD TITLE 32 EXCEPTED SERVICE POSITION. This National Guard position is for a SUPV IT SPECIALIST (INFOSEC/NETWORK) (T32), PD# D2329000 is part of the RI 102D CYBERSPACE OPERATIONS SQUADRON. The purpose is to serve as the unit's full-time Squadron Operations Officer, providing supervision of all operational training, events, exercises, assessments and projects performed while in Title 32 status.",usajobs,RI-13001295-RIANG-26-049,Air National Guard Units,"North Kingstown, Rhode Island",https://www.usajobs.gov:443/job/876422900,2026-07-14T11:34:28.2430,information security,cybersecurity,
INFORMATION SECURITY SPECIALIST (INFO SEC/CMCC SPEC),You will serve as a INFORMATION SECURITY SPECIALIST (INFO SEC/CMCC SPEC) in the MARCORSYSCOM.,usajobs,ST-13002708-26-ALK,U.S. Marine Corps,"Quantico, Virginia",https://www.usajobs.gov:443/job/875901400,2026-07-08T00:00:00.0000,information security,cybersecurity,
IT CYBERSECURITY SPECIALIST (INFOSEC) TITLE 5,"THIS IS A NATIONAL GUARD TITLE 5 EXCEPTED SERVICE POSITION. This National Guard position is for a IT CYBERSECURITY SPECIALIST (INFOSEC) TITLE 5, Position Description Number T6376600 and is part of the IL DCSIM, National Guard.",usajobs,IL-12952481-AR-26-161,Army National Guard Units,"Springfield, Illinois",https://www.usajobs.gov:443/job/867654700,2026-05-06T00:00:00.0000,information security,cybersecurity,
IT Specialist (Infosec/Network) (Title 32) (Permanent),"THIS IS A NATIONAL GUARD TITLE 32 EXCEPTED SERVICE POSITION. This National Guard position is for a IT Specialist (Infosec/Network) (Title 32) (Permanent), Position Description Number D2341000 and is part of the VA 192 OG, National Guard.",usajobs,VA-12996839-AR-26-283a,Air National Guard Units,"Langley AFB, Virginia",https://www.usajobs.gov:443/job/874898400,2026-06-30T13:26:11.9130,information security,cybersecurity,
INFORMATION TECHNOLOGY SPECIALIST (INFOSEC),You will serve as an INFORMATION TECHNOLOGY SPECIALIST (INFOSEC) in the THEATER UNDERSEA WARFARE C5I SYSTEMS DIVISION within the UNMANNED & THEATER UNDERSEA WARFARE SYSTEMS DEPT of NAVUNSEAWARCENDIV KEYPORT WA.,usajobs,ST-13003876-26-BDM,Naval Sea Systems Command,"Keyport, Washington",https://www.usajobs.gov:443/job/876702300,2026-07-16T00:00:00.0000,information security,cybersecurity,
IT SPECIALIST (INFOSEC),"The Office of Inspector General (OIG) is an independent office whose mission is to promote excellence, integrity, and accountability throughout the Department of Homeland Security (DHS). In our dynamic environment, the OIG conducts investigations, audits, evaluations, and inspections to enhance program effectiveness and efficiency and to detect and prevent waste, fraud, and mismanagement in DHS programs and operations.",usajobs,OIG-26-DHA12988515-DF,Office of the Inspector General,"Washington, District of Columbia",https://www.usajobs.gov:443/job/873988300,2026-06-23T12:52:17.6930,information security,cybersecurity,
IT CYBERSECURITY SPECIALIST (INFOSEC),This position is being recruited under 10 USC 1599f into the Cyber Excepted Service and does NOT convey eligibility to be converted to the Competitive Service. It has been identified as a position necessary to carry out and support the mission of the US Cyber Command. It is in the Professional Work Category at the Senior Work Level within the CES Occupational Structure. It is located in the DoD Cyber Defense Command (DCDC).,usajobs,CES-DISA-13013776-26JR,Defense Information Systems Agency,"Fort Meade, Maryland",https://www.usajobs.gov:443/job/877080900,2026-07-20T00:00:00.0000,information security,cybersecurity,
Supervisory IT Specialist (INFOSEC),"This position is located in the Office of Intelligence, Surveillance, Reconnaissance, (ISR) Systems and Technology (CG-26) for the Assistant Commandant for Intelligence (CG-2), U.S. Coast Guard Headquarters, Washington, DC.",usajobs,26-12945747-HQ-AKP-EXC,U.S. Coast Guard,"District of Columbia, District of Columbia",https://www.usajobs.gov:443/job/875619000,2026-07-08T00:00:00.0000,information security,cybersecurity,
IT CYBERSECURITY SPECIALIST (INFOSEC),This position is being recruited under 10 USC 1599f into the Cyber Excepted Service and does NOT convey eligibility to be converted to the Competitive Service. It has been identified as a position necessary to carry out and support the mission of the US Cyber Command. It is in the Professional Work Category at the Senior Work Level within the CES Occupational Structure. It is located in the DISA EII/RISK MANAGEMENT DIRECTORATE.,usajobs,CES-DISA-12998696-26BLL,Defense Information Systems Agency,"Fort Meade, Maryland",https://www.usajobs.gov:443/job/876114300,2026-07-14T00:00:00.0000,information security,cybersecurity,
Information Technology Specialist (INFOSEC),"This position is part of the Office of Technology Commercialization, Department of Energy. As a Information Technology Specialist (INFOSEC), you will be providing enterprise-wide leadership in information technology, cybersecurity, data governance, and emerging technology integration. The incumbent effectively supports mission execution, safeguards sensitive systems and data, and enables the secure transition and scaling of innovative technologies.",usajobs,26-TT-13000868-MP,Department of Energy - Agency Wide,"Washington, District of Columbia",https://www.usajobs.gov:443/job/876520300,2026-07-15T00:00:00.0000,information security,cybersecurity,business
Supervisory IT Specialist (INFOSEC),"This is Phase 2 of 2. You must complete and submit this announcement to complete the required Work Sample/narrative questions and be considered for the Supervisory IT Specialist (INFOSEC) position. To complete Phase 2, click Apply, follow the USAJOBS steps, answer all required narrative questions, and submit this announcement. Your application is not complete unless both announcements show Application Submitted or your application will be incomplete.",usajobs,26-FHFA OIG-13002836-DH,Office of Inspector General for the Federal Housing Finance Agency,"Washington, District of Columbia",https://www.usajobs.gov:443/job/876532800,2026-07-15T00:00:00.0000,information security,cybersecurity,
IT Specialist (Network/INFOSEC),"About the Position: This position is located at Brooke Army Medical Center at Fort Sam Houston, Texas. This is a Direct Hire Solicitation Salary negotiation may be available for those candidates who are new to Federal service. Cisco Certified Network associate Certification (CCNA) highly desired. Network + Certification highly desired.",usajobs,HSJW-26-13007078-DHA,Military Treatment Facilities under DHA,"Fort Sam Houston, Texas",https://www.usajobs.gov:443/job/876517100,2026-07-16T13:35:02.2930,information security,cybersecurity,
Supervisory IT Specialist (INFOSEC),"The Federal Housing Finance Agency, Office of Inspector General (FHFA-OIG) promotes the economy, efficiency, and integrity of FHFA's programs and operations by conducting audits, investigations, evaluations, and reviews and recommending courses of action designed to support FHFA's mission of ensuring a safe and sound mortgage finance system that provides reliable liquidity and funding for housing finance and community investment.",usajobs,26-FHFA OIG-13001973-DH,Office of Inspector General for the Federal Housing Finance Agency,"Washington, District of Columbia",https://www.usajobs.gov:443/job/876533900,2026-07-15T00:00:00.0000,information security,cybersecurity,
Chief Information Security Officer (CISO),"Click on ""Learn more about this agency"" button below for IMPORTANT additional information. The primary purpose of this position is to manage and direct all aspects of Department of the Air Force cybersecurity staff functions, serving as the lead cybersecurity advisor and establishing DAF-wide cybersecurity strategies and policies.",usajobs,MRL26-ES30341,Department of the Air Force - Agency Wide,"Pentagon, Arlington, Virginia",https://www.usajobs.gov:443/job/875897900,2026-07-10T00:00:00.0000,information security,cybersecurity,
IT SPECIALIST (CUSTSPT/INFOSEC),"This is a public notice flyer to notify interested applicants of anticipated vacancies. Applications will not be accepted through this flyer. Interested applicants must follow the directions in the ""How to Apply"" section of this flyer to be considered. There may or may not be actual vacancies filled from this flyer. Notice of Result letters will not be sent to applicants who respond to this flyer.",usajobs,DE-13013166-26-KE,"Commander, Navy Installations Command","Naval Air Station Jacksonville, Florida",https://www.usajobs.gov:443/job/876883500,2026-07-17T00:00:00.0000,information security,cybersecurity,
IT SPECIALIST (INFOSEC),"This is a public notice flyer to notify interested applicants of anticipated vacancies. Applications will not be accepted through this flyer. Interested applicants must follow the directions in the ""How to Apply"" section of this flyer to be considered. There may or may not be actual vacancies filled from this flyer. Notice of Result letters will not be sent to applicants who respond to this flyer.",usajobs,DE-12982363-26-KTW,Bureau of Naval Personnel,"Annapolis, Maryland",https://www.usajobs.gov:443/job/872545600,2026-06-10T15:04:16.8500,information security,cybersecurity,
IT SPECIALIST (INFOSEC/APPSW),"This is a public notice flyer to notify interested applicants of anticipated vacancies. Applications will not be accepted through this flyer. Interested applicants must follow the directions in the ""How to Apply"" section of this flyer to be considered. There may or may not be actual vacancies filled from this flyer. Notice of Result letters will not be sent to applicants who respond to this flyer.",usajobs,DE-13005165-26-KMS,"Commander, Naval Information Warfare Systems Command (NAVWARSYSCOM)","Point Loma Complex, San Diego, California",https://www.usajobs.gov:443/job/876194500,2026-07-13T10:16:28.1500,information security,cybersecurity,
IT CYBERSECURITY SPECIALIST (INFOSEC),"THIS IS A NATIONAL GUARD TITLE 5 EXCEPTED SERVICE POSITION. This National Guard position is for an IT Cybersecurity Specialist, Position Description Number T57102P1 and is part of the Information Management /J6 of the Vermont Army National Guard. *This position is also advertised as a Title 32 vacancy under VT-12998251-AR-26-41 https://www.usajobs.gov/GetJob/ViewDetails/876588600",usajobs,VT-12997719-AR-26-40,Army National Guard Units,"Colchester, Vermont",https://www.usajobs.gov:443/job/876590200,2026-07-15T09:57:02.9300,information security,cybersecurity,
IT CYBERSECURITY SPECIALIST (INFOSEC),"THIS IS A NATIONAL GUARD TITLE 32 EXCEPTED SERVICE POSITION. This National Guard position is for an IT Cybersecurity Specialist, Position Description Number D2486P01 and is part of the Information Management /J6 of the Vermont Army National Guard. *This position is also advertised as a Title 5 vacancy under VT-12997719-AR-26-40 https://www.usajobs.gov/GetJob/ViewDetails/876590200",usajobs,VT-12998251-AR-26-41,Army National Guard Units,"Colchester, Vermont",https://www.usajobs.gov:443/job/876588600,2026-07-15T09:58:57.0270,information security,cybersecurity,
IT Specialist (Policy & Planning/Information Security),"About the Position: This position is located at General Leonard Wood Community Hospital in Fort Leonard Wood, Missouri. This is a Direct Hire Solicitation. A recruitment or relocation incentive may be authorized. Salary negotiation may be available for those candidates who are new to Federal service.",usajobs,HSJW-26-13007213-DHA,Military Treatment Facilities under DHA,"Fort Leonard Wood, Missouri",https://www.usajobs.gov:443/job/876667900,2026-07-17T00:00:00.0000,information security,cybersecurity,
Service Information Security Officer (SISO),"Click on ""Learn more about this agency"" button below to view Eligibilities being considered and other IMPORTANT information. The United States Space Force (USSF) is a highly specialized, independent branch of the Armed Forces organized under the Department of the Air Force (DAF). Its primary mandate is to organize, train, and equip space forces to secure and maintain freedom of operations within, from, and to the space domain.",usajobs,MRL26-10094,Department of the Air Force - Agency Wide,"Pentagon, Arlington, Virginia",https://www.usajobs.gov:443/job/876368400,2026-07-15T00:00:00.0000,information security,cybersecurity,
SUPERVISORY INFORMATION TECHNOLOGY SPECIALIST (INFOSEC/SYSANALYSIS),"This is a public notice flyer to notify interested applicants of anticipated vacancies. Applications will not be accepted through this flyer. Interested applicants must follow the directions in the ""How to Apply"" section of this flyer to be considered. There may or may not be actual vacancies filled from this flyer. Notice of Result letters will not be sent to applicants who respond to this flyer.",usajobs,DE-12984070-26-ALK,U.S. Marine Corps,"Fort Meade, Maryland",https://www.usajobs.gov:443/job/872758100,2026-06-11T13:58:19.8670,information security,cybersecurity,
SUPV IT CYBERSECURITY SPECIALIST (SYSADMIN/INFOSEC),This position is being recruited under 10 USC 1599f into the Cyber Excepted Service and does NOT convey eligibility to be converted to the Competitive Service. It has been identified as a position necessary to carry out and support the mission of the US Cyber Command. It is in the Professional Work Category at the Senior Work Level within the CES Occupational Structure. It is located in the DISA - HC/Server LOB.,usajobs,CES-DISA-13002268-26KEB,Defense Information Systems Agency,Multiple Locations,https://www.usajobs.gov:443/job/876253700,2026-07-14T00:00:00.0000,information security,cybersecurity,
"IT Spec (Infosec), GS-2210-14, FPL 14 (DH) (Open-Continuous)","This position is in the U.S. Department of Education (ED), Federal Student Aid (FSA). FSA is modernizing the systems that serve over 17 million students and power more than $120 billion in financial aid each year. We are building a team of IT professionals to strengthen the technical foundation of one of the federal government's highest-impact digital ecosystems.",usajobs,FSA-2026-0112,Federal Student Aid,"District of Columbia, District of Columbia",https://www.usajobs.gov:443/job/874661100,2026-06-29T00:00:00.0000,information security,cybersecurity,
IT Cybersecurity Specialist (INFOSEC),"This position is located in the Department of Health and Human Services, Office of the Chief Information Officer, headquartered in Washington, District of Columbia.",usajobs,HHS-OCIO-CTAP-26-13014323,Office of the Secretary of Health and Human Services,"Washington, District of Columbia",https://www.usajobs.gov:443/job/877249700,2026-07-20T14:36:58.2330,information security,cybersecurity,
Direct Hire Public Notice - IT Specialist (INFOSEC),This position is located in various organizations within the Nuclear Regulatory Commission. Please read this Public Notice carefully before applying. Your application goes to a resume database and may be used during the notice period. U.S. citizenship is REQUIRED. Direct hiring authority for the 2210 series is being used to fill this position.,usajobs,DE-12949842-26-RS,Nuclear Regulatory Commission,Multiple Locations,https://www.usajobs.gov:443/job/868335700,2026-05-07T12:14:46.0800,information security,cybersecurity,
IT CYBERSECURITY SPECIALIST (INFOSEC),"This is a public notice flyer to notify interested applicants of anticipated vacancies through the STRL Mission Support Direct Hire Authority. Applications will not be accepted through this flyer. Interested applicants must follow the directions in the ""How to Apply"" section of this flyer to be considered. There may or may not be actual vacancies filled from this flyer. Notice of Result letters will not be sent to applicants who respond to this flyer.",usajobs,DE-12882554-26-JEN,Naval Air Systems Command,Multiple Locations,https://www.usajobs.gov:443/job/857151400,2026-02-11T00:00:00.0000,information security,cybersecurity,
SUPV IT CYBERSECURITY SPECIALIST (NETWORK/INFOSEC),This position is being recruited under 10 USC 1599f into the Cyber Excepted Service and does NOT convey eligibility to be converted to the Competitive Service. It has been identified as a position necessary to carry out and support the mission of the US Cyber Command. It is in the Supervision/ Management Work Category at the Expert Work Level within the CES Occupational Structure. It is located in the DISA OC/PACIFIC.,usajobs,CES-DISA-13006630-26KT,Defense Information Systems Agency,"Ford Island, Hawaii",https://www.usajobs.gov:443/job/876613900,2026-07-16T00:00:00.0000,information security,cybersecurity,
IT CYBERSECURITY SPECIALIST (INFOSEC),"This is a public notice flyer to notify interested applicants of anticipated vacancies. Applications will not be accepted through this flyer. Interested applicants must follow the directions in the ""How to Apply"" section of this flyer to be considered. There may or may not be actual vacancies filled from this flyer. Notice of Result letters will not be sent to applicants who respond to this flyer.",usajobs,DE-13004661-26-RAC,United States Fleet Forces Command,"Suffolk, Virginia",https://www.usajobs.gov:443/job/876153700,2026-07-15T00:00:00.0000,information security,cybersecurity,
IT SPECIALIST (ENTARCH/INFOSEC),"This IT Specialist position supports the Facilities Operations Group at the Pentagon. The role involves performing cybersecurity functions and supporting computer operations for the Facility Related Control Systems (FRCS) program. The incumbent will help oversee the maintenance, repair, and operation of building utilities like HVAC and electrical systems for the 6.5 million square foot facility, which serves over 20,000 customers.",usajobs,DHA-12973100-26-SNA,Washington Headquarters Services,"Pentagon, Arlington, Virginia",https://www.usajobs.gov:443/job/876420900,2026-07-15T00:00:00.0000,information security,cybersecurity,computer_science
SUPV IT CYBERSECURITY SPECIALIST (INFOSEC),This position is being recruited under 10 USC 1599f into the Cyber Excepted Service and does NOT convey eligibility to be converted to the Competitive Service. It has been identified as a position necessary to carry out and support the mission of the US Cyber Command. It is in the Supervision/Management Work Category at the Expert Work Level within the CES Occupational Structure. It is located in the DISA MSO/RISK MANAGEMENT DIRECTORATE.,usajobs,CES-DISA-13011806-26GC,Defense Information Systems Agency,"Letterkenny Army Depot, Pennsylvania",https://www.usajobs.gov:443/job/877076000,2026-07-20T00:00:00.0000,information security,cybersecurity,
INFORMATION TECHNOLOGY SPECIALIST (INFOSEC/SYSADMIN),"This is a public notice flyer to notify interested applicants of anticipated vacancies. Applications will not be accepted through this flyer. Interested applicants must follow the directions in the ""How to Apply"" section of this flyer to be considered. There may or may not be actual vacancies filled from this flyer. Notice of Result letters will not be sent to applicants who respond to this flyer.",usajobs,DE-13001886-26-LPW,Navy Reserve Force,"San Diego County, California",https://www.usajobs.gov:443/job/875694300,2026-07-09T00:00:00.0000,information security,cybersecurity,
Information Technology Specialist (INFOSEC),"Click on ""Learn more about this agency"" button below for IMPORTANT additional information. Positions may be filled as permanent, temporary or term with a full-time work schedule. This is a Direct Hire Solicitation. This public notice is to gather applications that may or may not result in a referral or selection.",usajobs,AFPCDHA-12857027-GS2210,Department of the Air Force - Agency Wide,Multiple Locations,https://www.usajobs.gov:443/job/852981200,2025-12-22T00:00:00.0000,information security,cybersecurity,
IT CYBERSECURITY SPECIALIST (NETWORK/INFOSEC),"This position is being recruited under 10 USC 1599f into the Cyber Excepted Service and does NOT convey eligibility to be converted to the Competitive Service. It has been identified as a position necessary to carry out and support the mission of the US Cyber Command. It is in the Professional Work Category at the Full Performance Work Level within the CES Occupational Structure. It is located in the DISA CYBER DEVELOPMENT DIRECTORATE, PERIMETER DIVISION.",usajobs,CES-DISA-13007415-26JJ,Defense Information Systems Agency,"Fort Meade, Maryland",https://www.usajobs.gov:443/job/876656600,2026-07-17T00:00:00.0000,information security,cybersecurity,
SUPERVISORY IT SPECIALIST (INFOSEC),"This is a public notice flyer to notify interested applicants of anticipated vacancies through the Certain Personnel/Modified Direct Hiring Authority. Applications will not be accepted through this flyer. Interested applicants must follow the directions in the ""How to Apply"" section of this flyer to be considered. There may or may not be actual vacancies filled from this flyer. Notice of Result letters will not be sent to applicants who respond to this flyer.",usajobs,DE-12944153-26-TDB,Immediate Office of the Chief of Naval Operations,"Camp H.M. Smith Marine Corp Base, Hawaii",https://www.usajobs.gov:443/job/866740000,2026-04-28T00:00:00.0000,information security,cybersecurity,
INFORMATION TECHNOLOGY SPECIALIST (PLCYPLN/INFOSEC),You will serve as an IT Specialist (Insider Threat/Cybersecurity Analyst) in the Insider Threat Directorate of NAVAL INTELLIGENCE ACTIVITY.,usajobs,DE-12999065-26-KEK,Naval Intelligence Activity,"National Maritime Intelligence Center, Maryland",https://www.usajobs.gov:443/job/875681900,2026-07-08T09:52:58.5970,information security,cybersecurity,
Fall 2026 IT Intern ( Incident Responder),"The Administrative Office (AO), an agency of the judicial branch of the federal government, is committed to serving and supporting the federal court system of the United States. The AO provides a broad range of legislative, legal, financial, technology, management, administrative and program support services to the federal courts.",usajobs,26-CIO-13005439,Administrative Office of the U.S. Courts,"Washington, District of Columbia",https://www.usajobs.gov:443/job/876252600,2026-07-14T00:00:00.0000,information security,cybersecurity,
Physical Access Controls Systems Post-Quantum Cryptography Manager (INFOSEC),"As a Physical Access Controls Systems Post-Quantum Cryptography Manager, you will serve as an identity and access management subject matter expert for physical access control systems, and related technologies. Location of position: Office of Government-wide Policy (OGP), Washington, D.C. We are currently filling one vacancy, but additional vacancies may be filled as needed.",usajobs,M-2026-0010,Office of Governmentwide Policy,"Washington, District of Columbia",https://www.usajobs.gov:443/job/875651500,2026-07-08T07:12:54.7530,information security,cybersecurity,cybersecurity
Information Logistics Manager,"The Cybersecurity and Infrastructure Security Agency (CISA) is the Nation's risk advisor, working with partners to defend against today's threats and collaborating with industry to build a more secure and resilient infrastructure for the future. The official title of this position is IT Cybersecurity Specialist (INFOSEC), GS-2210-7/9.",usajobs,CSD-ST-13006760-26-AB,Cybersecurity and Infrastructure Security Agency,Location Negotiable After Selection,https://www.usajobs.gov:443/job/877156800,2026-07-20T08:38:14.4200,information security,cybersecurity,
SUPERVISORY SECURITY SPECIALIST,You will serve as a SUPERVISORY SECURITY SPECIALIST in the MP&A DIRECTORATE of MARINE CORPS BASE HAWAII.,usajobs,ST-13008002-26-TSW,U.S. Marine Corps,"Kaneohe, Hawaii",https://www.usajobs.gov:443/job/876673400,2026-07-16T00:00:00.0000,information security,cybersecurity,
Supervisory Health Science Specialist,"This position is located in the Research Information Security (RIS) Workgroup within the Veterans Health Administration (VHA) Office of Research Oversight (ORO) and reports to the ORO Executive Director. The incumbent of this position is responsible for overall management, operations, and supervision of the RIS Workgroup.",usajobs,CBZY-13002298-26-KE,Veterans Health Administration,Multiple Locations,https://www.usajobs.gov:443/job/876237700,2026-07-13T09:34:59.9300,information security,cybersecurity,
Senior Cybersecurity Executives,"Are you ready to lead cybersecurity at the highest level of national security? DHS is seeking visionary executives for the roles of Chief Information Security Officer (CISO) and Deputy Chief Information Security Officer (DCISO). These are premier leadership positions in the DHS Cybersecurity Service (DHS-CS), responsible for shaping and executing the Department's cybersecurity strategy across one of the world's most complex and critical networks.",usajobs,26-12987659-CBWQ,DHS Headquarters,"Springfield, Virginia",https://www.usajobs.gov:443/job/874989000,2026-07-01T00:00:00.0000,information security,cybersecurity,business
Cybersecurity Program and Project Manager,"The Cybersecurity and Infrastructure Security Agency (CISA) is the Nation's risk advisor, working with partners to defend against today's threats and collaborating with industry to build a more secure and resilient infrastructure for the future. The official title of this position is Information Technology Cybersecurity Specialist (INFOSEC) GS-2210-13/14.",usajobs,CSD-IMP-13013181-26-MB,Cybersecurity and Infrastructure Security Agency,"Arlington, Virginia",https://www.usajobs.gov:443/job/877050000,2026-07-17T12:32:44.8930,information security,cybersecurity,
SECURITY SPECIALIST,"Click on ""Learn more about this agency"" button below to view Eligibilities being considered and other IMPORTANT information. The primary purpose of this position is to provide developmental experience designed to broaden the skills and/or enhance the leadership perspective of an identified high-potential, mid-level manager; it is not a continuing position, assignment duration is NTE 36 months.",usajobs,9L-CB-12994293-406797-IJS,Air Force Civilian Career Training,"Pentagon, Arlington, Virginia",https://www.usajobs.gov:443/job/875665000,2026-07-08T00:00:00.0000,information security,cybersecurity,business
SUPERVISORY IMMIGRATION OFFICER,"Protect your homeland and defend your culture. Join USCIS, America's frontline defense against illegal foreign infiltration and fraud. As a SUPERVISORY IMMIGRATION OFFICER, you will supervise teams conducting national security investigations, coordinate with federal and intelligence partners, apply immigration laws to enhance security programs, and provide guidance to law enforcement and management on national security cases.",usajobs,13005876-FDSSAB-IMP-26,Citizenship and Immigration Services,"Camp Springs, Maryland",https://www.usajobs.gov:443/job/876623000,2026-07-15T11:37:13.0630,information security,cybersecurity,
Supervisory Security Specialist,"About the Position: Serve as the Supervisory Security Specialist for Arlington National Cemetery (ANC), responsible for managing and directing a comprehensive protection program. This program encompasses anti-terrorism, physical security, personnel security, information security, operations security, and emergency management.",usajobs,DAHT-26-13005672-MP,Arlington National Cemetery,"Arlington, Virginia",https://www.usajobs.gov:443/job/876671600,2026-07-20T00:00:00.0000,information security,cybersecurity,
SECURITY SPECIALIST T32,"THIS IS A NATIONAL GUARD TITLE 32 EXCEPTED SERVICE POSITION. This National Guard position is for a SECURITY SPECIALIST T32, PDD2641000 and is part of the AZ 162nd Wing, National Guard.",usajobs,AZ-12816371-26-NW-26-017T,Air National Guard Units,"Tucson, Arizona",https://www.usajobs.gov:443/job/849058200,2025-10-28T00:00:00.0000,information security,cybersecurity,
Cybersecurity Exercise Team Lead,"This announcement is issued under the Direct Hire Authority (DHA) to recruit for positions for which there is a critical hiring need. Selectee(s) will receive a career or career-conditional appointment in the competitive service and may be required to serve a one year probationary period. The official title of this position is IT Cybersecurity Specialist (INFOSEC), GS-2210-13.",usajobs,ISD-DHA-13013967-26-ST,Cybersecurity and Infrastructure Security Agency,"Arlington, Virginia",https://www.usajobs.gov:443/job/877210700,2026-07-20T12:12:38.0200,information security,cybersecurity,
Personnel Security Specialist,"The incumbent will serve as a Personnel Security Specialist in the Security Programs staff located in the Criminal Division, Office of Administration. The Security Programs staff is responsible for personnel security, physical security, information security, and emergency management programs in the Criminal Division.",usajobs,26-ADM-KB-021,"Offices, Boards and Divisions","Washington, District of Columbia",https://www.usajobs.gov:443/job/876980900,2026-07-17T09:37:37.9870,information security,cybersecurity,
Applied Research Mathematician / Generative AI - Experienced to Expert Level (Maryland),"Are you a cyber professional with the drive and expertise to be on the forefront of the cyber fight; tackling NSA's complex mission to defend against cyber threats of today and tomorrow? NSA, the nation's leading cyber agency, has exciting and challenging positions in Cyber Security Engineering and Cyber and TEMPEST vulnerability analysis/mitigation. Are you ready to help secure our Nation's critical Infrastructure? If so, NSA is the place for you!",usajobs,1260408,National Security Agency/Central Security Service,"Fort Meade, Maryland",https://www.usajobs.gov:443/job/877145900,2026-07-20T06:50:22.1230,information security,cybersecurity,
"Section Chief, Cyber Threat Analysis","This announcement is issued under the Direct Hire Authority (DHA) to recruit for positions for which there is a critical hiring need. Selectee(s) will receive a career or career-conditional appointment in the competitive service and may be required to serve a one year probationary period. The official title of this position is Supervisory Information Technology Cybersecurity Specialist (INFOSEC), GS-2210-14.",usajobs,CSD-DHA-12997857-26-KR,Cybersecurity and Infrastructure Security Agency,"Arlington, Virginia",https://www.usajobs.gov:443/job/876695800,2026-07-15T00:00:00.0000,information security,cybersecurity,
Security Specialist,"THIS IS A NATIONAL GUARD TITLE 32 EXCEPTED SERVICE POSITION - PERMANENT. This National Guard position is for a Security Specialist, Position Description Number NGD1277000 and is part of the Guam G3 Directorate of Plans, Operations, and Training, National Guard.",usajobs,GU-12991034-AR-26-023,Army National Guard Units,"Barrigada, Guam",https://www.usajobs.gov:443/job/873895300,2026-06-23T00:00:00.0000,information security,cybersecurity,
Security Specialist (Security Officer),"This announcement is for an Security Specialist (Security Officer), located in the Coast Guard Counterintelligence Service, Assistant Commandant for Intelligence, U.S. Coast Guard Headquarters, Washington, D.C. Incumbent is a technical expert and controlling authority advising the Director of CGCIS on all Sensitive Compartmented Information (SCI) matters, as well as personnel and information security.",usajobs,26-12991707-HQ-AKP-EXC,U.S. Coast Guard,"District of Columbia, District of Columbia",https://www.usajobs.gov:443/job/875342200,2026-07-06T08:13:35.4300,information security,cybersecurity,
Supervisory Special Agent,"Protect your homeland and defend your culture. Join USCIS, America's frontline defense against illegal foreign infiltration and fraud. As a Supervisory Special Agent, you will supervise a team of Special Agents who conduct criminal investigations to ensure and protect the integrity of the benefits provided by the United States' lawful immigration system..",usajobs,13002122-FDNS-ST-26,Citizenship and Immigration Services,Multiple Locations,https://www.usajobs.gov:443/job/876048500,2026-07-10T08:35:55.4600,information security,cybersecurity,
SECURITY SPECIALIST,You will serve as a SECURITY SPECIALIST in the Peral Harbor Naval Shipyard/IMF ofPEARL HARBOR NSY AND IMF. https://www.cpf.navy.mil/About-Us/Organization/Total-Fleet-Force-Manpower-Personnel/Equal-Employment-Opportunity-Program/,usajobs,ST-13003478-26-DMK,U.S. Pacific Fleet,"Garden Island, Australia",https://www.usajobs.gov:443/job/876310400,2026-07-17T00:00:00.0000,information security,cybersecurity,
SUPERVISORY SECURITY SPECIALIST-DIRECT HIRE AUTHORITY,"Click on ""Learn more about this agency"" button below to view Eligibilities being considered and other IMPORTANT information. The primary purpose of this position is to oversee the implementation of the Dept of Defense and Air Force Information, Personnel, Industrial, and OPSEC programs in support of the 66 ABG and tenant/supported organizations outlined by Host-Tenant and Functional Support Agreements. Serves as Senior Installation Information Protection advisor to the Air Base Group Commander.",usajobs,AFMC-008004-12962756-MAA,Air Force Materiel Command,"Hanscom AFB, Massachusetts",https://www.usajobs.gov:443/job/869610200,2026-05-18T00:00:00.0000,information security,cybersecurity,
Foreign Service Diplomatic Technology Officer (FP 2885),The U.S. Department of State is developing a rank-ordered list of eligible hires for a limited number of Diplomatic Technology Officer positions. Learn more about Foreign Service careers at https://careers.state.gov. There is more to joining the Foreign Service than just salary. Refer to the Benefits section for more information on total compensation. This is a 2885 Foreign Service position equivalent to the 2210 Civil Service occupation series.,usajobs,DTO-2026-0001,Department of State - Agency Wide,Department of State Posts - Overseas and Domestic,https://www.usajobs.gov:443/job/866356900,2026-04-27T00:00:00.0000,information security,cybersecurity,
SECURITY SPECIALIST,"You will serve as a SECURITY SPECIALIST in the PEARL HARBOR NSY AND IMF . The location for this position is Garden Island, Australia. ***See Additional Information section below for details*** https://www.cpf.navy.mil/About-Us/Organization/Total-Fleet-Force-Manpower-Personnel/Equal-Employment-Opportunity-Program/",usajobs,ST-13005087-26-GLM,U.S. Pacific Fleet,"Garden Island, Australia",https://www.usajobs.gov:443/job/876335400,2026-07-15T09:12:01.5070,information security,cybersecurity,
M365 Collaboration Engineer,"The Office of Information Technology is seeking applicants for their IT Specialist (INFOSEC) (M365 Collaboration Engineer) position. As an M365 Collaboration Engineer, you will be supporting, engineering, and optimizing Microsoft 365 collaboration services-primarily Teams calling and related M365 workloads-to enhance secure, reliable, and user-focused communication across the enterprise.",usajobs,26-DH-13005825-SMP,Securities and Exchange Commission,"Washington, District of Columbia",https://www.usajobs.gov:443/job/876583400,2026-07-15T09:32:37.4470,information security,cybersecurity,
IT Specialist Cyber Security (Developmental),The United States Coast Guard Community Services Command is seeking an IT Specialist Cyber Security (Developmental).,usajobs,6744,U.S. Coast Guard,"Chesapeake, Virginia",https://www.usajobs.gov:443/job/870376400,2026-05-21T00:00:00.0000,information security,cybersecurity,
SUPERVISORY SECURITY SPECIALIST,"About the Position: This position is in the Defense Civilian Intelligence Personnel System (DCIPS). Employees occupying DCIPS positions are in the Excepted Service and must adhere to U.S. Code, Title 10, as well as Department of Defense Instruction 1400.25. This position is located in the Mission Support Element for Jungle Readiness Training Center (JRTC) and Fort Polk Assistant Chief of Staff, G2 at Fort Polk, Louisiana.",usajobs,SDST-26-12980882-DCIPS,U.S. Army Forces Command,"Fort Polk, Louisiana",https://www.usajobs.gov:443/job/877113700,2026-07-20T00:00:00.0000,information security,cybersecurity,
POLICE OFFICER,"THIS IS A NATIONAL GUARD TITLE 32 EXCEPTED SERVICE POSITION. This National Guard position is for a POLICE OFFICER, Position Description Number D2155000 and is part of the ME 101st Security Forces Squadron, National Guard.",usajobs,ME-12838090-T32-AF-25-079,Air National Guard Units,"Bangor, Maine",https://www.usajobs.gov:443/job/850742100,2025-11-21T00:00:00.0000,information security,cybersecurity,
Foreign Service Family Reserve Corps (FSFRC),"The Foreign Service Family Reserve Corps (FSFRC) is a non-pay program. The FSFRC was created to improve the efficiency of the hiring process for Appointment Eligible Family Members (AEFMs) at overseas posts. Family members who meet the eligibility requirements and are accepted into the FSFRC, will be appointed to a position without compensation or benefits. FSFRC members will then compete for available positions at their sponsoring employee's post overseas.",usajobs,HRSC/RESV-2026-0006,Department of State - Agency Wide,Department of State Posts - Overseas and Domestic,https://www.usajobs.gov:443/job/874693600,2026-07-15T00:00:00.0000,information security,cybersecurity,
SUPERVISORY SECURITY SPECIALIST,"You will serve as a SUPERVISORY SECURITY SPECIALIST (Director, Security Programs) of NAVSEA HQ FIELD SUPPORT.",usajobs,ST-13005858-26-VH,Naval Sea Systems Command,"Washington Navy Yard, District of Columbia",https://www.usajobs.gov:443/job/877168900,2026-07-17T00:00:00.0000,information security,cybersecurity,
Security Specialist,"What General Information Do I Need To Know About This Position? GS-13 Salary: $121,785.00 Per Year (Step 1) to $158,322.00 Per Year (Step 10) NOTE: First time hires to the Federal Government are typically hired at the Step 01.",usajobs,USGS-RES-26-12993859-ST-KF,Geological Survey,"Reston, Virginia",https://www.usajobs.gov:443/job/876051200,2026-07-13T00:00:00.0000,information security,cybersecurity,
Associate Chief Information Officer for Engineering,"This position serves as the Associate Chief Information Officer (ACIO) for Engineering within the Treasury Common Services Center (TCSC), reporting to the Deputy Administrator for Technology Services. Leads enterprise engineering operations, technical programs, and modernization initiatives, including artificial intelligence and digital transformation efforts. Advises senior leadership on engineering strategy, technology investments, innovation project execution, and organizational performance.",usajobs,26-12991720-NS,"Treasury, Departmental Offices","Washington, District of Columbia",https://www.usajobs.gov:443/job/873890800,2026-06-22T17:27:19.8570,information security,cybersecurity,data_science
Immigration Services Assistant (OA),"Protect your homeland and defend your culture. Join USCIS, America's frontline defense against illegal foreign infiltration and fraud. As an Immigration Services Assistant (OA), you will support the Adjudication Services Process by assisting Immigration Officers, manage files, databases, and correspondence; provide security checks; research and analyze data; prepare reports and provide direct service to customers.",usajobs,13002599-FDSHOUTX-IMP-26,Citizenship and Immigration Services,"Houston, Texas",https://www.usajobs.gov:443/job/876491400,2026-07-15T00:00:00.0000,information security,cybersecurity,
SECURITY SPECIALIST,"You will serve as a Security Specialist in the Fleet Numerical Meteorology and Oceanography Center, Security Department of FLT NUMER OCEANGPHY METEO CTR.",usajobs,ST-13003125-26-EIF,United States Fleet Forces Command,"Monterey, California",https://www.usajobs.gov:443/job/876214200,2026-07-14T00:00:00.0000,information security,cybersecurity,
ADMINISTRATIVE/TECHNICAL SPECIALIST,You will serve as a Physical Security Specialist in the Security Division of NSWC PHILA DIV. This position is part of the Warfare Centers Personnel Demonstration Project. The NT-4 pay band encompasses positions equivalent to the GS-11 and GS-12.,usajobs,ST-13003058-26-NMS,Naval Sea Systems Command,"Naval Business Center, Philadelphia, Pennsylvania",https://www.usajobs.gov:443/job/875901100,2026-07-10T00:00:00.0000,information security,cybersecurity,
SUPERVISORY SECURITY SPECIALIST,You will serve as a SECURITY SPECIALIST in the Enhanced Securities Division of NAVAIRWARCENAC DIV.,usajobs,ST-13002280-26-JSB,Naval Air Systems Command,"Patuxent River, Maryland",https://www.usajobs.gov:443/job/876222800,2026-07-13T08:04:40.4500,information security,cybersecurity,
IMMIGRATION OFFICER,"Protect your homeland and defend your culture. Join USCIS, America's frontline defense against illegal foreign infiltration and fraud. As an IMMIGRATION OFFICER, you will provide guidance, conduct research for the purpose of enhancing current policies and procedures, and identify, articulate, and pursue suspected immigration benefit fraud.",usajobs,12996203-FDSCLEOH-IMP-26,Citizenship and Immigration Services,Multiple Locations,https://www.usajobs.gov:443/job/875829800,2026-07-09T06:10:04.1270,information security,cybersecurity,
Immigration Officer,"Protect your homeland and defend your culture. Join USCIS, America's frontline defense against illegal foreign infiltration and fraud. As an Immigration Officer, you will you will provide guidance, conduct research for the purpose of enhancing current policies and procedures, and identify, articulate, and pursue suspected immigration benefit fraud.",usajobs,13002405-FDSDALTX-IMP-26,Citizenship and Immigration Services,"Irving, Texas",https://www.usajobs.gov:443/job/876174400,2026-07-15T00:00:00.0000,information security,cybersecurity,
Program Manager,"This position is located in the Bureau of Diplomatic Security, Diplomatic Security Service, Overseas Security Advisory Council (DS/DSS/OSAC). OSAC is a public private partnership between DSS and security professionals from U.S. organizations operating abroad. OSAC assists the U.S. private sector, including businesses, non government organizations, faith based organizations and academic institutions with their security and information needs overseas.",usajobs,M/DS-MPI-2026-0056,Department of State - Agency Wide,"Arlington, Virginia",https://www.usajobs.gov:443/job/876375000,2026-07-14T08:22:29.6070,information security,cybersecurity,
Supervisory Immigration Officer,"Protect your homeland and defend your culture. Join USCIS, America's frontline defense against illegal foreign infiltration and fraud. Every day our Supervisory Immigration Officers supervise Fraud Detection and National Security (FDNS) Immigration Officers who identify fraud, trends and patterns through complex analyses and investigation and carry out policies and procedures governing the execution of immigration programs.",usajobs,13002191-FDSLVGNV-IMP-26,Citizenship and Immigration Services,"Las Vegas, Nevada",https://www.usajobs.gov:443/job/875884700,2026-07-13T00:00:00.0000,information security,cybersecurity,
SUPERVISORY IMMIGRATION SERVICES OFFICER,"Protect your homeland and defend your culture. Join USCIS, America's frontline defense against illegal foreign infiltration and fraud. As an SUPERVISORY IMMIGRATION SERVICES OFFICER, you will serve as a first-line supervisor responsible for leading a geographically dispersed team of Immigration Services Officers and support staff focused on fraud detection, national security, and public safety.",usajobs,13006866-FDSFO-IMP-26,Citizenship and Immigration Services,Location Negotiable After Selection,https://www.usajobs.gov:443/job/876611700,2026-07-16T00:00:00.0000,information security,cybersecurity,
Supervisory IT Cybersecurity Specialist,"This position is located in the Compliance Reporting Unit (CR), Enterprise Chief Information Security Office (DT/E-CISO) leads a high-visibility cybersecurity compliance and assurance program responsible for supporting FISMA, OMB, CISA, OIG, GAO, OMB Circular A-123, NIST SP 800-53 Rev. 5, NIST Cybersecurity Framework, Zero Trust implementation reporting, RMF IV&V activities, High Value Asset assessments, and compliance activities involving National Security Systems.",usajobs,M/DT-MPI-2026-0016,Department of State - Agency Wide,"Washington, District of Columbia",https://www.usajobs.gov:443/job/876132500,2026-07-10T13:41:56.9330,information security,cybersecurity,cybersecurity
Information Technology Specialist (Info Sec),Reemployed annuitant: This vacancy does not meet the criteria for appointment of annuitants. This is an open-continuous announcement with referral lists being issued to the hiring manager every 2 weeks until vacancy close. Applicants may edit their application or reapply anytime before the 8/4 closing date.,usajobs,DCAA-26-HQ-12969908,Defense Contract Audit Agency,"Fort Belvoir, Virginia",https://www.usajobs.gov:443/job/871699700,2026-06-04T08:58:47.1930,information security,cybersecurity,
"SWFPAC, COMSEC AND NETWORK INFRASTRUCTURE MANAGER","This is a public notice flyer to notify interested applicants of anticipated vacancies. Applications will not be accepted through this flyer. Interested applicants must follow the directions in the ""How to Apply"" section of this flyer to be considered. There may or may not be actual vacancies filled from this flyer. Notice of Result letters will not be sent to applicants who respond to this flyer.",usajobs,DE-13008317-26-BAC,STRATEGIC SYSTEMS PROGRAMS (SSP),"Bangor, Washington",https://www.usajobs.gov:443/job/876725600,2026-07-15T00:00:00.0000,information security,cybersecurity,
LEAD INDUSTRIAL SECURITY OFFICER,"You will serve as a LEAD INDUSTRIAL SECURITY OFFICER in the SECURITY DIVISION, PHYSICAL AND INDUSTRIAL SECURITY BRANCH of PSNS and IMF.",usajobs,ST-13013360-26-MAP,U.S. Pacific Fleet,"Bremerton, Washington",https://www.usajobs.gov:443/job/877156900,2026-07-20T08:43:15.8130,information security,cybersecurity,
Security Specialist,"This position is located in Washington Headquarters Service (WHS), Security Enterprise Services Directorate (SESD), in the SCI Management Division (SMD) and will serve as a Security Specialist responsible for providing WHS security support. The SESD provides security support to senior managers in the Office of the Secretary of Defense, WHS, The Director of Administration and Management (DA&M) and to DoD, Congressional, and Presidential established boards, commissions, and task forces.",usajobs,IMP-13004907-26-KG,Washington Headquarters Services,"Alexandria, Virginia",https://www.usajobs.gov:443/job/876217500,2026-07-13T07:12:31.0700,information security,cybersecurity,
Supervisory Immigration Officer,"Protect your homeland and defend your culture. Join USCIS, America's frontline defense against illegal foreign infiltration and fraud. As a Supervisory Immigration Officer, you will safeguard the integrity of the nation's lawful immigration system by leading agency efforts to combat fraud, detect national security and public safety threats, and maximize law enforcement and intelligence community partnerships.",usajobs,13006623-FDSFO-IMP-26,Citizenship and Immigration Services,Location Negotiable After Selection,https://www.usajobs.gov:443/job/876531500,2026-07-15T11:04:36.6300,information security,cybersecurity,
SECURITY SPECIALIST-DIRECT HIRE AUTHORITY,"Click on ""Learn more about this agency"" button below to view Eligibilities being considered and other IMPORTANT information. The primary purpose of this position is to serve as aSecurity Specialist, Special Access Programs (SAP), policy development, management and Information, Physical, Industrial, Personnel, and Facility Security.",usajobs,AFMC-008003-12974703-MAA,Air Force Materiel Command,"Wright-Patterson AFB, Ohio",https://www.usajobs.gov:443/job/871269900,2026-06-02T00:00:00.0000,information security,cybersecurity,
Senior Critical Infrastructure Cyber Defense Threat Hunter,This announcement is issued under the Direct Hire Authority (DHA) to recruit for positions for which there is a critical hiring need. Selectee(s) will receive a career or career-conditional appointment in the competitive service and may be required to serve a one year probationary period. The official title of this position is Information Technology Cybersecurity Specialist (INFOSEC) GS-2210-13/14.,usajobs,CSD-DHA-13000699-26-LH,Cybersecurity and Infrastructure Security Agency,"Arlington, Virginia",https://www.usajobs.gov:443/job/875547100,2026-07-07T00:00:00.0000,information security,cybersecurity,
Space Systems and Services Branch Chief,"This announcement is issued under the Direct Hire Authority (DHA) to recruit for positions for which there is a critical hiring need. Selectee(s) will receive a career or career-conditional appointment in the competitive service and may be required to serve a one year probationary period. The official title of this position is Supervisory Information Technology Specialist (INFOSEC), GS-2210-15.",usajobs,NRMC-DHA-13013086-26-KR,Cybersecurity and Infrastructure Security Agency,"Arlington, Virginia",https://www.usajobs.gov:443/job/877182000,2026-07-20T10:36:55.0370,information security,cybersecurity,
Security Assistant,"This is a public notice flyer to notify interested applicants of anticipated vacancies. Applications will not be accepted through this flyer. Interested applicants must follow the directions in the ""How to Apply"" section of this flyer to be considered. There may or may not be actual vacancies filled from this flyer. Notice of Result letters will not be sent to applicants who respond to this flyer.",usajobs,DE-12999594-26-BLF,U.S. Pacific Fleet,"China Lake, California",https://www.usajobs.gov:443/job/875257600,2026-07-06T00:00:00.0000,information security,cybersecurity,
SECURITY SPECIALIST,"Click on ""Learn more about this agency"" button below to view Eligibilities being considered and other IMPORTANT information. The primary purpose of this position is to serve as the installation security specialist and security advisor, providing oversight and management of multiple security disciplines (information, personnel, industrial, physical, computer, operations and communications security) in support of an advanced and special access programs (SAPs).",usajobs,9G-AFPC-13013222-254171-DM,"U.S. Air Forces, Europe","Menwith Hill, United Kingdom",https://www.usajobs.gov:443/job/876894900,2026-07-16T15:19:35.0730,information security,cybersecurity,
SUPERVISORY ADMINISTRATIVE OFFICER,You will serve as a SUPERVISORY ADMINISTRATIVE OFFICER in the Transaction Service Center (TSC) of TSC NORFOLK.,usajobs,ST-13004037-26-TLM,Bureau of Naval Personnel,"Norfolk, Virginia",https://www.usajobs.gov:443/job/876040000,2026-07-14T00:00:00.0000,information security,cybersecurity,
Security Specialist,"For more information on the Department of Justice and the United States Attorneys' Offices, visit http://www.justice.gov/usao/. As needed, additional positions may be filled using this announcement. This position is also being announced to applicants eligible to apply through Merit Staffing procedures under 26-MD-12989783-MS",usajobs,26-MD-12989782-DE,Executive Office for U.S. Attorneys and the Office of the U.S. Attorneys,"Baltimore, Maryland",https://www.usajobs.gov:443/job/876436600,2026-07-14T12:19:26.1600,information security,cybersecurity,
Border Patrol Agent (BORSTAR),"This announcement has been amended on 07/20/2026 to extend the closing date to 07/30/2026. Organizational Location: This position is with the Department of Homeland Security, within U.S. Customs and Border Protection, U.S. Border Patrol, Rio Grande Valley Sector, Targeting and Intelligence Division, Special Operations Detachment located in McAllen, TX. Additional selections may be made beyond the number of vacancies specified in this vacancy announcement.",usajobs,USBP-ROB-13001689-KAP,Customs and Border Protection,"McAllen, Texas",https://www.usajobs.gov:443/job/875870500,2026-07-10T00:00:00.0000,information security,cybersecurity,
Supervisory Security Guard,"This position is part of the Haskell Indian Nations University, Bureau of Indian Education (BIE), Department of the Interior (DOI). As a Supervisory Security Guard you will be responsible for providing first-line supervision to security guards, ensuring adherence to federal security regulations and best practices. NOTE: Competition for Security Guard positions is restricted by law to persons entitled to veterans' preference as long as such applicants are available for appointment.",usajobs,BIE-13005482-26-IM,Bureau of Indian Education,"Lawrence, Kansas",https://www.usajobs.gov:443/job/876622400,2026-07-15T11:44:29.8330,information security,cybersecurity,
Security Specialist,"For more information on the Department of Justice and the United States Attorneys' Offices, visit http://www.justice.gov/usao/. As needed, additional positions may be filled using this announcement. This position is also being announced to All U.S. Citizens and Nationals under 26-MD-12989782-DE.",usajobs,26-MD-12989783-MS,Executive Office for U.S. Attorneys and the Office of the U.S. Attorneys,"Baltimore, Maryland",https://www.usajobs.gov:443/job/876436200,2026-07-14T12:18:46.8770,information security,cybersecurity,
Director Service Center Operations,"The Director, Service Center reports to the Deputy Associate Director, Service Center Operations Directorate, who provides general guidance and administrative direction. The work is performed independently, with the technical aspects reviewed only as to the soundness of recommendations made and actions taken under delegated authority, and with performance evaluation in terms of overall administrative and operational accomplishment.",usajobs,ERS-46754-26-ES-SCOPS,Citizenship and Immigration Services,Multiple Locations,https://www.usajobs.gov:443/job/873859800,2026-06-22T14:58:35.3730,information security,cybersecurity,
NRO IG IT Auditor,"Join NRO IG as an IT Auditor. Strengthen NRO programs and operations through independent oversight. Support audits, analyze data, and report findings. Help detect and deter mismanagement, fraud, waste and abuse. Collaborate with auditors, conduct interviews, and present results. Analyze IT networks, systems, and apps. Support quality assurance tasks and write reports. Travel may be required. Vetted and onboarded as a CIA officer, assigned to NRO OIG.",usajobs,26-12851942,Central Intelligence Agency,"Washington, District of Columbia",https://www.usajobs.gov:443/job/853838500,2025-10-01T00:00:00.0000,information security,cybersecurity,
Security Specialist,"This position is located in Washington Headquarters Service (WHS), Security Enterprise Services Directorate (SESD), in the Integrated Security Operations Division (ISOD) and will serve as a Security Specialist responsible for providing WHS security support. ISOD provides security support to senior managers in the Office of the Secretary of War, WHS, The Director of Administration and Management (DA&M) and to DoW, Congressional, and Presidential established boards, commissions, and task forces.",usajobs,ST-13013089-26-KG,Washington Headquarters Services,"Alexandria, Virginia",https://www.usajobs.gov:443/job/877063400,2026-07-17T13:15:20.5400,information security,cybersecurity,
Immigration Services Officer,"Protect your homeland and defend your culture. Join USCIS, America's frontline defense against illegal foreign infiltration and fraud. As an Immigration Services Officer, you may conduct in-person interviews to adjudicate applications for immigration benefits and assist other federal agencies in identifying those who pose a threat to national security and public safety.",usajobs,13006035-NYC-ST-26,Citizenship and Immigration Services,Multiple Locations,https://www.usajobs.gov:443/job/876485300,2026-07-14T15:57:04.7970,information security,cybersecurity,
Deputy Chief Information Officer for Delivery,"This position is located in the Office of Information Technology (OIT), in Camp Springs, MD. As the Deputy Chief Information Officer for Delivery (DCIO), you will collaborate with the Chief Information Officer (CIO) in carrying out the strategic vision for information technology (IT) programs. He/she will direct and manage the headquarters staff in all areas related to the information technology resources of U.S. Citizenship and Immigration Services (USCIS).",usajobs,ERS-214641-26-ES-MGT,Citizenship and Immigration Services,"Camp Springs, Maryland",https://www.usajobs.gov:443/job/876872200,2026-07-17T00:00:00.0000,information security,cybersecurity,
Audit Manager (Information Systems) - Technology Operations Directorate,"Ready to lead with purpose? Join the U.S. Postal Service Office of Inspector General (USPS OIG) as an Audit Manager (Information Systems) in our Technology Operations Directorate, located in Bethesda, MD Denver, CO Raleigh, NC Warrendale, PA Woburn, MA Bring your skills and voice to our team!",usajobs,EX-26-12978831-108B-JD,"Office of the Inspector General, USPS",Multiple Locations,https://www.usajobs.gov:443/job/875618600,2026-07-07T16:13:54.8700,information security,cybersecurity,
Auditor (Information Systems) - Technology Operations Directorate,"Do you want to make an impact? The United States Postal Service Office of Inspector General (USPS OIG) is seeking qualified internal applicants to fill our Auditor (Information Systems) positions in our Office of Audit's Technology Operations directorate, located in: Arlington, VA Bring your skills and voice to our team!",usajobs,IA-26-109A-13005783-JD,"Office of the Inspector General, USPS","Arlington, Virginia",https://www.usajobs.gov:443/job/876297000,2026-07-13T13:37:06.1370,information security,cybersecurity,
Immigration Services Officer,"Protect your homeland and defend your culture. Join USCIS, America's frontline defense against illegal foreign infiltration and fraud. As an Immigration Services Officer, with the Field Operations Directorate, you may conduct in-person interviews to adjudicate applications for immigration benefits and assist other federal agencies in identifying those who pose a threat to national security and public safety.",usajobs,13006932-MEM-ST-26,Citizenship and Immigration Services,"Memphis, Tennessee",https://www.usajobs.gov:443/job/877195800,2026-07-20T11:22:13.5300,information security,cybersecurity,
Supervisory Attorney-Advisor (General),"This position is located in the Department of Homeland Security (DHS), Office of the General Counsel (OGC), Legal Counsel Division (LCD). The primary purpose of this position is to serve as the Supervisory Attorney Advisor for Privacy and Information Law providing leadership on all aspects of information law, including litigation before the U.S. District Courts and Courts of Appeal. Non-BU: This is a non-bargaining unit position.",usajobs,DE-13001656-26-OGC,DHS Headquarters,"Washington, District of Columbia",https://www.usajobs.gov:443/job/877156000,2026-07-20T08:34:44.9100,information security,cybersecurity,business
Auditor (Information Systems) - Technology Operations Directorate,"Do you want to make an impact? The United States Postal Service Office of Inspector General (USPS OIG) is seeking a qualified applicant to fill our Auditor (Information Systems) position in our Office of Audit's Technology Operations Directorate, located in: Arlington, VA Bring your skills and voice to our team!",usajobs,EX-26-121B-12988363-JD,"Office of the Inspector General, USPS","Arlington, Virginia",https://www.usajobs.gov:443/job/875618400,2026-07-07T16:12:30.0200,information security,cybersecurity,
Auditor (Information Systems) - Technology Operations Directorate,"Do you want to make an impact? The United States Postal Service Office of Inspector General (USPS OIG) is seeking qualified applicants to fill our Auditor (Information Systems) positions in our Office of Audit's Technology Operations Directorate, located in: Bethesda, MD Denver, CO Raleigh, NC Warrendale, PA Woburn, MA Bring your skills and voice to our team!",usajobs,EX-26-12978933-109B-JD,"Office of the Inspector General, USPS",Multiple Locations,https://www.usajobs.gov:443/job/875618500,2026-07-07T16:12:34.7070,information security,cybersecurity,
Information Technology Specialist II,"The Information Technology (IT) Specialist II is responsible for providing advanced technical support and assistance to court staff and judicial officers. The incumbent performs a variety of IT-related tasks, including hardware and software installation, troubleshooting, and maintenance. The IT Specialist II ensures compliance with appropriate guidelines, policies, and approved internal controls. This position reports directly to the IT Manager.",usajobs,ALND 26-12,U.S. Courts,"Birmingham, Alabama",https://www.usajobs.gov:443/job/875405200,2026-06-29T00:00:00.0000,information security,cybersecurity,cybersecurity
Security Assistant (OA),"This position resides within the Police Service, VA Portland Health Care System (VAPORHCS) and is physically located at the Portland Healthcare Center. The primary purpose of the position is to assists with administrative functions of the operations section, as well as dispatch duties and responsibilities. Providing high-quality customer service and provides information to employees and the public on a variety of subjects related to the mission of the Police Service.",usajobs,CBSV-13006005-26-SW,Veterans Health Administration,"Portland, Oregon",https://www.usajobs.gov:443/job/876838400,2026-07-16T12:33:07.4830,information security,cybersecurity,
Security and Systems Engineer,See below for important information regarding this job.,usajobs,DLADS-26-13002229-DHA,Defense Logistics Agency,"Maxwell AFB, Alabama",https://www.usajobs.gov:443/job/876595500,2026-07-15T10:16:25.5330,information security,cybersecurity,
Information Technology Program Manager,"This position is located in the Enterprise Production Services Division (EPS), Office of the Chief Technology Officer (CTO), Office of the Executive Director (EX), Bureau of Diplomatic Security (DS). The incumbent serves as EPS Division Chief who manages IT operations and security; acts as a senior technical advisor to the CTO, the Executive Director, and other senior manangement officials and works closely with other USG counterparts. For more information about this Bureau, visit: DS.",usajobs,M/DS-MPI-2026-0039,Department of State - Agency Wide,"Arlington, Virginia",https://www.usajobs.gov:443/job/875718700,2026-07-09T00:00:00.0000,information security,cybersecurity,
Supervisory CBP Officer (Watch Commander-POE),"Organizational Location: This position is with the Department of Homeland Security, within U.S. Customs and Border Protection, Office of Field Operations, El Paso Field Office, Passenger Inspection Division, located in El Paso, Texas.",usajobs,OFO-IMP-13004529-GLP,Customs and Border Protection,"El Paso, Texas",https://www.usajobs.gov:443/job/877073300,2026-07-20T00:00:00.0000,information security,cybersecurity,
Immigration Services Assistant (OA),"Protect your homeland and defend your culture. Join USCIS, America's frontline defense against illegal foreign infiltration and fraud. As an Immigration Services Assistant (OA), you will support the Adjudication Services Process by assisting Immigration Services Officers, manage files, databases, and correspondence; provide security checks; research and analyze data; prepare reports and provide direct service to customers.",usajobs,13000806-LOU-ST-26,Citizenship and Immigration Services,"Louisville, Kentucky",https://www.usajobs.gov:443/job/876032800,2026-07-10T06:15:34.7170,information security,cybersecurity,
Immigration Services Analyst,"Protect your homeland and defend your culture. Join USCIS, America's frontline defense against illegal foreign infiltration and fraud. As an Immigration Services Analyst, you will provide support to both the operational and administrative functions of USCIS operations and research and conduct studies.",usajobs,13004844-CLE-IMP-26,Citizenship and Immigration Services,"Cleveland, Ohio",https://www.usajobs.gov:443/job/876220700,2026-07-14T00:00:00.0000,information security,cybersecurity,
Biomedical Equipment Support Specialist (Information Systems),"This Biomedical Equipment Support Specialist (Information Systems) position is in Clinical Engineering services at the White River Junction VA Healthcare System, located at the White River Junction, VT location.",usajobs,CBTD-12995260-26-BS,Veterans Health Administration,"White River Junction, Vermont",https://www.usajobs.gov:443/job/876598300,2026-07-15T10:25:30.1930,information security,cybersecurity,
Automation Support Specialist,The United States Probation Department for the Eastern District of New York is accepting applications for an Automation Support Specialist. Responsibilities as the Automation Support Specialist include providing automation and helpdesk support for Probation staff and providing technical support in installing and configuring computer hardware and software programs. The incumbent performs routine to moderately complex troubleshooting for hardware and software systems. The ideal candidate must have,usajobs,DE-12945222-26-AB,U.S. Courts,"Brooklyn, New York",https://www.usajobs.gov:443/job/867541900,2026-04-24T00:00:00.0000,information security,cybersecurity,
Border Patrol Agent,"*Recruitment Incentive* Newly appointed Border Patrol Agents will be offered up to a $20,000 incentive. The first $10,000 will be paid upon successful completion of the academy, with the remaining $10,000 awarded for accepting a prioritized location. See the duties section for a list of prioritized locations. *Retention Incentive* Newly appointed Border Patrol Agents may also qualify for up to $40,000 in additional incentives distributed over the next four years.",usajobs,BPA DH GL9/11 26-10,Customs and Border Protection,US Border Patrol Nationwide,https://www.usajobs.gov:443/job/874292700,2026-07-01T00:00:00.0000,information security,cybersecurity,
Supervisory Immigration Officer,"Protect your homeland and defend your culture. Join USCIS, America's frontline defense against illegal foreign infiltration and fraud. As an Supervisory Immigration Officer, you will supervise Fraud Detection and National Security (FDNS) Immigration Officers who identify fraud, trends and patterns through complex analyses and investigation and carry out policies and procedures governing the execution of immigration programs.",usajobs,13002000-FDSNJC-IMP-26,Citizenship and Immigration Services,"Cranbury, New Jersey",https://www.usajobs.gov:443/job/875830200,2026-07-09T06:15:44.9830,information security,cybersecurity,
Attorney-Advisor (General),"This position is located in the Department of Homeland Security (DHS), Office of the General Counsel (OGC), Legal Counsel Division (LCD). The primary purpose of this position is is to provide advice and assistance on all aspects of litigation, from pre-filing to trial and appeals, and on matters before the United States Supreme Court. Non-BU: This is a non-bargaining unit position.",usajobs,DE-12965038-26-OGC,DHS Headquarters,"Washington, District of Columbia",https://www.usajobs.gov:443/job/874655100,2026-06-29T09:04:30.4500,information security,cybersecurity,
Aerospace Engineer (Systems) - Direct Hire,"This position is located in the National Transportation Safety Board (NTSB), Office of Aviation Safety (OAS) in Washington, D.C. Participates, investigates, and directs engineering aspects of aircraft flight controls, avionics, electrical, hydraulic, and pneumatic systems.",usajobs,AS-12993720-26-SL,National Transportation Safety Board,"Washington, District of Columbia",https://www.usajobs.gov:443/job/874569400,2026-06-30T00:00:00.0000,information security,cybersecurity,
Aerospace Engineer (Propulsion) - Direct Hire,"This position is located in the National Transportation Safety Board (NTSB), Office of Aviation Safety (OAS) in Washington, D.C. Participates, investigates, and directs engineering aspects of turbine and reciprocating engines, propellers, fuel systems, engine accessories, and auxiliary power units.",usajobs,AS-12993725-26-SL,National Transportation Safety Board,"Washington, District of Columbia",https://www.usajobs.gov:443/job/874572100,2026-06-30T00:00:00.0000,information security,cybersecurity,
ORDNANCE EQUIPMENT MECHANIC (Title 32),"THIS IS A NATIONAL GUARD TITLE 32 EXCEPTED SERVICE POSITION. This National Guard position is for a ORDNANCE EQUIPMENT MECHANIC (Title 32), Position Description Number D2575000 and is part of the AR ANG 188 LGR SQ, National Guard. NATIONAL GUARD MEMBERSHIP IS REQURED- If you are not currently a member of any military service (Branch/Status), please provide a letter stating intent to join.",usajobs,AF-26-191-12983151,Air National Guard Units,"Fort Smith, Arkansas",https://www.usajobs.gov:443/job/875532100,2026-07-07T11:29:37.5730,information security,cybersecurity,
Deportation Officer,"Are you ready to defend the homeland? Launch a dynamic and rewarding career as a Deportation Officer with Enforcement Removal Operations (ERO) at ICE! Join a dedicated team safeguarding U.S. borders and upholding immigration laws, playing a key role in defending our nation. Organizational Location: Positions are located within the 25 Field Offices Area of Consideration (FOD AOR) and are assigned based on the needs to the agency ERO Field Offices.",usajobs,ERO-12951404-DH-AD,Immigration and Customs Enforcement,Location Negotiable After Selection,https://www.usajobs.gov:443/job/869616100,2026-05-18T00:00:00.0000,information security,cybersecurity,
IT SPECIALIST (POLICY AND PLANNING),"This position is part of the Defense Human Resources Activity, Defense Human Resources Activity.",usajobs,OC-DHRADMDC-26-12981192-DH,Defense Human Resources Activity,Multiple Locations,https://www.usajobs.gov:443/job/872648800,2026-06-11T06:31:20.2100,information security,cybersecurity,business
MILITARY PAY TECHNICIAN (QUALITY REVIEW),"This job announcement uses the USA Hire Assessment to evaluate applicants. For more information, visit USA Hire Assessment.",usajobs,IN-12998370-26,Defense Finance and Accounting Service,"Indianapolis, Indiana",https://www.usajobs.gov:443/job/875223500,2026-07-02T10:33:28.5570,information security,cybersecurity,
SUPERVISORY IT SPECIALIST (PLCYPLN),"DCSA Acquisition & Technology, National Background Investigation Services (NBIS) is seeking a Supervisory IT Specialist. Serve as a Product technical expert leading enterprise Product Management, software development, data governance, cloud infrastructure, and systems engineering for critical national systems. Visit www.dcsa.mil to learn more about DCSA, America's Gatekeeper!",usajobs,DCSA-26-13011680,Defense Counterintelligence and Security Agency,Multiple Locations,https://www.usajobs.gov:443/job/876818800,2026-07-16T13:37:34.6330,information security,cybersecurity,
ACCOUNTING TECHNICIAN (RECENT GRADUATE),"Are you looking for a unique work experience in the federal service? This position is part of the DFAS Recent Graduates Program. The DFAS Recent Graduates Program is a developmental program that provides the opportunity to gain knowledge, skills and abilities needed to pursue a successful career with DFAS and to explore possibilities for growth and learning.",usajobs,DFAS-PWRG-LI-13004544-26,Defense Finance and Accounting Service,"Limestone, Maine",https://www.usajobs.gov:443/job/876232300,2026-07-13T00:00:00.0000,information security,cybersecurity,
ACCOUNTS MAINTENANCE CLERK/ACCOUNTING TECHNICIAN (RECENT GRADUATE),"Are you looking for a unique work experience in the federal service? This position is part of the DFAS Recent Graduates Program. The DFAS Recent Graduates Program is a developmental program that provides the opportunity to gain knowledge, skills and abilities needed to pursue a successful career with DFAS and to explore possibilities for growth and learning.",usajobs,DFAS-PWRG-LI-13003887-26,Defense Finance and Accounting Service,"Limestone, Maine",https://www.usajobs.gov:443/job/876234400,2026-07-13T00:00:00.0000,information security,cybersecurity,
SUPERVISORY POLICE OFFICER (WATCH COMMANDER),You will serve as a SUPERVISORY POLICE OFFICER (WATCH COMMANDER) in the PROVOST MARSHAL OFFICE/MARINE CORPS POLICE DEPARTMENT of MARFORRES NOLA.,usajobs,ST-13005769-26-MTG,U.S. Marine Corps,"New Orleans, Louisiana",https://www.usajobs.gov:443/job/877168300,2026-07-20T09:36:49.7730,information security,cybersecurity,
SECURITY SPECIALIST,"This is a public notice flyer to notify interested applicants of anticipated vacancies. Applications will not be accepted through this flyer. Interested applicants must follow the directions in the ""How to Apply"" section of this flyer to be considered. There may or may not be actual vacancies filled from this flyer. Notice of Result letters will not be sent to applicants who respond to this flyer.",usajobs,DE-13012000-26-NRG,U.S. Pacific Fleet,"Pearl Harbor, Hawaii",https://www.usajobs.gov:443/job/877181800,2026-07-20T10:34:18.5500,information security,cybersecurity,
Security Specialist,"For more information on the Department of Justice and the United States Attorneys' Offices, visit http://www.justice.gov/usao/. As needed, additional positions may be filled using this announcement.",usajobs,26-FLM-13003839-MS,Executive Office for U.S. Attorneys and the Office of the U.S. Attorneys,"Tampa, Florida",https://www.usajobs.gov:443/job/876147900,2026-07-10T00:00:00.0000,information security,cybersecurity,
SECURITY SPECIALIST (TITLE 5),"This is a National Guard Title 5 Excepted Service Position. This is an Indefinite GS-0080-12 SECURITY SPECIALIST (TITLE 5), Position Description Number T6007P01 and is part of the MO 131st Bomb Wing. SEE NOTES UNDER CONDITIONS OF EMPLOYMENT.",usajobs,MO-13006724-AF-26-155,Air National Guard Units,"Whiteman AFB, Missouri",https://www.usajobs.gov:443/job/876504000,2026-07-14T15:34:19.8700,information security,cybersecurity,
Supervisory Criminal Investigator (Special Agent in Charge),"Protect your homeland and defend your culture. Join USCIS, America's frontline defense against illegal foreign infiltration and fraud. As a Supervisory Criminal Investigator (Special Agent in Charge), you will have regional oversight relating to the prevention and investigation of fraud within the United States lawful immigration process.",usajobs,13003370-FDNS-DHA-26,Citizenship and Immigration Services,Multiple Locations,https://www.usajobs.gov:443/job/876244800,2026-07-13T10:06:39.4400,information security,cybersecurity,
SECURITY SPECIALIST-DIRECT HIRE AUTHORITY,"Veteran's preference does not apply to DHA recruitment. Click on ""Learn more about this agency"" button for more information. The primary purpose of this position is to provide and serve as a special programs specialist, providing expert technical advice in the complex area of security for special access programs; classification management program; security violations; security education and awareness trng; and security surveys and special programs security inspections for assigned programs.",usajobs,AFMC-008003-13007493-JSB,Air Force Materiel Command,Multiple Locations,https://www.usajobs.gov:443/job/876596400,2026-07-16T00:00:00.0000,information security,cybersecurity,
Surgical Technician - Recruitment Incentive Authorized,"Surgical Technician is an integral member of the surgical team and provide assistance to surgeon and other team members during surgical procedures ranging from local anesthesia cases (biopsies and excision) to vascular and micro-vascular surgery; including ear, hand. facial, and vascular reconstruction. Must be prepared to adapt to new procedures in a changing surgical environment participating with surgical team planning and implementing complex procedures under supervision of surgical team.",usajobs,CBTG-12848631-26-KM-OCA,Veterans Health Administration,"Lexington, Kentucky",https://www.usajobs.gov:443/job/852158400,2025-12-15T00:00:00.0000,information security,cybersecurity,
Health Tech - Dietetic,"This position is located in the Nutrition and Food Service (N&FS) of the VA Medical Center in Salt Lake City, Utah, serving as a Nutrition Communication Center (NCC) Associate, providing administrative and customer service support for the VA hospital food service program",usajobs,CBSU-12985423-26-JW,Veterans Health Administration,"Salt Lake City, Utah",https://www.usajobs.gov:443/job/872923300,2026-06-12T12:40:20.4230,information security,cybersecurity,
Health Technician (Telemetry Monitor Technician),"This position is located at the Edward Hines Jr. VA Hospital, Hines, IL (578) - a Level 1a Complexity VHA Facility - and is organizationally aligned under the Telemetry Unit in the Nursing & Patient Care Service. The primary purpose of this position is to serve as a non-licensed member of the nursing care team providing continuous observation of telemetry monitoring electrocardiographic (EKG) rhythms of critically ill patients.",usajobs,HN-12996391-26-LSH,Veterans Health Administration,"Hines, Illinois",https://www.usajobs.gov:443/job/875772000,2026-07-08T14:51:58.3170,information security,cybersecurity,
Health Technician,"This position is located at the Edward Hines Jr. VA Hospital, Hines, IL (578) - a Level 1a Complexity VHA Facility - and is organizationally aligned under Nursing Service. The primary purpose of this position is to provide direct patient care activities, indirect patient care activities, and related supportive services under the general guidance and direction of a Registered Nurse.",usajobs,HN-13003559-26-LSH,Veterans Health Administration,"Hines, Illinois",https://www.usajobs.gov:443/job/875964900,2026-07-09T14:32:09.9600,information security,cybersecurity,
Health Technician,"The Health Technician works as a member of the Primary Care Service (PACT), under the guidance of the PACT Clinical Nurse Manager. PACT provides comprehensive outpatient services to eligible veterans who present or are referred for preventative/routine care & urgent medical conditions. The Health Technician assists medical and nursing staff through technical, specialized or support services for the diagnosing or treatment of patient illnesses or medical conditions.",usajobs,CBSR-13005821-26-MCU,Veterans Health Administration,"Detroit, Michigan",https://www.usajobs.gov:443/job/876332900,2026-07-13T00:00:00.0000,information security,cybersecurity,
Health Technician (Dietetic),This position is in the Nutrition and Food Service at the Jesse Brown VA Medical Center in Chicago Illinois. The Health Technician (Dietetic) provides administrative and customer service support for the hospital food service program.,usajobs,CAZP-13005487-26-KG,Veterans Health Administration,"Chicago, Illinois",https://www.usajobs.gov:443/job/876967700,2026-07-17T08:41:01.2400,information security,cybersecurity,
Intermediate Care Technician,"The full performance, Intermediate Care Technician (ICT) Generalist is assigned to the Department of Veteran Affairs, Veterans Health Administration (VHA). This position serves as an advance technician for outpatient care settings such as; primary care, mental health, and specialty clinics. As an ICT Generalist the incumbent may serve in a medical center, community-based outpatient clinic (cboc), mobile medical unit or may have virtual/remote assignments.",usajobs,CBTF-13005324-26-EM,Veterans Health Administration,"Washington, District of Columbia",https://www.usajobs.gov:443/job/877043100,2026-07-17T12:12:57.6100,information security,cybersecurity,
SECURITY SPECIALIST,"Click on ""Learn more about this agency"" button below to view Eligibilities being considered and other IMPORTANT information. The primary purpose of this position is to serve as an advanced trainee to receive formal and on-the-job training in the Security Administration Career Field and to complete developmental assignments and training outlined in the formal training and development plan. The recognized full performance (""target"") grade for this position is GS-0080-11.",usajobs,8-26-DHA-0080-SECURITY-PJK,Air Force Civilian Career Training,Multiple Locations,https://www.usajobs.gov:443/job/851804200,2025-10-01T00:00:00.0000,information security,cybersecurity,
PERSONNEL SECURITY SPECIALIST,"THIS IS A NATIONAL GUARD TITLE 32 EXCEPTED SERVICE POSITION. This National Guard position is for a PERSONNEL SECURITY SPECIALIST, Position Description Number D2481000 and is part of the NE G3, National Guard.",usajobs,NE-12895558-AR-26-051,Army National Guard Units,"Lincoln, Nebraska",https://www.usajobs.gov:443/job/858837700,2026-02-25T07:41:28.0870,information security,cybersecurity,
SECURITY SPECIALIST (PROTECTION),"THIS IS A NATIONAL GUARD TITLE 32 EXCEPTED SERVICE POSITION. This National Guard position is for a SECURITY SPECIALIST (PROTECTION), Position Description Number D1164P01 and is part of the ID G2, National Guard. THIS POSITION IS PERMANENT.",usajobs,ID-12986478-AR-26-5402,Army National Guard Units,"Boise, Idaho",https://www.usajobs.gov:443/job/875581000,2026-07-07T14:17:40.6070,information security,cybersecurity,
Security Specialist,"This position is located in the DEA, El Paso Intelligence Division, El Paso, Texas. This position(s) primary purpose is to is to provide intelligence and support to all Federal, State, Local, and tribal law enforcement through the EPIC Watch, the National License Plate Reader Program, the National Seizure System, and Operation Fountainhead. In addition, EPIC provides intelligence support to DEA's North Central America Division in support of the Administrator's priorities.",usajobs,H-EPIC-26-13014337-IMP-RCW,Drug Enforcement Administration,"El Paso, Texas",https://www.usajobs.gov:443/job/877125900,2026-07-20T00:00:00.0000,information security,cybersecurity,
Personnel Security Assistant,"The incumbent of this position serves as a Personnel Security Assistant in the PSU, and the position is to perform security-related functions in support of a Network Personnel Suitability and Credentialing Program within a shared services unit. The Personnel Security Program assures that all appointees have the appropriate level of security/suitability clearance commensurate with their assignment. This vacancy announcement may be used to fill additional vacancies as they occur.",usajobs,CBTE-12969422-26-MJK,Veterans Health Administration,"Batavia, New York",https://www.usajobs.gov:443/job/870574700,2026-05-26T13:07:17.7000,information security,cybersecurity,
"Personnel Security Specialist, GS-0080-09/11 (FPL 12) (DE)","This position is located in Office of Finance and Operations, Office of Security, Facilities, and Logistics Services, Personnel Security and Emergency Preparedness Division in Washington, DC. The Personnel Security and Emergency Preparedness Division is responsible for a variety of security related functions to include review of classified national security information related functions.",usajobs,OFO-2026-0030,Office of Finance and Operations,"Washington, District of Columbia",https://www.usajobs.gov:443/job/876572900,2026-07-15T08:58:04.8200,information security,cybersecurity,
"Personnel Security Specialist, GS-0080-09/11 (FPL 12) (MP)","This position is located in Office of Finance and Operations, Office of Security, Facilities, and Logistics Services, Personnel Security and Emergency Preparedness Division in Washington, DC. The Personnel Security and Emergency Preparedness Division is responsible for a variety of security related functions to include review of classified national security information related functions.",usajobs,OFO-2026-0029,Office of Finance and Operations,"Washington, District of Columbia",https://www.usajobs.gov:443/job/876573500,2026-07-15T08:59:14.1400,information security,cybersecurity,
SECURITY SPECIALIST-DIRECT HIRE AUTHORITY,"Click on ""Learn more about this agency"" button below to view Eligibilities being considered and other IMPORTANT information. The primary purpose of this position is to serve as a SAP security specialist, providing expert technical advice in the complex area of security for SAP programs to include personnel access management, classification management, security violation management, security education and awareness training, and security surveys/special programs security inspections.",usajobs,AFMC-008003-12967072-MCP,Air Force Materiel Command,Multiple Locations,https://www.usajobs.gov:443/job/870523500,2026-05-26T09:42:26.9270,information security,cybersecurity,
INFORMATION TECHNOLOGY SPECIALIST (CUSTOMER SUPPORT),You will serve as an Information Technology Specialist (Customer Support) in the Information Technolgy (IT) office of NAVAL CONSOLIDATED BRIG MIRAMAR.,usajobs,ST-13004002-26-KGC,Bureau of Naval Personnel,"Marine Corps Air Station Miramar, California",https://www.usajobs.gov:443/job/876094900,2026-07-16T11:19:49.9100,information security,cybersecurity,
Solutions Architect,"IT Specialist (APPSW) Solutions Architect positions are being filled through the Office of Personnel Management's delegated Direct Hire Authority, open to all U.S. citizens. Selections made under this bulletin will be processed as new appointments to the civil service. Current civil service employees would, therefore, be given new appointments to the civil service. Under the provisions of the Direct Hire Authority, Veterans Preference and the ""Rule of Many"" do not apply.",usajobs,SSA12879364-26-DHA-CIO,Social Security Administration,"Woodlawn, Maryland",https://www.usajobs.gov:443/job/856787000,2026-02-06T00:00:00.0000,information security,cybersecurity,
Diplomatic Security Foreign Service Special Agent (SA) (FP-2501),The U.S. Department of State is developing a rank-ordered list of eligible hires for a limited number of Foreign Service Special Agent (SA) vacancies based on the needs of the Department. Learn more about a career in the Foreign Service and about the Bureau of Diplomatic Security. Joining the Foreign Service is more than just salary. Refer to the Benefits section for more information on total compensation. This is a 2501 Foreign Service position equivalent to the 1811 Civil Service series.,usajobs,SA-2026-0001,Department of State - Agency Wide,Department of State Posts - Overseas and Domestic,https://www.usajobs.gov:443/job/853395100,2026-01-01T00:00:00.0000,information security,cybersecurity,
Personnel Security Specialist,"About the Position: This position supports the Defense Health Agency (DHA) Administration Security division and is located in Falls Church, Virginia. This is not a virtual/remote position. You must live within or be willing to relocate within a commutable distance of the identified duty location (Falls Church, VA).",usajobs,HQKF-26-13008260-MP,Defense Health Agency,"Falls Church, Virginia",https://www.usajobs.gov:443/job/876791300,2026-07-18T00:00:00.0000,information security,cybersecurity,
COMMAND AND CONTROL SPECIALIST T32,"THIS IS A NATIONAL GUARD TITLE 32 EXCEPTED SERVICE POSITION. This National Guard position is for a COMMAND AND CONTROL SPECIALIST T32, PDD1936000 and is part of the AZ 161st Air Refueling Wing, National Guard.",usajobs,AZ-12913853-26-NW-26-086TF,Air National Guard Units,"Phoenix, Arizona",https://www.usajobs.gov:443/job/862233700,2026-03-23T17:24:47.3300,information security,cybersecurity,
Supervisory Personnel Security Assistant,"The VISN 22 Personnel Security Unit is seeking Supervisory Security Assistants for their facilities throughout the VISN. This position performs the security-related functions in support of a Network Personnel Suitability and Credentialing Program within a Shared Services Unit, and assures that all appointees have the appropriate level of security/suitability clearance commensurate with their assignment.",usajobs,CAZJ-13007136-26-DLA,Veterans Health Administration,Multiple Locations,https://www.usajobs.gov:443/job/877106800,2026-07-17T00:00:00.0000,information security,cybersecurity,
SUPERVISORY SECURITY SPECIALIST,"This is a public notice flyer to notify interested applicants of anticipated vacancies. Applications will not be accepted through this flyer. Interested applicants must follow the directions in the ""How to Apply"" section of this flyer to be considered. There may or may not be actual vacancies filled from this flyer. Notice of Result letters will not be sent to applicants who respond to this flyer.",usajobs,DE-12991236-26-JH,"Commander, Navy Installations Command","China Lake, California",https://www.usajobs.gov:443/job/873796800,2026-06-23T00:00:00.0000,information security,cybersecurity,
Benefit Authorizer (Central Processing) Direct Hire Authority,"Positions under this announcement are being filled using a Direct Hire Authority (DHA)(SSA-001), open to all U.S. citizens. Selections made under this bulletin will be processed as new appointments to the civil service. Current civil service employees would be given new appointments to the civil service. Under the provisions of the DHA, Veterans Preference and the ""Rule of Three"" do not apply. NOTE: Telework may be available in accordance with agency policy. This IS NOT a virtual position.",usajobs,SSA-13001336-DHA-26-CP,Social Security Administration,"Kansas City, Missouri",https://www.usajobs.gov:443/job/876095500,2026-07-10T11:30:11.9270,information security,cybersecurity,
Threat Intelligence Analyst,The Secretary of the Senate's Senate Security Office is seeking a Threat Intelligence Analyst . The complete vacancy announcement and application may be found on the United States Senate Career Page at https://sen.gov/YO0NL.,usajobs,req1045,Senate,"Washington, District of Columbia",https://www.usajobs.gov:443/job/877119200,2026-07-17T17:00:34.0970,information security,cybersecurity,
Security Specialist,"This vacancy is for a GS-0080-11, Security Specialist located in the Department of Homeland Security, U.S. Coast Guard, USCG AIR STATION ATLANTIC CITY in EGG HARBOR TOWNSHIP, New Jersey.",usajobs,26-13000808-SE-IM-ST,U.S. Coast Guard,"Egg Harbor Township, New Jersey",https://www.usajobs.gov:443/job/876925300,2026-07-15T00:00:00.0000,information security,cybersecurity,
DIRECTOR OF MILITARY SUPPORT TITLE 32 PERMANENT,"THIS IS A NATIONAL GUARD TITLE 32 EXCEPTED SERVICE POSITION. This National Guard position is for a DIRECTOR OF MILITARY SUPPORT TITLE 32 PERMANENT, Position Description Number D1785000 and is part of the NH ARNG DCSOPS, National Guard. This vacancy is to gather applications that may or may not result in a referral or selection.",usajobs,NH-13000240-AR-26-194,Army National Guard Units,"Concord, New Hampshire",https://www.usajobs.gov:443/job/876444700,2026-07-15T00:00:00.0000,information security,cybersecurity,
Personnel Security Specialist,"This position is located in the Bureau of Diplomatic Security, Office of Personnel Security and Suitability, Adjudications Division (DS/PSS/ADJ). This position serves as a Personnel Security Specialist routinely will be responsible for directing the conduct and certifying the sufficiency of initial pre-employment investigations conducted for the purpose of determining suitability and security clearance eligibility.",usajobs,M/DS-MPE-2026-0019,Department of State - Agency Wide,"Arlington, Virginia",https://www.usajobs.gov:443/job/876100300,2026-07-13T00:00:00.0000,information security,cybersecurity,
Division Security Officer,"This position is located in the Drug Enforcement Administration (DEA), El Paso Division. This position(s) primary purpose is to serve as the Division Security Officer (DSO) for the El Paso Division. You will direct the lifecycle of the division's security program, overseeing its development, planning, execution, and management.",usajobs,H-DEA-26-12998255-IMP-CM,Drug Enforcement Administration,"El Paso County, Texas",https://www.usajobs.gov:443/job/875953600,2026-07-13T00:00:00.0000,information security,cybersecurity,
Security Assistant,"This position serves as a Security Assistant and the position is to perform security-related functions in support of a Network Personnel Suitability and Credentialing Program (hereinafter, ""Personnel Security Program"") within a shared services unit. The Personnel Security Program assures that all appointees have the appropriate level of security/suitability clearance commensurate with their assignment.",usajobs,CBSW-12997981-26-MV,Veterans Health Administration,"Fresno, California",https://www.usajobs.gov:443/job/875306700,2026-07-02T00:00:00.0000,information security,cybersecurity,
SWFPAC INFORMATION SYSTEMS SECURITY MANAGER (ISSM),"This is a public notice flyer to notify interested applicants of anticipated vacancies. Applications will not be accepted through this flyer. Interested applicants must follow the directions in the ""How to Apply"" section of this flyer to be considered. There may or may not be actual vacancies filled from this flyer. Notice of Result letters will not be sent to applicants who respond to this flyer.",usajobs,DE-13003061-26-BAC,STRATEGIC SYSTEMS PROGRAMS (SSP),"Bangor, Washington",https://www.usajobs.gov:443/job/875821400,2026-07-08T00:00:00.0000,information security,cybersecurity,
Attorney- Adviser,"This is a public notice flyer. Applications will not be accepted through USA Jobs. If you are interested in applying, please see the official announcement on the DOJs Legal Careers page by following the links below: Legal Careers | Attorney Advisor, GS-0905-13-15 | United States Department of Justice https://www.justice.gov/legal-careers/job/attorney-advisor-gs-0905-13-15-1",usajobs,NSD-26-13007978-DE,"Offices, Boards and Divisions","Washington, District of Columbia",https://www.usajobs.gov:443/job/876662400,2026-07-15T13:51:35.3470,information security,cybersecurity,
Physical Security Specialist,"This position is located in the U.S. Patent and Trademark Office (USPTO), Office of the Chief Administrative Officer (OCAO), Office of Administrative Services (OAS), Security Division. The incumbent assists in the administration of the agency's physical security programs and a variety of security-related administrative and technical duties.",usajobs,TMCO-ASDR-26-13006799-MP,Patent and Trademark Office,"Alexandria, Virginia",https://www.usajobs.gov:443/job/876812900,2026-07-17T00:00:00.0000,information security,cybersecurity,
Supervisory Personnel Security Specialist,"This position is located in the Bureau of Diplomatic Security, Security Infrastructure Directorate, Office of Personnel Security and Suitability (DS/SI/PSS), Adverse Actions Branch 2. The Adverse Actions Division conducts adjudicative determinations on the most complex or serious security issues that may result in a denial, revocation, or suspension of a security clearance for the Department's Presidential appointees, Foreign/Civil Service, Wage Grade applicants, and contractors.",usajobs,M/DS-MPI-2026-0055,Department of State - Agency Wide,"Arlington, Virginia",https://www.usajobs.gov:443/job/877035500,2026-07-20T00:00:00.0000,information security,cybersecurity,
PERSONNEL SECURITY SPECIALIST,"THIS IS A NATIONAL GUARD TITLE 32 EXCEPTED SERVICE POSITION. This National Guard position is for a PERSONNEL SECURITY SPECIALIST, Position Description Number D2479000 and is part of the J2, National Guard. This vacancy does not meet the criteria for appointment of annuitants.",usajobs,NY-12991854-AR-T32026-411,Army National Guard Units,"Latham, New York",https://www.usajobs.gov:443/job/874926300,2026-06-30T15:00:24.9230,information security,cybersecurity,
IT DIRECTOR NF-5* (RFT) MCCS HAWAII,"Marine Corps Community Services (MCCS) is looking for the best and brightest to join our Team! MCCS is a comprehensive program that supports and enhances the quality of life for Marines, their families, and others in the Marine Corps Community. We offer a team oriented environment comprised of military personnel, civilian employees, contractors and volunteers who keep the organization functioning smoothly and effectively.",usajobs,77939,U.S. Marine Corps,"Kaneohe, Hawaii",https://www.usajobs.gov:443/job/875336700,2026-07-02T00:00:00.0000,information security,cybersecurity,
Attorney Adviser,"This is a public notice flyer. Applications will not be accepted through USA Jobs. If you are interested in applying, please see the official announcement on the DOJs Legal Careers page by following the links below: Legal Careers | Attorney Advisor(s), GS-0905-13-15 | United States Department of Justice https://www.justice.gov/legal-careers/job/attorney-advisors-gs-0905-13-15-0",usajobs,NSD-26-12993849-DE,"Offices, Boards and Divisions","Washington, District of Columbia",https://www.usajobs.gov:443/job/874300900,2026-06-24T00:00:00.0000,information security,cybersecurity,
Security Specialist,"This vacancy is for a GS - 0080 - 11, Security Specialist located in the Department of Homeland Security, U.S. Coast Guard, USCG AIR STATION ATLANTIC CITY in EGG HARBOR TOWNSHIP, New Jersey.",usajobs,26-13000809-SE-IM-DE,U.S. Coast Guard,"Egg Harbor Township, New Jersey",https://www.usajobs.gov:443/job/876600200,2026-07-15T00:00:00.0000,information security,cybersecurity,
Physical Security Specialist,"The position is in the Veterans Benefits Administration (VBA), Office of Mission Support (OMS). The incumbent reports to the Assistant Director of Emergency Preparedness Division and serves as the Physical Security Specialist and provides consultation in security disciplines including personnel and physical security programs. The incumbent applies a general knowledge of security program interrelationships to coordinate the objectives and implementation of a specialized security program for VBA.",usajobs,101-OMS-13008524-27-JR-NBU,Veterans Benefits Administration,"Washington, District of Columbia",https://www.usajobs.gov:443/job/877029400,2026-07-17T11:38:29.9970,information security,cybersecurity,
Personnel Security Specialist,"About the Position: This position supports the Defense Health Agency (DHA) Administration Security division and is located in San Antonio, Texas. This is not a virtual/remote position. You must live within or be willing to relocate within a commutable distance of the identified duty location (San Antonio, TX).",usajobs,HQKF-26-13006964-MP,Defense Health Agency,"San Antonio, Texas",https://www.usajobs.gov:443/job/876493300,2026-07-17T00:00:00.0000,information security,cybersecurity,
Intelligence Research Specialist,"1-year non-reimbursable assignment. The only compensation for this assignment is the federal salary you are already receiving. CBP Office of Intelligence Intelligence Research Specialist Series Requested: 0132, 1801, 1805 Security Clearance: TS/SCI Virtual/Remote: No Only current, full-time federal employees are eligible. Resumes are reviewed every 30 days until selection/closing date. This is a Detail, not a Developmental Rotation. Supervisory approval form must be signed.",usajobs,JDP-12987540-26-DJ,Department of Homeland Security - Agency Wide,Multiple Locations,https://www.usajobs.gov:443/job/873247600,2026-06-15T00:00:00.0000,information security,cybersecurity,
Personnel Security Specialist,"This position is located in the Personnel Vetting Operations Division (PVOD), Security Enterprise Services Directorate (SESD), Washington Headquarters Services (WHS). PVOD performs personnel vetting management and administration functions in direct support of the Office of the Secretary of War, Director of Administration and Management, WHS, and other clients.",usajobs,IMP-13006687-26-KG,Washington Headquarters Services,"Alexandria, Virginia",https://www.usajobs.gov:443/job/876457800,2026-07-14T13:22:36.5300,information security,cybersecurity,
EMERGENCY SERVICES DISPATCHER,"The United States Capitol Police (USCP) safeguards the Congress, Members of Congress, employees, visitors, and Congressional buildings and grounds from crime, disruption, and terrorism. We protect and secure Congress so it can fulfill its constitutional and legislative responsibilities in a safe, secure and open environment.",usajobs,req748,U.S. Capitol Police,"Washington, District of Columbia",https://www.usajobs.gov:443/job/875196400,2026-07-01T00:00:00.0000,information security,cybersecurity,
Security Specialist,"About the Position: This position supports the Defense Health Agency (DHA) Administration Security division and is located in San Antonio, Texas. This is not a virtual/remote position. You must live within or be willing to relocate within a commutable distance of the identified duty location (San Antonio, TX).",usajobs,HQKF-26-13006143-MP,Defense Health Agency,"San Antonio, Texas",https://www.usajobs.gov:443/job/876444000,2026-07-17T00:00:00.0000,information security,cybersecurity,
Security Specialist,"Do not email applications. To submit your resume for this Direct Hire opportunity, click here. For additional information on other USSF direct hire opportunities visit the Air Force Civilian Careers Space Force website and follow USSF on LinkedIn.Do not email applications.",usajobs,SF-FY26-6N-GG-0080-12-SPLSH,United States Space Force Forces,"Wright-Patterson AFB, Ohio",https://www.usajobs.gov:443/job/876455100,2026-07-14T13:48:46.9570,information security,cybersecurity,
SECURITY SPECIALIST (DISCLOSURE),"About the Position: The incumbent will serve as a Security Specialist (Disclosure) at US SOUTHCOM - Chief of Staff - Foreign Disclosure Office in Miami, FL.",usajobs,SDSE-26-13007916-MP,Joint Activities,"Miami, Florida",https://www.usajobs.gov:443/job/876708000,2026-07-15T16:14:55.1200,information security,cybersecurity,
EMERGENCY RESPONSE DISPATCHER,"This is a public notice flyer to notify interested applicants of anticipated vacancies. Applications will not be accepted through this flyer. Interested applicants must follow the directions in the ""How to Apply"" section of this flyer to be considered. There may or may not be actual vacancies filled from this flyer. Notice of Result letters will not be sent to applicants who respond to this flyer.",usajobs,DE-12883390-26-AML,"Commander, Navy Installations Command","Washington Navy Yard, District of Columbia",https://www.usajobs.gov:443/job/857021300,2026-02-11T00:00:00.0000,information security,cybersecurity,
REGIONAL EMERGENCY RESPONSE DISPATCHER,"This is a public notice flyer to notify interested applicants of anticipated vacancies. Applications will not be accepted through this flyer. Interested applicants must follow the directions in the ""How to Apply"" section of this flyer to be considered. There may or may not be actual vacancies filled from this flyer. Notice of Result letters will not be sent to applicants who respond to this flyer.",usajobs,DE-12944560-26-JH,"Commander, Navy Installations Command","Bangor, Washington",https://www.usajobs.gov:443/job/866394400,2026-04-27T00:00:00.0000,information security,cybersecurity,
Support Services Supervisor NF-04,"This position is located at: NAF Support Services - Fort Irwin, California. Join our team at Fort Irwin National Training Center. DFMWR integrates and delivers Family and Morale, Welfare and Recreation programs and services enabling readiness and resilience for a globally-responsive Army. This is announcement will have a cutoff on 7/28/2026 . Any qualified applicants on the cutoff date will be forwarded to management first.",usajobs,O2NAFET-26-13006718,United States Army Installation Management Command,"Fort Irwin, California",https://www.usajobs.gov:443/job/876591800,2026-07-14T00:00:00.0000,information security,cybersecurity,
Chief Information Officer,"The Information Technology Office (ITO) is responsible for providing information technology and telecommunication services to OSC nationwide. ITO activities include support for OSC's wide and local area networks in Washington, DC, an in-house case tracking system, Internet and Intranet, wireless services, email, video conferencing, backup and restore facility for all agency file servers, eDiscovery system, AI integration, and support for a variety of other services.",usajobs,2026-08,Office of Special Counsel,"Washington, District of Columbia",https://www.usajobs.gov:443/job/876023700,2026-07-09T19:04:48.5000,information security,cybersecurity,
Field Representative (AR/IL/IA/IN/MI/MN/MO/WI),"This vacancy is for a Field Representative (FR) position located in AR/IL/IA/IN/MI/MN/MO/WI. If your state/territory is not listed here, visit Census.gov to find your state's announcement. Applicants selected will have their home as their Duty Station and will be required to travel throughout their local area.",usajobs,FLDCG-2026-FR-01-DE,U.S. Census Bureau,Location Negotiable After Selection,https://www.usajobs.gov:443/job/857485300,2026-02-13T00:00:00.0000,information security,cybersecurity,
Field Representative (Bilingual),This vacancy is for a Bilingual Field Representative (FR) position Anywhere in the United States and Puerto Rico. This vacancy is also advertised under another announcement without a bilingual requirement. You are strongly encouraged to apply to this announcement AND the non-bilingual announcement. Visit Census.gov to apply to the non-bilingual announcement. Applicants selected will have their home as their Duty Station and will be required to travel throughout their local area.,usajobs,FLD-2026-FR-BILINGUAL-01-DE,U.S. Census Bureau,Location Negotiable After Selection,https://www.usajobs.gov:443/job/857487300,2026-02-13T00:00:00.0000,information security,cybersecurity,
Field Representative (AL/FL/GA/LA/MS/NC/SC),"This vacancy is for a Field Representative (FR) position located in AL/FL/GA/LA/MS/NC/SC. If your state/territory is not listed here, visit Census.gov to find your state's announcement. Applicants selected will have their home as their Duty Station and will be required to travel throughout their local area.",usajobs,FLDAT-2026-FR-01-DE,U.S. Census Bureau,Location Negotiable After Selection,https://www.usajobs.gov:443/job/857489800,2026-02-13T00:00:00.0000,information security,cybersecurity,
Field Representative (AZ/CO/KS/MT/ND/NE/NM/OK/SD/TX/UT/WY),"This vacancy is for a Field Representative (FR) position located in AZ/CO/KS/MT/ND/NE/NM/OK/SD/TX/UT/WY. If your state/territory is not listed here, visit Census.gov to find your state's announcement. Applicants selected will have their home as their Duty Station and will be required to travel throughout their local area.",usajobs,FLDDN-2026-FR-01-DE,U.S. Census Bureau,Location Negotiable After Selection,https://www.usajobs.gov:443/job/857491400,2026-02-13T00:00:00.0000,information security,cybersecurity,
Field Representative (CT/MA/ME/NH/NJ/NY/RI/VT/PR),"This vacancy is for a Field Representative (FR) position located in CT/MA/ME/NH/NJ/NY/RI/VT/PR. If your state/territory is not listed here, visit Census.gov to find your state's announcement. Applicants selected will have their home as their Duty Station and will be required to travel throughout their local area.",usajobs,FLDNY-2026-FR-01-DE,U.S. Census Bureau,Location Negotiable After Selection,https://www.usajobs.gov:443/job/857492200,2026-02-13T00:00:00.0000,information security,cybersecurity,
Field Representative (AK/CA/HI/ID/NV/OR/WA),"This vacancy is for a Field Representative (FR) position located in AK/CA/HI/ID/NV/OR/WA. If your state/territory is not listed here, visit Census.gov to find your state's announcement. Applicants selected will have their home as their Duty Station and will be required to travel throughout their local area.",usajobs,FLDLA-2026-FR-01-DE,U.S. Census Bureau,Location Negotiable After Selection,https://www.usajobs.gov:443/job/857493200,2026-02-13T00:00:00.0000,information security,cybersecurity,
Field Representative (DC/DE/KY/MD/OH/PA/TN/VA/WV),"This vacancy is for a Field Representative (FR) position located in DC/DE/KY/MD/OH/PA/TN/VA/WV. If your state/territory is not listed here, visit Census.gov to find your state's announcement. Applicants selected will have their home as their Duty Station and will be required to travel throughout their local area.",usajobs,FLDPH-2026-FR-01-DE,U.S. Census Bureau,Location Negotiable After Selection,https://www.usajobs.gov:443/job/857493600,2026-02-13T00:00:00.0000,information security,cybersecurity,
Field Representative (Bilingual),This vacancy is for a Bilingual Field Representative in select areas. Please refer to the Additional Information section. This vacancy is also advertised under another announcement without a bilingual requirement. You are strongly encouraged to apply to this announcement AND the non-bilingual announcement. Visit Census.gov to apply to the non-bilingual announcement. Applicants selected will have their home as their Duty Station and will be required to travel throughout their local area.,usajobs,FLD2026-FR5-BILINGUAL-01-DE,U.S. Census Bureau,Location Negotiable After Selection,https://www.usajobs.gov:443/job/859964200,2026-03-05T00:00:00.0000,information security,cybersecurity,
Field Representative (AK/CA/HI/ID/NV/OR/WA),"This vacancy is for a Field Representative (FR) position located in AK/CA/HI/ID/NV/OR/WA . If your state/territory is not listed here, visit Census.gov to find your state's announcement. Applicants selected will have their home as their Duty Station and will be required to travel throughout their local area.",usajobs,FLDLA-2026-FR05-01-DE,U.S. Census Bureau,Location Negotiable After Selection,https://www.usajobs.gov:443/job/859965800,2026-03-05T00:00:00.0000,information security,cybersecurity,
Field Representative (DC/DE/KY/MD/OH/PA/TN/VA/WV),"This vacancy is for a Field Representative (FR) position located in DC/DE/KY/MD/OH/PA/TN/VA/WV . If your state/territory is not listed here, visit Census.gov to find your state's announcement. Applicants selected will have their home as their Duty Station and will be required to travel throughout their local area.",usajobs,FLDPH-2026-FR05-01-DE,U.S. Census Bureau,Location Negotiable After Selection,https://www.usajobs.gov:443/job/859966900,2026-03-05T00:00:00.0000,information security,cybersecurity,
Field Representative,"This vacancy is for a Field Representative (FR) position, in selected areas, supporting Special Census (SC) operations for Wheeling, IL. Selected areas include: Wheeling, IL. FS Selection Area Map Applicants selected will have their home as their Duty Station and will be required to travel throughout their local area.",usajobs,FLD-2026-0023-FRCG-SC-DE,U.S. Census Bureau,Multiple Locations,https://www.usajobs.gov:443/job/874228900,2026-06-25T00:00:00.0000,information security,cybersecurity,
Field Representative,"This vacancy is for a Field Representative (FR) position supporting Special Census (SC) operations for Aurora, IL. Applicants selected will have their home as their Duty Station and will be required to travel throughout their local area.",usajobs,FLD-2026-0024-FRCG-SC-DE,U.S. Census Bureau,Multiple Locations,https://www.usajobs.gov:443/job/875019200,2026-07-01T09:53:17.5200,information security,cybersecurity,
Security Assistant,"The Security Assistant (Dispatch) position is located in the Police Service, VA Tennessee Valley Healthcare System (TVHS). The primary purpose of this position is to dispatch appropriate law enforcement and emergency services to incident and monitor physical security equipment.",usajobs,CBTG-13004881-26-JH,Veterans Health Administration,"Nashville, Tennessee",https://www.usajobs.gov:443/job/876335000,2026-07-13T16:06:37.9670,information security,cybersecurity,
Intermediate Care Technician,"The Intermediate Care Technician (ICT) Generalist is assigned to the Department of Veterans Health Administration. This position serves as an advance technician for outpatient care settings such as; primary care, mental health, and specialty clinics providing direct patient care.. As an ICT Generalist the incumbent may serve in a medical center, community-based outpatient clinic, mobile medical unit or may have virtual/remote assignments.",usajobs,CAZM-13000589-26-AE,Veterans Health Administration,"Waco, Texas",https://www.usajobs.gov:443/job/876105100,2026-07-10T12:11:38.1770,information security,cybersecurity,
Network Administrator,"Network administrators coordinate and oversee the judiciary's information technology networks. Network administrators perform routine network administration. Duties include collaboration with supervisors, managers, executives and judges.",usajobs,2026-CLK-16,U.S. Courts,"Miami, Florida",https://www.usajobs.gov:443/job/872677300,2026-06-11T09:22:27.0370,information security,cybersecurity,
Security Specialist,"A successful candidate in this position will conceive, plan, initiate, monitor, develop, and analyze implementation policies and procedures for security programs.",usajobs,26-NA-LA-XE-00683-GOV,National Nuclear Security Administration,"Los Alamos, New Mexico",https://www.usajobs.gov:443/job/876796500,2026-07-16T10:29:25.4000,information security,cybersecurity,
Transportation Security Officer,"Transportation Security Officers are responsible for providing security and protection of travelers across all transportation sectors in a courteous and professional manner. Their duties may also extend to securing high-profile events, important figures and/or anything that includes or impacts our transportation systems.",usajobs,12839498  AEX-PT,Transportation Security Administration,"Alexandria, Louisiana",https://www.usajobs.gov:443/job/850639300,2026-05-05T00:00:00.0000,information security,cybersecurity,
Security Specialist,"For more information on the Department of Justice and the United States Attorneys' Offices, visit http://www.justice.gov/usao/. As needed, additional positions may be filled using this announcement. .",usajobs,26-CAC-13000756-DE,Executive Office for U.S. Attorneys and the Office of the U.S. Attorneys,"Los Angeles, California",https://www.usajobs.gov:443/job/876122600,2026-07-10T13:12:12.6500,information security,cybersecurity,
DEPUTY CHIEF ENGINEER & SYSTEMS SECURITY ENGINEERING LEAD,"This is a public notice flyer to notify interested applicants of anticipated vacancies. Applications will not be accepted through this flyer. Interested applicants must follow the directions in the ""How to Apply"" section of this flyer to be considered. There may or may not be actual vacancies filled from this flyer. Notice of Result letters will not be sent to applicants who respond to this flyer.",usajobs,DE-13006178-26-BAC,STRATEGIC SYSTEMS PROGRAMS (SSP),Multiple Locations,https://www.usajobs.gov:443/job/876353100,2026-07-13T00:00:00.0000,information security,cybersecurity,
Electronics Mechanic (Open until filled),"This position is part of The Donald J. Trump and John F. Kennedy Memorial Center for the Performing Arts (the Center). The incumbent will be responsible for performing installation, testing and maintenance on Fire Alarm devices, Life Safety Devices, Security Devices, Door Access controls and Security Cameras.",usajobs,KC-26-MP-12885299HD,John F. Kennedy Center for the Performing Arts,"Washington, District of Columbia",https://www.usajobs.gov:443/job/857412700,2026-02-12T00:00:00.0000,information security,cybersecurity,
"SECURITY GUARD (Indefinite, May Become Permanent)","IOWA AIR NATIONAL GUARD - TITLE 32 EXCEPTED SERVICE POSITION This position is open to current military members of the 185th ARW, Sioux City, Iowa Air National Guard This is an Indefinite position, and may become permanent. LOCATION: 185th ARW, Sioux City, Iowa",usajobs,IA-13006512-AF-26-190,Air National Guard Units,"Sioux City, Iowa",https://www.usajobs.gov:443/job/876435200,2026-07-14T12:16:34.8930,information security,cybersecurity,
Regional Director,"This position is located within the Department of Homeland Security (DHS), Cybersecurity and Infrastructure Security Agency (CISA), Integrated Operations Division (IOD). Regional Directors serve as the CISA senior official within their region and engage with other Federal, State and local level officials of similar status.",usajobs,IOD-DE-13003962-26-HD,Cybersecurity and Infrastructure Security Agency,Multiple Locations,https://www.usajobs.gov:443/job/875980800,2026-07-10T00:00:00.0000,information security,cybersecurity,
Lead Security Specialist,"The Federal Energy Regulatory Commission (FERC) is ranked within the top 5 mid-size agencies as a ""Best Places to Work"" in the Federal government! This Lead Security Specialist position is located in the Office of the Executive Director. For more information visit: Office of the Executive Director (OED) | Federal Energy Regulatory Commission",usajobs,FERC-OED-MPF-26-12990488,Federal Energy Regulatory Commission,"Washington, District of Columbia",https://www.usajobs.gov:443/job/876410200,2026-07-14T15:38:28.0770,information security,cybersecurity,
Security Assistant,"This position is located in a VISN 4 facility Police Department. The position initiates and accomplishes a variety of complex communications and security related duties such as: answering emergency phone lines, dispatching police to emergencies, operating the facility overhead paging system during medical emergencies, monitoring panic alarm system, monitoring intrusion alarm system, monitoring closed circuit camera system, issuing visitor badges, and granting PIV card access to employees.",usajobs,CBSZ-13002825-26-EM,Veterans Health Administration,"Lebanon, Pennsylvania",https://www.usajobs.gov:443/job/876887600,2026-07-16T15:03:08.5600,information security,cybersecurity,
SECURITY SPECIALIST,"This position is located in the Department of Homeland Security (DHS), Office of Intelligence and Analysis (I&A), Mission Assurance Division, Security Management Branch (SMB). The primary purpose of this position is Security Specialist responsible providing technical guidance on multi-disciplined security programs and assisting subordinate security specialists. Non-BU: This is a non-bargaining unit position.",usajobs,DE-12983003-26-IA,Office of Intelligence and Analysis,"District of Columbia, District of Columbia",https://www.usajobs.gov:443/job/876704900,2026-07-20T00:00:00.0000,information security,cybersecurity,
Attorney Advisor,"This is a public notice flyer. Applications will not be accepted through USA Jobs. If you are interested in applying, please see the official announcement on the DOJs Legal Careers page by following the links below: Legal Careers | Attorney Advisor, GS-0905-13-15 | United States Department of Justice https://www.justice.gov/legal-careers/job/attorney-advisor-gs-0905-13-15",usajobs,NSD-26-12933359-DE,"Offices, Boards and Divisions","Washington, District of Columbia",https://www.usajobs.gov:443/job/864561200,2026-04-09T00:00:00.0000,information security,cybersecurity,
Personnel Security Specialist (Hiring Event),"Personnel Security Specialists review, analyze, and adjudicate personnel security information and conduct interviews to make security clearance determinations and to resolve questions concerning derogatory information. They advise organization officials on personnel security-related policies, procedures, programs, and investigative requirements. They also work with internal and external staff and",usajobs,20260261,National Geospatial-Intelligence Agency,"Springfield, Virginia",https://www.usajobs.gov:443/job/877145700,2026-07-20T06:50:18.0430,information security,cybersecurity,
Lead Transportation Security Officer,"Securing Travel, Protecting People - At the Transportation Security Administration, you will serve in a high-stakes environment to safeguard the American way of life. In cities across the country, you would secure airports, seaports, railroads, highways, and/or public transit systems, thus protecting America's transportation infrastructure and ensuring freedom of movement for people and commerce.",usajobs,MSP-26-13002110-I,Transportation Security Administration,"Minneapolis, Minnesota",https://www.usajobs.gov:443/job/875735200,2026-07-10T00:00:00.0000,information security,cybersecurity,
Supervisory Criminal Investigator,"DHS is hiring for law enforcement jobs that have an exciting opportunity! Once onboarded, you may be assigned for up to one year to support the D.C. Safe and Beautiful Task Force. The law enforcement component of the D.C. Task Force is a partnership of over 20 federal and local agencies working together to make D.C. the safest city in America. Once the assignment ends, you'll transition back to support the DHS. Visit the D.C. Task Force page for more information",usajobs,ST-13004889-26-OCSO,DHS Headquarters,Multiple Locations,https://www.usajobs.gov:443/job/876951300,2026-07-20T00:00:00.0000,information security,cybersecurity,
TITLE 32 MANAGEMENT ANALYST (MI G3),"THIS IS AN ARMY NATIONAL GUARD TITLE 32 EXCEPTED SERVICE POSITION. This National Guard position is for a TITLE 32 MANAGEMENT ANALYST (MI G3), Position Description Number NGD2677000 and is part of the MI JFHQ Army, Michigan Army National Guard. MICHIGAN ARMY NATIONAL GUARD MEMBERSHIP IS REQUIRED. If you are not sure you are eligible for military membership, please contact a Michigan Army National Guard recruiter prior to applying for this position.",usajobs,MI-13000044-AR-26-198,Army National Guard Units,"Lansing, Michigan",https://www.usajobs.gov:443/job/875365300,2026-07-06T09:35:38.3770,information security,cybersecurity,
INTELLIGENCE OFFICER,"THIS IS A NORTH DAKOTA NATIONAL GUARD TITLE 32 EXCEPTED SERVICE POSITION. This ND National Guard position is for a INTELLIGENCE OFFICER, Position Description Number D2616000 and is part of the ND J2, National Guard.",usajobs,ND-13004570-AR-26-018 (T32),Army National Guard Units,"Bismarck, North Dakota",https://www.usajobs.gov:443/job/876103600,2026-07-10T14:21:38.4270,information security,cybersecurity,
Supervisory Security Specialist,"This position is part of the Y-12 Field Office, Assistant Manager for Safeguards and Security. As the Deputy Assistant Manager for Safeguards and Security, you will manage and oversee the safeguards and security program and cybersecurity program at the Y-12 National Security Complex in Oak Ridge, Tennessee.",usajobs,26-NA-YFO-XE-00766-NNSA,National Nuclear Security Administration,"Oak Ridge, Tennessee",https://www.usajobs.gov:443/job/876250800,2026-07-13T10:34:01.9170,information security,cybersecurity,
Attorney Advisor,"This is a public notice flyer. Applications will not be accepted through USA Jobs. If you are interested in applying, please see the official announcement on the DOJs Legal Careers page by following the links below: chrome-extension://efaidnbmnnnibpcajpcglclefindmkaj/https://intranetstaging.doj.gov/jmd/hr2/details/Oversight-Attorney-Announcement-May-2026.pdf Oversight-Attorney-Announcement-May-2026.pdf",usajobs,NSD-26-12960433-ST,"Offices, Boards and Divisions","Washington, District of Columbia",https://www.usajobs.gov:443/job/868972600,2026-05-13T00:00:00.0000,information security,cybersecurity,
Field Office - Claims Specialist,"Positions under this announcement are being filled using a Direct Hire Authority (DHA)(SSA-001), open to all U.S. citizens. Selections made under this bulletin will be processed as new appointments to the civil service. Current civil service employees would be given new appointments to the civil service. Under the provisions of the DHA, Veterans Preference and the ""Rule of Many"" do not apply. NOTE: Telework may be available in accordance with agency policy. This IS NOT a virtual position.",usajobs,SSA-13006732-DHA-26-FO,Social Security Administration,"Dayton, Ohio",https://www.usajobs.gov:443/job/876524900,2026-07-16T00:00:00.0000,information security,cybersecurity,
Claims Specialist,"Positions under this announcement are being filled using a Direct Hire Authority (DHA)(SSA-001), open to all U.S. citizens. Selections made under this bulletin will be processed as new appointments to the civil service. Current civil service employees would be given new appointments to the civil service. Under the provisions of the DHA, Veterans Preference and the ""Rule of Many"" do not apply. NOTE: Telework may be available in accordance with agency policy. This IS NOT a virtual position.",usajobs,SSA-13007159-DHA-26-FO,Social Security Administration,"Brooklyn Center, Minnesota",https://www.usajobs.gov:443/job/876619000,2026-07-16T00:00:00.0000,information security,cybersecurity,
Police Officer,"This position will serve as a Police Officer at the Ralph H. Johnson VA Medical Center in Charleston, South Carolina (CBOC Savannah, Georgia). The Police Officer will perform a full range of police duties by following and executing rules, regulations, or procedures covering law and rules enforcement, physical and personal security operations, patrol duties, control desk duty, coordination with local courts, and/or crime prevention activities for the local jurisdiction.",usajobs,CBTB-12993441-26-SMH,Veterans Health Administration,"Savannah, Georgia",https://www.usajobs.gov:443/job/874614900,2026-06-26T00:00:00.0000,information security,cybersecurity,
Police Officer,"This position will serve as a Police Officer at the Ralph H. Johnson VA Medical Center in Charleston, South Carolina (CBOC Hinesville, Georgia). The Police Officer will perform a full range of police duties by following and executing rules, regulations, or procedures covering law and rules enforcement, physical and personal security operations, patrol duties, control desk duty, coordination with local courts, and/or crime prevention activities for the local jurisdiction.",usajobs,CBTB-12990084-26-SMH,Veterans Health Administration,"Hinesville, Georgia",https://www.usajobs.gov:443/job/874615400,2026-06-26T00:00:00.0000,information security,cybersecurity,
SECURITY ASSISTANT (OA),"This is a public notice flyer to notify interested applicants of anticipated vacancies. Applications will not be accepted through this flyer. Interested applicants must follow the directions in the ""How to Apply"" section of this flyer to be considered. There may or may not be actual vacancies filled from this flyer. Notice of Result letters will not be sent to applicants who respond to this flyer.",usajobs,DE-12951375-26-MMH,U.S. Marine Corps,"Bridgeport, California",https://www.usajobs.gov:443/job/867456400,2026-04-30T00:00:00.0000,information security,cybersecurity,
Senior Marine Accident Investigator (Nautical) - Direct Hire,"This position is a Senior Marine Accident Investigator (Nautical) located in the National Transportation Safety Board (NTSB), Office of Marine Safety (OMS). OMS investigates major marine casualties to determine the probable cause and identify safety recommendations that will prevent similar events in the future.",usajobs,MS-12991237-26-SL,National Transportation Safety Board,Anywhere in the U.S. (remote job),https://www.usajobs.gov:443/job/876585900,2026-07-15T09:41:36.5700,information security,cybersecurity,
Marine Accident Investigator (Nautical) - Direct Hire,"This position is a Marine Accident Investigator (Nautical) located in the National Transportation Safety Board (NTSB), Office of Marine Safety (OMS). OMS investigates major marine casualties to determine the probable cause and identify safety recommendations that will prevent similar events in the future.",usajobs,MS-13005635-26-SL,National Transportation Safety Board,"Washington, District of Columbia",https://www.usajobs.gov:443/job/876586800,2026-07-15T00:00:00.0000,information security,cybersecurity,
IT SPECIALIST (CUSTSPT) (TITLE 32),"THIS IS A NATIONAL GUARD TITLE 32 EXCEPTED SERVICE POSITION. This National Guard position is for a IT SPECIALIST (CUSTSPT) (TITLE 32), Position Description Number D2526P02 and is part of the IL DCSIM, National Guard.",usajobs,IL-13001203-AR-26-222,Army National Guard Units,"Springfield, Illinois",https://www.usajobs.gov:443/job/875580100,2026-07-14T00:00:00.0000,information security,cybersecurity,
IT Project Manager (COOP/IR),This position is located in Division of Emergency Preparedness and Responses. This job opportunity announcement may be used to fill additional vacancies within the agency. The supervisor is Anthony Bowers. This position is subject to Confidential Financial Disclosure reporting requirements. This position is subject to security ownership restriction reporting requirements.,usajobs,DEST-13007807-26-KS,Nuclear Regulatory Commission,Multiple Locations,https://www.usajobs.gov:443/job/876930600,2026-07-17T00:00:00.0000,information security,cybersecurity,
IT Specialist (Webmaster),This position is located in IT Services Development and Operations Division. This job opportunity announcement may be used to fill additional vacancies within the agency. The supervisor is Ed Madden. This position is subject to Confidential Financial Disclosure reporting requirements. This position is not subject to security ownership restriction reporting requirements.,usajobs,DEST-12992186-26-KT,Nuclear Regulatory Commission,"Rockville, Maryland",https://www.usajobs.gov:443/job/875482100,2026-07-07T00:00:00.0000,information security,cybersecurity,
Lead Physical Security Specialist (Law Enforcement),"This position is located in the Department of Housing and Urban Development, Office of the Chief Administrative Officer.",usajobs,26-HUD-13007185,Office of the Chief Administrative Officer,"Alexandria, Virginia",https://www.usajobs.gov:443/job/876524300,2026-07-15T10:55:31.8530,information security,cybersecurity,
SUPERVISORY POLICE OFFICER,You will serve as a SUPERVISORY POLICE OFFICER (WATCH COMMANDER) in the Provost Marshal Office/Marine Corps Police Department of MARINE CORPS AIR STATION YUMA.,usajobs,ST-13011665-26-MMH,U.S. Marine Corps,"Yuma, Arizona",https://www.usajobs.gov:443/job/876837400,2026-07-17T00:00:00.0000,information security,cybersecurity,
Security Assistant,This position serves as the Security Assistant for Police Service Corporal Michael J Crescenz Department within the Veterans Health Administration (VHA) with a primary purpose to monitor physical security equipment and systems. Major duties and responsibilities include:,usajobs,CBSZ-12997783-26-TEB,Veterans Health Administration,"Philadelphia, Pennsylvania",https://www.usajobs.gov:443/job/875947000,2026-07-09T13:39:34.3200,information security,cybersecurity,
Security Assistant (Dispatcher),This position is located at the Charles George VA Medical Center - Western North Carolina Health Care System within Police Services. The primary purpose of the position is to monitor physical security equipment and systems.,usajobs,CBTA-13005634-26-RF,Veterans Health Administration,"Asheville, North Carolina",https://www.usajobs.gov:443/job/876408900,2026-07-15T00:00:00.0000,information security,cybersecurity,
IT SPECIALIST,"You will serve as a IT Specialist in the Corporate Business & Analysis Group, Digital, Information Technology, Analysis & Cyber Department of NAVAIRWARCENWPNDIV CHINA LAKE.",usajobs,ST-13006074-26-KP,Naval Air Systems Command,"China Lake, California",https://www.usajobs.gov:443/job/876438300,2026-07-17T00:00:00.0000,information security,cybersecurity,
Medical Records Technician (ROI),"The Long Beach VA Medical Center is currently recruiting for one (1) Medical Records Technician (ROI) to work in HIMS Services Long Beach, CA. This position is located in the Health Information Management (HIM) section at the Tibor Rubin VA Medical Center. Welcome to VA Long Beach Tibor Rubin - History",usajobs,CBSX-13008418-26-AW,Veterans Health Administration,"Long Beach, California",https://www.usajobs.gov:443/job/877201400,2026-07-20T12:42:07.1030,information security,cybersecurity,business
Shift Supervisor,"The United States Capitol Police (USCP) safeguards the Congress, Members of Congress, employees, visitors, and Congressional buildings and grounds from crime, disruption, and terrorism. We protect and secure Congress so it can fulfill its constitutional and legislative responsibilities in a safe, secure and open environment.",usajobs,req777,U.S. Capitol Police,"Washington, District of Columbia",https://www.usajobs.gov:443/job/874960000,2026-06-30T00:00:00.0000,information security,cybersecurity,
Correspondence Clerk (Office Automation),"About the Position: This position is with the Directorate of Patient Administration at Tripler Army Medical Center, Honolulu Hawaii. Tripler Army Medical Center is a tobacco-free workplace. Tobacco products include, but are not limited to, smoking, smokeless tobacco, and electronic nicotine delivery devices.",usajobs,HSJG-26-13008409-MP,Military Treatment Facilities under DHA,"Tripler Army Medical Center, Hawaii",https://www.usajobs.gov:443/job/877150500,2026-07-20T08:01:00.5100,information security,cybersecurity,
Transportation Secuirty Officer,"Transportation Security Officers are responsible for providing security and protection of travelers across all transportation sectors in a courteous and professional manner. Their duties may also extend to securing high-profile events, important figures and/or anything that includes or impacts our transportation systems.",usajobs,12992637-DRO-PT,Transportation Security Administration,"Durango, Colorado",https://www.usajobs.gov:443/job/874023100,2026-06-23T14:48:27.5970,information security,cybersecurity,
SECURITY OFFICER (TITLE 32),"THIS IS A NATIONAL GUARD TITLE 32 EXCEPTED SERVICE POSITION. This National Guard position is for a SECURITY OFFICER (TITLE 32), Position Description Number D2243000 and is part of the NC ANG, National Guard (ANG-145 SEF SQ/1028828).",usajobs,NC-12999432-AF-26-034,Air National Guard Units,"Charlotte, North Carolina",https://www.usajobs.gov:443/job/876768200,2026-07-17T00:00:00.0000,information security,cybersecurity,
IT SPECIALIST (OPERATING SYSTEMS),"This is a public notice flyer to notify interested applicants of anticipated vacancies. Applications will not be accepted through this flyer. Interested applicants must follow the directions in the ""How to Apply"" section of this flyer to be considered. There may or may not be actual vacancies filled from this flyer. Notice of Result letters will not be sent to applicants who respond to this flyer.",usajobs,DE-13000491-26-EG,U.S. Marine Corps,"Quantico, Virginia",https://www.usajobs.gov:443/job/875872800,2026-07-10T00:00:00.0000,information security,cybersecurity,
Operational Support Technician,"The heart and soul of the FBI is in the investigative work employees perform to prevent, disrupt, and mitigate threats. The Operational Support Technician (OST) is the key support to Agents and Intelligence Analysts. OSTs have an integral role in operations and make an immediate impact by performing a wide range of support functions.",usajobs,DESTIMP-13014062-26-VL,Federal Bureau of Investigation,Multiple Locations,https://www.usajobs.gov:443/job/877154800,2026-07-20T08:28:54.4300,information security,cybersecurity,
Supervisory Transportation Security Officer,"Securing Travel, Protecting People - At the Transportation Security Administration, you will serve in a high-stakes environment to safeguard the American way of life. In cities across the country, you would secure airports, seaports, railroads, highways, and/or public transit systems, thus protecting America's transportation infrastructure and ensuring freedom of movement for people and commerce.",usajobs,ACK-26-12998821-I,Transportation Security Administration,"Nantucket, Massachusetts",https://www.usajobs.gov:443/job/875364000,2026-07-06T09:28:40.7000,information security,cybersecurity,
Supervisory Transportation Security Officer,"Securing Travel, Protecting People - At the Transportation Security Administration, you will serve in a high-stakes environment to safeguard the American way of life. In cities across the country, you would secure airports, seaports, railroads, highways, and/or public transit systems, thus protecting America's transportation infrastructure and ensuring freedom of movement for people and commerce",usajobs,DRO-26-13014713-I,Transportation Security Administration,"Durango, Colorado",https://www.usajobs.gov:443/job/877235900,2026-07-20T13:55:50.1770,information security,cybersecurity,
Physical Security Specialist (Law Enforcement),"This position is located in the Department of Housing and Urban Development, Office of the Chief Administrative Officer.",usajobs,26-HUD-13006986,Office of the Chief Administrative Officer,"Alexandria, Virginia",https://www.usajobs.gov:443/job/876523900,2026-07-15T10:54:54.5730,information security,cybersecurity,
Police Officer (Secret Service Police) Emergency Response Team,"The Secret Service Police (Uniformed Division) mission is to protect facilities and venues secured for U.S. Secret Service protectees. Throughout its history, the Secret Service Police has accomplished this mission through a tradition of honor, integrity, and a commitment to excellence. Recruitment Incentive of $75,000. For more information, click here For more information on the Secret Service click here.",usajobs,UDB-26-SOD-Q3-ERT,U.S. Secret Service,"Washington, District of Columbia",https://www.usajobs.gov:443/job/858755300,2026-03-01T00:00:00.0000,information security,cybersecurity,
Police Officer (Secret Service Police) Canine Explosives Detection,"The Secret Service Police (Uniformed Division) mission is to protect facilities and venues secured for U.S. Secret Service protectees. Throughout its history, the Secret Service Police has accomplished this mission through a tradition of honor, integrity, and a commitment to excellence. Recruitment Incentive of $75,000. For more information, click here. For more information on the Secret Service, click here.",usajobs,UDB-26-SOD-Q3-CAN,U.S. Secret Service,"Washington, District of Columbia",https://www.usajobs.gov:443/job/858758100,2026-03-01T00:00:00.0000,information security,cybersecurity,
Police Officer (Secret Service Police) Counter Sniper,"The Secret Service Police (Uniformed Division) mission is to protect facilities and venues secured for U.S. Secret Service protectees. Throughout its history, the Secret Service Police has accomplished this mission through a tradition of honor, integrity, and a commitment to excellence. Recruitment Incentive of $75,000. For more information, click here. For more information on the Secret Service, click here.",usajobs,UDB-26-SOD-Q3-CSN,U.S. Secret Service,"Washington, District of Columbia",https://www.usajobs.gov:443/job/858790500,2026-03-01T00:00:00.0000,information security,cybersecurity,
INFORMATION TECHNOLOGY SPECIALIST (APPSW/DATAMGT),"This is a public notice flyer to notify interested applicants of anticipated vacancies. Applications will not be accepted through this flyer. Interested applicants must follow the directions in the ""How to Apply"" section of this flyer to be considered. There may or may not be actual vacancies filled from this flyer. Notice of Result letters will not be sent to applicants who respond to this flyer.",usajobs,DE-12999159-26-ALK,U.S. Marine Corps,"Quantico, Virginia",https://www.usajobs.gov:443/job/875213000,2026-07-02T10:57:35.0470,information security,cybersecurity,
Senior Policy Advisor,"This position is to serve as a Senior Policy Advisor in the Office of Investment Security, within the Office of International Affairs, U.S. Department of the Treasury. OIS fulfills Treasury's responsibilities as chair of Committee on Foreign Investment in the United States (""CFIUS"" or the ""Committee""), an interagency committee authorized to review certain transactions involving foreign investment in the United States to determine the effect of such transactions on the national security.",usajobs,26-DO-12880409-DH,"Treasury, Departmental Offices","Washington, District of Columbia",https://www.usajobs.gov:443/job/857816900,2026-02-17T00:00:00.0000,information security,cybersecurity,
HSI Tip Line Analyst,"This assignment is a 1-year non-reimbursable assignment. The only compensation for this assignment is the federal salary you are already receiving. HSI Tip Line Analyst Series Requested: 0132, 0343, 1801, 1805 Security Clearance: Secret Virtual/Remote: No Only current, full-time federal employees are eligible. Resumes are reviewed every 30 days until selection/closing date. This is a Detail, not a Developmental Rotation. Supervisory approval form must be signed.",usajobs,JDP-12962201-26-DK,Department of Homeland Security - Agency Wide,Multiple Locations,https://www.usajobs.gov:443/job/869527600,2026-06-01T00:00:00.0000,information security,cybersecurity,
IT Program Manager,"This position is part of the Office of Energy Dominance Financing (EDF) within the Department of Energy. As an IT Program Manager, you will be directing all key IT projects and act as the systems architect, database manager, project manager, and webmaster.",usajobs,26-EF-13004556-IMP,Department of Energy - Agency Wide,"Washington, District of Columbia",https://www.usajobs.gov:443/job/876599400,2026-07-16T00:00:00.0000,information security,cybersecurity,
Security Specialist (Physical/Technical),"""The Federal Law Enforcement Training Centers (FLETC), through strategic partnerships, prepares the federal law enforcement community to safeguard America's people, property, and institutions."" We are a unique inter-agency organization preparing the next generation of law enforcement officers to meet our Nation's most pressing security challenges."" Click here to learn more. An incentive may be authorized, but is not guarnteed. NO PCS is authorized for this position.",usajobs,FLETC-DD/CSO-26-12948183,Federal Law Enforcement Training Centers,"Artesia, New Mexico",https://www.usajobs.gov:443/job/875065500,2026-07-02T00:00:00.0000,information security,cybersecurity,
Management Analyst,"This position is located in the Policy and Programs Division, Office of Counterintelligence, Domestic Operations Directorate, Bureau of Diplomatic Security (DS/CI/PPD). The Office of Counterintelligence works to detect, deter, and neutralize the efforts of foreign intelligence services targeting Department of State and foreign affairs community personnel, facilities, and missions worldwide. For more information about the Bureau, visit: DS",usajobs,M/DS-MPI-2026-0061,Department of State - Agency Wide,"Arlington, Virginia",https://www.usajobs.gov:443/job/877091900,2026-07-20T00:00:00.0000,information security,cybersecurity,
Attorney Advisor,"This is a public notice flyer. Applications will not be accepted through USA Jobs. If you are interested in applying, please see the official announcement on the DOJs Legal Careers page by following the links below: Legal Careers | Attorney Advisor(s), GS-0905-13-15 | United States Department of Justice https://www.justice.gov/legal-careers/job/attorney-advisors-gs-0905-13-15",usajobs,NSD-26-12959485-DE,"Offices, Boards and Divisions","Washington, District of Columbia",https://www.usajobs.gov:443/job/868783000,2026-05-11T00:00:00.0000,information security,cybersecurity,
Security Assistant,About the Position: This position serves as a Security Assistant for the Fort Meade Directorate of Emergency services Police/Provost Marshall Division.,usajobs,MCFT-26-13013653-MP,United States Army Installation Management Command,"Fort Meade, Maryland",https://www.usajobs.gov:443/job/876989700,2026-07-17T10:05:35.9270,information security,cybersecurity,
ServiceNow Engineer-DHA,"IT Specialist (SYSADM) Service Now Engineer position(s) are being filled through the Office of Personnel Management's delegated Direct Hire Authority, open to all U.S. citizens. Selections made under this bulletin will be processed as new appointments to the civil service. Current civil service employees would, therefore, be given new appointments to the civil service. Under the provisions of the Direct Hire Authority, Veterans Preference and the ""Rule of Many"" do not apply.",usajobs,SSA-12902608-DHA-26-CIO,Social Security Administration,Multiple Locations,https://www.usajobs.gov:443/job/860065800,2026-03-06T00:00:00.0000,information security,cybersecurity,
SUPERVISORY POLICE OFFICER,You will serve as a SUPERVISORY POLICE OFFICER in the FORCE PROTECTION (N34) DEPARTMENT of NAVMAG INDIAN ISLAND SEC DET.,usajobs,ST-13005951-26-KO,"Commander, Navy Installations Command","Hadlock, Washington",https://www.usajobs.gov:443/job/876431500,2026-07-15T00:00:00.0000,information security,cybersecurity,
IT Specialist (CUSTSPT),"The Smithsonian Institution is the world's largest museum, education, and research complex, with 21 museums and the National Zoo. This position is located in Endpoint Services, Office of the Information Technology Operations, Office of the Chief Information Officer (OCIO), Under Secretary for Finance and Administration, Smithsonian Institution (SI).",usajobs,26A-BY-314273-MPA-OCIO,Smithsonian Institution ,"Washington, District of Columbia",https://www.usajobs.gov:443/job/874995700,2026-07-01T00:00:00.0000,information security,cybersecurity,
SUPERVISORY MEDICAL SUPPORT ASSISTANT,"The Supervisory Medical Support Assistant is assigned to Care in the Community, VA Salt Lake City Health Care System. The primary duties are to supervisor, technical expert, trainer, auditor and advisor to ensure that staff work assignments are carried out and to perform a variety of support functions.",usajobs,CBSU-12998024-26-CTR,Veterans Health Administration,"Salt Lake City, Utah",https://www.usajobs.gov:443/job/875921400,2026-07-09T12:25:12.4270,information security,cybersecurity,
Trial Attorney,"This is a public notice flyer. Applications will not be accepted through USA Jobs. If you are interested in applying, please see the official announcement on the DOJs Legal Careers page by following the links below: Legal Careers | Trial Attorney, GS-0905-14/15 | United States Department of Justice https://www.justice.gov/legal-careers/job/trial-attorney-gs-0905-1415-0",usajobs,NSD-26-13013682-DE,"Offices, Boards and Divisions","Washington, District of Columbia",https://www.usajobs.gov:443/job/876974300,2026-07-17T09:03:49.3170,information security,cybersecurity,
Intelligence Operations Specialist (Open to both U.S. Citizens and Federal Employees),"The Office of Intelligence, Security and Emergency Response ensures the development, coordination, and execution of plans and procedures for the Department of Transportation to balance transportation security requirements with the safety, mobility, and economic needs of the Nation through effective intelligence, security, preparedness, and emergency response programs.",usajobs,OST.IER-2026-0005,Office of the Secretary of Transportation,"Washington, District of Columbia",https://www.usajobs.gov:443/job/876615300,2026-07-15T11:19:50.2970,information security,cybersecurity,
Materials Handler Leader,"This position serves as a Warehouse Worker Leader located within the Warehouse area of the Logistics Service in the Veterans Affairs Health Care System performing work that involves receiving, storing, selecting, and shipping general and/or specialized bulk and bin materials and equipment.",usajobs,CBSV-13007910-26-SB,Veterans Health Administration,Multiple Locations,https://www.usajobs.gov:443/job/877125200,2026-07-17T18:21:18.0600,information security,cybersecurity,
Security Specialist (Physical/Technical),"""The Federal Law Enforcement Training Centers (FLETC), through strategic partnerships, prepares the federal law enforcement community to safeguard America's people, property, and institutions."" We are a unique inter-agency organization preparing the next generation of law enforcement officers to meet our Nation's most pressing security challenges."" Click here to learn more. An incentive may be authorized but not guaranteed. NO PCS will be authorized for this position.",usajobs,FLETC-DD/CSO-26-12953342,Federal Law Enforcement Training Centers,"Artesia, New Mexico",https://www.usajobs.gov:443/job/875061200,2026-07-02T00:00:00.0000,information security,cybersecurity,
Intelligence Operations Specialist (Watchlist Analyst),"This position is located in the Department of Homeland Security (DHS), Office of Intelligence and Analysis, Homeland Identity Intelligence Center. This position is engaged in work that involves developing, integrating and maintaining thorough, accurate, and current information about individuals known or suspected to be engaged in transnational organized crime or terrorism activity for the purpose of identifying and screening threat actors. Non-BU: This is a non-bargaining unit position.",usajobs,DE-12982906-26-IA,Office of Intelligence and Analysis,"Bethesda, Maryland",https://www.usajobs.gov:443/job/876704600,2026-07-20T00:00:00.0000,information security,cybersecurity,
Supervisory Park Ranger (Protection) - Chief Park Ranger,"You will serve as a Supervisory Park Ranger (Protection) - Chief Park Ranger, in the Division of Visitor Resource Protection. This position is responsible for administering all phases of the law enforcement and visitor protection programs for park visitors and resources. Program responsibilities include law enforcement, boat safety, off-road vehicle management, park Dive Program, park collateral duty safety officer, Park special uses, and commercial use duties.",usajobs,LE-ST-26-13002765-KDM-SD1,National Park Service,"Fritch, Texas",https://www.usajobs.gov:443/job/876036900,2026-07-15T00:00:00.0000,information security,cybersecurity,
Counterintelligence Analyst (Hiring Event),"Counterintelligence (CI) Analysts perform intelligence analysis to protect NGA personnel, programs, and facilities. They apply expertise of all-source analysis and counterintelligence tradecraft to analyze topic- or country-specific CI issues and inform decision makers on trends or developments that impact national security. They produce a variety of formal and informal intelligence assessments to",usajobs,20260262,National Geospatial-Intelligence Agency,"Springfield, Virginia",https://www.usajobs.gov:443/job/877145800,2026-07-20T06:50:18.6930,information security,cybersecurity,
Clinical Laboratory Scientist (Quality Assurance),"About the Position: This position is located at 375th Medical Group at Scott Air Force Base, Illinois. A recruitment or relocation incentive may be authorized. Salary negotiation may be available for those candidates who are new to Federal service. Student Loan repayment may be authorized. Non-Federal work experience may be creditable for leave purposes. This is a Direct Hire Solicitation",usajobs,HSJW-26-13007780-DHA,Military Treatment Facilities under DHA,"Scott AFB, Illinois",https://www.usajobs.gov:443/job/876682200,2026-07-16T00:00:00.0000,information security,cybersecurity,
INFORMATION TECHNOLOGY SPECIALIST (NETWORK SERVICES),"This is a public notice flyer to notify interested applicants of anticipated vacancies. Applications will not be accepted through this flyer. Interested applicants must follow the directions in the ""How to Apply"" section of this flyer to be considered. There may or may not be actual vacancies filled from this flyer. Notice of Result letters will not be sent to applicants who respond to this flyer.",usajobs,DE-13001740-26-TLS,Naval Sea Systems Command,"Kittery, Maine",https://www.usajobs.gov:443/job/876393200,2026-07-14T09:34:47.1730,information security,cybersecurity,
Deputy Chief Information Officer,"The United States Patent and Trademark Office's (USPTO) mission is to promote innovation and competition by providing quality examination and issuance of patent and trademark applications, guiding domestic and international intellectual property policy, and delivering intellectual property information and education worldwide. Through the issuance of patents, the USPTO encourages technological advancement by providing incentives to invent, invest in, and disclose new technology worldwide.",usajobs,EXRD - OCIO-26-13010596,Patent and Trademark Office,"Alexandria, Virginia",https://www.usajobs.gov:443/job/876995500,2026-07-17T10:23:16.7170,information security,cybersecurity,
Assistant United States Attorney,"The United States Attorneys Office for the Central District of California (USAO) is one of the largest and most impactful in the nation, serving nearly 20 million people in seven counties. In the Criminal and National Security Divisions, the USAO handles significant prosecutions to protect the rights of victims, promote public safety, and uphold justice. For more information on the Department of Justice and the United States Attorney's Offices, visit http://www.justice.gov/usao/",usajobs,26-CAC-12878213-AUSA,Executive Office for U.S. Attorneys and the Office of the U.S. Attorneys,"Santa Ana, California",https://www.usajobs.gov:443/job/856857200,2026-02-06T12:25:49.2170,information security,cybersecurity,
Assistant United States Attorney,"The United States Attorney's Office for the Central District of California (USAO) is one of the largest and most impactful in the nation, serving nearly 20 million people in seven counties. The Office enforces the laws and defends the interests of the United States through three primary litigating Divisions: Criminal, National Security, and Civil. For more information on the Department of Justice and the United States Attorney's Offices, visit http://www.justice.gov/usao/ Th",usajobs,26-CAC-12934069-AUSA,Executive Office for U.S. Attorneys and the Office of the U.S. Attorneys,"Los Angeles, California",https://www.usajobs.gov:443/job/864745600,2026-04-10T00:00:00.0000,information security,cybersecurity,
Assistant United States Attorney,"The United States Attorney's Office for the Central District of California (USAO) is one of the largest and most impactful in the nation, serving nearly 20 million people in seven counties. The Office enforces the laws and defends the interests of the United States through three primary litigating Divisions: Criminal, National Security, and Civil. For more information on the Department of Justice and the United States Attorney's Offices, visit http://www.justice.gov/usao/",usajobs,26-CAC-12934960-AUSA,Executive Office for U.S. Attorneys and the Office of the U.S. Attorneys,"Santa Ana, California",https://www.usajobs.gov:443/job/864914000,2026-04-13T00:00:00.0000,information security,cybersecurity,
Information Technology Specialist (Security) - Direct Hire Authority,"This position is located in the Cyber Threat Analysis Division (CTAD), Office of Cyber Threat and Investigations (CTI), Bureau of Diplomatic Security (DS). This serves as public notice for the use of OPM's Direct Hire Authority. Applicants who meet the qualification requirements will be forwarded to the selecting official for consideration. We may select from this announcement or any other source to fill one or more vacancies. For more information about this Bureau, visit: DS.",usajobs,M/DS-DHA-2026-0005,Department of State - Agency Wide,"Arlington, Virginia",https://www.usajobs.gov:443/job/876969500,2026-07-17T08:49:46.6170,information security,cybersecurity,
COMPUTER SCIENTIST,"You will serve as a Computer Scientist in the SE Software Branch, SE Engineering Integration Division, SE Department of NAVAIRWARCENADLKE.",usajobs,ST-13006468-26-DSA,Naval Air Systems Command,"Lakehurst, New Jersey",https://www.usajobs.gov:443/job/876424300,2026-07-17T00:00:00.0000,information security,cybersecurity,
SECURITY ASSISTANT (OFFICE AUTOMATION),You will serve as a SECURITY ASSISTANT (OFFICE AUTOMATION) in the NAVY INSTALLATIONS COMMAND (CNIC) of COMNAVREG MIDLANT NORFOLK.,usajobs,ST-13006995-26-AML,"Commander, Navy Installations Command","Naval Base, Norfolk, Virginia",https://www.usajobs.gov:443/job/876488400,2026-07-16T00:00:00.0000,information security,cybersecurity,
Watch Analyst,"This assignment is a 1-year non-reimbursable assignment. The only compensation for this assignment is the federal salary you are already receiving. HSI Watch Analyst Series Requested: 0132, 0343, 1801, 1805 Security Clearance: Top Secret Virtual/Remote: No Only current, full-time federal employees are eligible. Resumes are reviewed every 30 days until selection/closing date. This is a Detail, not a Developmental Rotation. Supervisory approval form must be signed.",usajobs,JDP-12964167-26-DK,Department of Homeland Security - Agency Wide,"Washington, District of Columbia",https://www.usajobs.gov:443/job/869529400,2026-06-01T00:00:00.0000,information security,cybersecurity,
IT Project Manager/Scrum Master,"This position is located in the Railroad Retirement Board's Bureau of Information Services; Policy & Compliance; Project Management Office. The incumbent will be responsible for implementation of information technology projects using waterfall, hybrid or agile methodologies for the Railroad Retirement Board. This job announcement may be used to fill one or more vacancies. This is a bargaining unit position. This position is represented by the Council of AFGE Locals in the Board.",usajobs,260018DE-12999979-YA,Railroad Retirement Board,Multiple Locations,https://www.usajobs.gov:443/job/876941200,2026-07-17T00:00:00.0000,information security,cybersecurity,business
Operations Manager,"The United States Capitol Police (USCP) safeguards the Congress, Members of Congress, employees, visitors, and Congressional buildings and grounds from crime, disruption, and terrorism. We protect and secure Congress so it can fulfill its constitutional and legislative responsibilities in a safe, secure and open environment.",usajobs,req772,U.S. Capitol Police,"Washington, District of Columbia",https://www.usajobs.gov:443/job/874959900,2026-06-30T00:00:00.0000,information security,cybersecurity,
Supervisory Information Technology Specialist (Customer Support),"""The Federal Law Enforcement Training Centers (FLETC), through strategic partnerships, prepares the federal law enforcement community to safeguard America's people, property, and institutions."" We are a unique inter-agency organization preparing the next generation of law enforcement officers to meet our Nation's most pressing security challenges."" Click here to learn more. An incentive may be authorized. See additional info section. Permanent Change of Station (PCS) is not authorized.",usajobs,FLETC-CIO-26-13003390,Federal Law Enforcement Training Centers,"Glynco, Georgia",https://www.usajobs.gov:443/job/876324300,2026-07-13T00:00:00.0000,information security,cybersecurity,
Cybersecurity Engineering - Leadership,"The Department of Homeland Security (DHS) is recruiting professionals to support a range of leadership roles in Cybersecurity Engineering, including System Testing and Evaluation Manager, Senior Software Developer, and Lead Secure Software Assessor. These positions are in the DHS Cybersecurity Service.",usajobs,26-12995453-CBWQ,DHS Headquarters,Multiple Locations,https://www.usajobs.gov:443/job/875160200,2026-07-06T00:00:00.0000,information security,cybersecurity,business
IT Specialist (Network),This is a Direct Hire Authority (DHA) solicitation utilizing the DHA for Domestic Defense Industrial Base (DIB) & Major Range & Test Facilities Base (MRTFB) in DoD to recruit and appoint qualified candidates to positions in the competitive service. About the Position: This position is with the Joint Munitions Command located at Camp Stanley Storage Activity serving as an IT Specialist (Network) with the responsibility for computer operations and mission tasks.,usajobs,MCGL-26-13010582-DHA,U.S. Army Joint Munitions Command,"Boerne, Texas",https://www.usajobs.gov:443/job/876987100,2026-07-20T00:00:00.0000,information security,cybersecurity,
Principal Deputy Chief Counsel,"This position is located in the Office of the Chief Counsel for U.S. Citizenship and Immigration Services (USCIS), in Camp Springs, MD. As Principal Deputy Chief Counsel you will serve as the alter ego for the USCIS Chief Counsel responsible for assisting with the direction, control, & performance of a nationwide legal program & is responsible for planning, coordinating & ensuring consistent implementation of legal approaches that address the nationwide strategic & operational objectives.",usajobs,ERS-58964-26-OCC,Citizenship and Immigration Services,"Camp Springs, Maryland",https://www.usajobs.gov:443/job/876986100,2026-07-17T09:54:11.2430,information security,cybersecurity,
SUPERVISORY IT SPECIALIST,You will serve as a SUPERVISORY INFORMATION TECHNOLOGY SPECIALIST in the INFORMATION TECHNOLOGY SERVICES DIVISION of the NAVAL ACADEMY.,usajobs,ST-13008150-26-ALV,Bureau of Naval Personnel,"Annapolis, Maryland",https://www.usajobs.gov:443/job/876824800,2026-07-17T00:00:00.0000,information security,cybersecurity,
Human Resources Assistant (Office Automation),"For more information on the Department of Justice and the United States Attorneys' Offices, visit http://www.justice.gov/usao/. As needed, additional positions may be filled using this announcement. .",usajobs,26-CAC-12986554-DE,Executive Office for U.S. Attorneys and the Office of the U.S. Attorneys,"Los Angeles, California",https://www.usajobs.gov:443/job/876836100,2026-07-16T12:28:40.3400,information security,cybersecurity,business
POLICE OFFICER (TITLE 32),"THIS IS A NATIONAL GUARD TITLE 32 EXCEPTED SERVICE POSITION. This National Guard position is for a POLICE OFFICER (TITLE 32), Position Description Number D2155000 and is part of the IL 182 AW, National Guard.",usajobs,IL-12822091-AF-25-070,Air National Guard Units,"Peoria, Illinois",https://www.usajobs.gov:443/job/848721200,2025-10-29T00:00:00.0000,information security,cybersecurity,
POLICE OFFICER (TITLE 32),"THIS IS A NATIONAL GUARD TITLE 32 EXCEPTED SERVICE POSITION. This National Guard position is for a POLICE OFFICER (TITLE 32), Position Description Number D2155000 and is part of the IL 183 WG, National Guard.",usajobs,IL-12874639-AF-26-043,Air National Guard Units,"Springfield, Illinois",https://www.usajobs.gov:443/job/856965900,2026-01-30T00:00:00.0000,information security,cybersecurity,
IT Specialist (Security),Incumbent will serve as an IT Specialist with the Authentication Services Branch (AIF-310).,usajobs,ACT-AIT-26-AIF310-98694,Federal Aviation Administration,Multiple Locations,https://www.usajobs.gov:443/job/875142700,2026-07-02T00:00:00.0000,information security,cybersecurity,
Industrial Hygienist,"Serves as an Industrial Hygienist in the Quality Safety Value Service at the Johnathan M. Wainwright Memorial VA Medical Center where duties include, but are not limited to, the following: asbestos control and abatement, ethylene oxide, formaldehyde, hearing conservation, hazard communication, nitrous oxide, mercury, hazardous and infectious waste management, water testing and treatment, respirator program, and anti-neoplastic drugs.",usajobs,CBSV-13013133-26-TS,Veterans Health Administration,"Walla Walla, Washington",https://www.usajobs.gov:443/job/877037600,2026-07-17T11:55:58.5170,information security,cybersecurity,
Foreign Affairs Specialist,This position is located in the Research Analysis and Intelligence Dissemination Directorate. This is the full performance level for the position. The incumbent independently plans and carries out a variety of assignments related to foreign affairs and national security policy. The work requires a comprehensive understanding of the subject matter and involves handling a range of complex issues with minimal supervision.,usajobs,ST-13004647-26-AES,Defense Technology Security Administration,"Alexandria, Virginia",https://www.usajobs.gov:443/job/876784900,2026-07-16T09:55:21.6170,information security,cybersecurity,
Call Center Representative - DHA,"Positions under this announcement are being filled using a Direct Hire Authority (DHA)(SSA-001), open to all U.S. citizens. Selections made under this bulletin will be processed as new appointments. Current civil service employees would be given new appointments to the civil service. Under the provisions of DHA, Veterans Preference does not apply. To learn more about SSA, click the links below: Careers with SSA The United States Social Security Administration my Social Security | SSA",usajobs,DHA-12975102-26-HLT,Social Security Administration,Multiple Locations,https://www.usajobs.gov:443/job/871606900,2026-06-03T00:00:00.0000,information security,cybersecurity,
DHS Continuity Testing Program Lead,"This assignment is a 1-year non-reimbursable assignment. Office of the Secretary DHS Continuity Testing Program Lead Series Requested: 0089 Security Clearance: None Virtual/Remote: No Only current, full-time federal employees are eligible. Resumes are reviewed every 30 days until selection/closing date. This is a Detail, not a Developmental Rotation. Supervisory approval form must be signed.",usajobs,JDP-12960807-26-DJ,Department of Homeland Security - Agency Wide,"Washington, District of Columbia",https://www.usajobs.gov:443/job/869004600,2026-05-12T15:17:14.1100,information security,cybersecurity,
"Correctional Officer – Up to $49,056.00 Recruitment Incentive – Direct Hire",Corrections professionals who foster a humane and secure environment and ensure public safety by preparing individuals for successful reentry into our communities.,usajobs,DHA-2026-0015,Bureau of Prisons/Federal Prison System,Multiple Locations,https://www.usajobs.gov:443/job/870552500,2026-03-19T00:00:00.0000,information security,cybersecurity,
Administrative Support Assistant (Regional Administrative Assistant),"This position is located in the Department of Health and Human Services, Program Support Center, headquartered in Rockville, Maryland. This announcement will close at 11:59 PM, on the day that 75 applications have been received or on the closing date, whichever is first.",usajobs,HHS-PSC-MP-26-12978899,Program Support Center,Multiple Locations,https://www.usajobs.gov:443/job/876395600,2026-07-16T00:00:00.0000,information security,cybersecurity,
Supervisory IT Specialist,"This position is located in the National Oceanic and Atmospheric Administration (NOAA), National Ocean Service (NOS), with vacancies in Oxford, Maryland; Silver Spring, Maryland; Beaufort, North Carolina; and Charleston, South Carolina. .",usajobs,NOS-26-13004756-ST,National Oceanic and Atmospheric Administration,Multiple Locations,https://www.usajobs.gov:443/job/877037300,2026-07-20T00:00:00.0000,information security,cybersecurity,
Supervisory IT Specialist,"This position is located in the National Oceanic and Atmospheric Administration (NOAA), National Ocean Service (NOS), Office of Coast Survey (OCS), Coast Survey Development Laboratory (CSDL), Information Technology Services Branch (ITSB) with one vacancy in Silver Spring, MD. This position is also announced under vacancy number NOS OCS-26-13005748-DE, which is open to all US Citizens or Nationals. You must apply to both announcements if you want to be considered for both.",usajobs,NOS OCS-26-13005747-ST,National Oceanic and Atmospheric Administration,"Silver Spring, Maryland",https://www.usajobs.gov:443/job/876705300,2026-07-16T00:00:00.0000,information security,cybersecurity,
Supervisory IT Specialist,"This position is located in the National Oceanic and Atmospheric Administration (NOAA), National Ocean Service (NOS), Office of Coast Survey (OCS), Coast Survey Development Laboratory (CSDL), Information Technology Services Branch (ITSB) with one vacancy in Silver Spring, MD. This position is also announced under vacancy number NOS OCS-26-13005747-ST, which is open to Status Candidates. You must apply to both announcements if you want to be considered for both.",usajobs,NOS OCS-26-13005748-DE,National Oceanic and Atmospheric Administration,"Silver Spring, Maryland",https://www.usajobs.gov:443/job/876705400,2026-07-16T00:00:00.0000,information security,cybersecurity,
Criminal Analyst (Investigative Analyst),"This is a 1-year non-reimbursable assignment. The only compensation for this assignment is the federal salary you are already receiving. Homeland Security Investigations (HSI) Criminal Analyst (Investigative Analyst) Series Requested: 1805 or 0132 Security Clearance: Top Secret Virtual/Remote: No Only current, full-time federal employees are eligible. Resumes reviewed every 30 days until selection/closing. This is a Detail, not a Developmental Rotation. Supervisory approval form must be signed.",usajobs,JDP-12978052-26-DJ,Department of Homeland Security - Agency Wide,Multiple Locations,https://www.usajobs.gov:443/job/871753100,2026-06-04T11:49:13.1770,information security,cybersecurity,
OPERATIONS SPECIALIST,You will serve as an Operations Specialist in the Operations Department of MSCEUR.,usajobs,ST-13005887-26-EKC,Military Sealift Command,"Naples, Italy",https://www.usajobs.gov:443/job/876416400,2026-07-15T00:00:00.0000,information security,cybersecurity,
Administrative Officer,"About the Position: This position is located in Fort Knox, Hardin, Kentucky. Fort Knox is a United States Army installation in Kentucky, south of Louisville and north of Elizabethtown. This position is not covered by a bargaining unit.",usajobs,NC7X-26-13006510 - MP,Department of War Education Activity,"Fort Knox, Kentucky",https://www.usajobs.gov:443/job/876826100,2026-07-17T00:00:00.0000,information security,cybersecurity,
Administrative Officer,"About the Position: This position is located in Fort Knox, Hardin, Kentucky. Fort Knox is a United States Army installation in Kentucky, south of Louisville and north of Elizabethtown.",usajobs,NC7X-26-13006509-DE,Department of War Education Activity,"Fort Knox, Kentucky",https://www.usajobs.gov:443/job/876826500,2026-07-17T00:00:00.0000,information security,cybersecurity,
Intelligence Specialist (Operations),"About the Position: This position is in the Defense Civilian Intelligence Personnel System (DCIPS). Employees occupying DCIPS positions are in the Excepted Service and must adhere to U.S. Code, Title 10, as well as Department of Defense Instruction 1400.25. This position is located at the ST-IC-W1U301 US ARMY INTELLIGENCE AND SECURITY CMD. This position is located at MICECP with a duty location of Honolulu, Hawaii.",usajobs,SDST2613004483DCIPS,U.S. Army Intelligence and Security Command,Multiple Locations,https://www.usajobs.gov:443/job/876842400,2026-07-20T10:30:39.4900,information security,cybersecurity,
POLICE OFFICER,You will serve as a POLICE OFFICER in the OPERATIONS DEPARTMENT of NAVBASE POINT LOMA SEC DET.,usajobs,ST-13003935-26-TAF,"Commander, Navy Installations Command","Naval Station Complex, San Diego, California",https://www.usajobs.gov:443/job/876154300,2026-07-15T00:00:00.0000,information security,cybersecurity,
"Associate Principal Legal Advisor for Enforcement, General Law, and Litigation","The incumbent of this position is one of two senior advisors to the Deputy Principal Legal Advisors for Enforcement, General Law, and Litigation on all matters related to criminal, customs, and immigration law enforcement authorities, as well as litigation, general, and administrative law matters.",usajobs,ICESES/26-12999606,Immigration and Customs Enforcement,"Washington, District of Columbia",https://www.usajobs.gov:443/job/875975900,2026-07-10T00:00:00.0000,information security,cybersecurity,
Safety & Occupational Health Manager,"The Institutional Safety Program Coordinator supports the Institutional Safety Management Office and provides institutional safety program expertise across the Agency. This position is responsible for increasing awareness of the multi-employer worksite doctrine and executing studies and analyses to identify trends, correlations, behaviors and process improvements to drive changes in safety and health policy, processes, risk mitigation strategies and collaborative work initiatives.",usajobs,HQ-26-IMP-13002214-DL,"Headquarters, NASA",Multiple Locations,https://www.usajobs.gov:443/job/875978000,2026-07-14T00:00:00.0000,information security,cybersecurity,
Safety&Occupational Health Specialist,"The Mishap Investigation Specialist supports the NASA Safety Center's Mishap Prevention and Organizational Performance Office and provides mishap investigation, root cause analysis, and mishap prevention expertise across the Agency in support of the NASA Mishap Program Executive. This position is responsible for assisting and advising Centers, Programs, projects and investigating authorities on the implementation of policy and best practice techniques for mishap and close call investigations.",usajobs,HQ-26-IMP-13002642-DL,"Headquarters, NASA","Kennedy Space Center, Florida",https://www.usajobs.gov:443/job/876240000,2026-07-14T00:00:00.0000,information security,cybersecurity,
Security Guard (Instructor),"This is a Direct Hire Authority (DHA) solicitation utilizing the DHA for Certain Personnel of the DoD Workforce to recruit and appoint qualified candidates to positions in the competitive service. About the Position: This position is with the 834th U.S. Army Transportation Battalion located in Concord, California.",usajobs,MCGT-26-13007380-DHA,ARMY TRANSPORTATION,"Concord, California",https://www.usajobs.gov:443/job/877127600,2026-07-17T00:00:00.0000,information security,cybersecurity,
Security Assistant,"This position serves as the Security Assistant for Police Service within the Minneapolis, Minnesota Veterans Health Administration (VHA) with a primary purpose to monitor physical security equipment and systems. Major duties and responsibilities include: ** This is an open continuous announcement until July 27, 2026. Qualified applicants will be considered and referred as necessary.",usajobs,CBSY-12947506-26-TRC,Veterans Health Administration,"Minneapolis, Minnesota",https://www.usajobs.gov:443/job/866865300,2026-04-28T00:00:00.0000,information security,cybersecurity,
Testing Clerk,"About the Position: This position is with the Military Entrance Processing Command. Position conducts aptitude and qualification examinations at the Military Entrance Processing Station and Military Entrance Test (MET) sites for the applicants of the various Armed Services. Tests include the Armed Services Vocational Aptitude Battery (ASVAB), Computerized Adaptive Testing (CAT) - ASVAB, Internet CAT-ASVAB.",usajobs,CHDE-26-13006878-DE-R,U.S. Military Entrance Processing Command,"Fort Snelling, Minnesota",https://www.usajobs.gov:443/job/876477200,2026-07-15T00:00:00.0000,information security,cybersecurity,
Claims Specialist,"LOCATION: This position is located in the Saginaw, MI, Field Office, 611 E. Genesee Ave. Saginaw, MI 48607. TOUR OF DUTY: Flextime | Full-time | Alternate work schedules may be available. TYPE OF POSITION: Permanent",usajobs,SSA-13004961-ICTAP-26-FO,Social Security Administration,"Saginaw, Michigan",https://www.usajobs.gov:443/job/876477300,2026-07-15T00:00:00.0000,information security,cybersecurity,
FINANCIAL MANAGER,"This National Guard position is for a FINANCIAL MANAGER, Position Description Number D1540000 and is part of 155 CPTF, Nebraska Air National Guard. Selected applicant may be eligible for a recruitment or relocation incentive not to exceed 25% of the annual rate of basic pay. A recruitment or relocation incentive must be negotiated prior to acceptance of the official offer",usajobs,NE-12996179-AF-26-026,Air National Guard Units,"Lincoln, Nebraska",https://www.usajobs.gov:443/job/875105400,2026-07-01T14:26:04.4400,information security,cybersecurity,
MAIL ASSISTANT,You will serve as a Mail Assistant in the Mail Facility of NAVSUP FLEET LOGISTICS CENTER JACKSONVILLE.,usajobs,ST-13006948-26-ASM,Naval Supply Systems Command,Multiple Locations,https://www.usajobs.gov:443/job/876562800,2026-07-20T00:00:00.0000,information security,cybersecurity,
Special Agent - Special Agent Talent & Achievement Recruitment (STAR),"Joining the Secret Service as a Special Agent will allow you to perform critical protective and investigative assignments. The Special Agent position starts at a base salary of $48,854.00 (GL-07, step 1), with promotion potential to $118,204.00 (GS-13, step 10). This position is covered by Law Enforcement Availability Pay (LEAP) which is an additional compensation of 25% of the basic rate of pay. For more information on the Secret Service click here.",usajobs,SAB-26-Q3-STR,U.S. Secret Service,Multiple Locations,https://www.usajobs.gov:443/job/859859900,2026-03-06T00:00:00.0000,information security,cybersecurity,
Attorney,This position is located in Office of the General Counsel. This job opportunity announcement may be used to fill additional vacancies within the agency. The supervisory information will be determined at time of selection. This position is subject to Confidential Financial Disclosure reporting requirements. This position is subject to security ownership restriction reporting requirements.,usajobs,DEST-13003158-26-NT,Nuclear Regulatory Commission,"Rockville, Maryland",https://www.usajobs.gov:443/job/876870700,2026-07-16T00:00:00.0000,information security,cybersecurity,
Administrative Officer,"About the Position: This position is located at Fort Buchanan, Puerto Rico. Fort Buchanan is located by Guaynabo City, Puerto Rico. Puerto Rico has fabulous ocean views, tropical weather, and lush mountains. Federal employees in Fort Buchanan, Puerto Rico may be entitled to receive a 2.49% Cost of Living Allowance (COLA) in addition to the base salary. (% is subject to change) This position is TERM not to exceed 366 days or 13 months, with provisions to extend up to a maximum of eight years.",usajobs,NC7X-26-13007879-MP,Department of War Education Activity,"Fort Buchanan, Puerto Rico",https://www.usajobs.gov:443/job/876905600,2026-07-17T00:00:00.0000,information security,cybersecurity,
Security Guard (Identification Checker),"This position is assigned to the Food & Beverage Division; Morale, Welfare and Recreation (MWR) Department; Commander, Navy Installations Command (CNIC). The primary purpose of this position is to provide identity confirmation and basic property surveillance at Food & Beverage establishments aboard Naval Air Station Pensacola.",usajobs,PEN 26-13013324,"Commander, Navy Installations Command","Pensacola, Florida",https://www.usajobs.gov:443/job/877190700,2026-07-20T11:03:23.7570,information security,cybersecurity,
Nursing Assistant - Long Term Care,"The Nursing Assistant provides a range of assistance and support for veteran patients, providing personal patient care including Activities of Daily Living, support for diagnostic procedures, performing technical nursing treatments as delegated by Nursing staff and documentation under the guidance of a Registered Nurse. The Nursing Assistant is an integral member of the nursing care team in direct service to veterans and families.",usajobs,CBTE-13004036-26-DC,Veterans Health Administration,"Canandaigua, New York",https://www.usajobs.gov:443/job/876148900,2026-07-10T14:30:24.3130,information security,cybersecurity,
SUPERVISORY CBP OFFICER (IMMIGRATION ADVISORY PROGRAM),"Organizational Location: This position is with the Department of Homeland Security, within U.S. Customs and Border Protection, Office of Field Operations, International Operations and Advisory Directorate (IOAD), International Field Office, Immigration Advisory Program Division located in Doha, Qatar.",usajobs,OFO-IMP-13001980-MHW,Customs and Border Protection,"Doha, Qatar",https://www.usajobs.gov:443/job/876273100,2026-07-20T00:00:00.0000,information security,cybersecurity,
Police Officer (Secret Service Police),"The Secret Service Police (Uniformed Division) mission is to protect facilities and venues secured for U.S. Secret Service protectees. Throughout its history, the Secret Service Police has accomplished this mission through a tradition of honor, integrity, and a commitment to excellence. Recruitment Incentive of $75,000. For more information, click here. For more information on the Secret Service, click here.",usajobs,UDB-26-Q3-UDO,U.S. Secret Service,"Washington, District of Columbia",https://www.usajobs.gov:443/job/856410300,2026-03-01T00:00:00.0000,information security,cybersecurity,
Recreation Aid (Bowling) - Flexible,"This position is assigned to the Non-Appropriated Fund (NAF) Business Activities Branch, Bowling Center Section, Fleet Readiness Department; Commander, Navy Installations Command (CNIC); US Naval Air Station Sigonella, Italy. Incumbent performs a variety of duties in support of the Bowling Center.",usajobs,NUS-26-013,"Commander, Navy Installations Command","Sigonella Sicily, Italy",https://www.usajobs.gov:443/job/854723700,2026-01-16T03:11:45.6100,information security,cybersecurity,
Recreation Aid (Auto Skills Center),"This position is assigned to the Non-Appropriated Fund (NAF) Fleet Readiness Branch; Fleet and Family Readiness (FFR) Programs; Commander, Navy Installations Command (CNIC). Incumbent performs a variety of duties in support of the Auto Skills Center and is responsible for the proper utilization and maintenance of tools, equipment and materials.",usajobs,NUS-26-023,"Commander, Navy Installations Command","Sigonella Sicily, Italy",https://www.usajobs.gov:443/job/870502800,2026-05-26T07:14:50.6130,information security,cybersecurity,
Technical Support Specialist,See below for important information regarding this job.,usajobs,DLAJ6-26-13005631-MP,Defense Logistics Agency,"Norfolk, Virginia",https://www.usajobs.gov:443/job/876312000,2026-07-13T14:35:14.7330,information security,cybersecurity,
Special Agent (Reemployed Annuitant) DPD,"The United States Capitol Police (USCP) safeguards the Congress, Members of Congress, employees, visitors, and Congressional buildings and grounds from crime, disruption, and terrorism. The USCP protects and secures Congress so it can fulfill its constitutional and legislative responsibilities in a safe, secure, and open environment.",usajobs,req775,U.S. Capitol Police,"Washington, District of Columbia",https://www.usajobs.gov:443/job/874927100,2026-07-01T00:00:00.0000,information security,cybersecurity,
POLICE OFFICER,You will serve as a POLICE OFFICER in the NAVBASE GUAM FORCE PROTECTION A Cost-of-Living-Allowance (COLA) of 11.88% will be added to the stated salary.,usajobs,ST-13006574-26-GLM,"Commander, Navy Installations Command","Santa Rita, Guam",https://www.usajobs.gov:443/job/876694100,2026-07-20T00:00:00.0000,information security,cybersecurity,
Chief Operating Officer,"Lead the Future of Global Energy. The Department of Energy is seeking an executive Chief Operating Officer for the Office of Nuclear Energy. In this key role, you will run operations, direct vital investments, and strengthen energy resilience. This position offers the rewarding challenge of turning nuclear policy into national security solutions, leading a premier team, and shaping cutting-edge technology. If you are an innovative leader with a proven federal track record, apply today.",usajobs,26-NE-00745-12987043-ES,Department of Energy - Agency Wide,Multiple Locations,https://www.usajobs.gov:443/job/876391200,2026-07-14T09:25:10.3570,information security,cybersecurity,
PUBLIC AFFAIRS SPECIALIST,"THIS IS A NATIONAL GUARD TITLE 32 EXCEPTED SERVICE POSITION. NEW MEXICO AIR NATIONAL GUARD *You must be a member of the New Mexico Air National Guard to be eligible for this position This National Guard position is for a PUBLIC AFFAIRS SPECIALIST, Position Description Number D2382000 and is part of the NM 150th Special Operations Wing, National Guard.",usajobs,NM-12998630-AF-T32-026-016,Air National Guard Units,"Kirtland AFB, New Mexico",https://www.usajobs.gov:443/job/875087000,2026-07-01T13:25:04.4730,information security,cybersecurity,
Customs and Border Protection Officer,"U.S. Customs & Border Protection (CBP): Securing America's Borders Discover a challenging and rewarding career with the sole organization responsible for securing the nation's borders from terrorism, human/drug smuggling, illegal migration, agricultural pests, and enforcing legitimate travel and trade. CBP employees demonstrate the highest level of commitment to exemplify the core values of Vigilance, Service to Country and Integrity. Learn more at https://www.cbp.gov/about",usajobs,CBPO DH GS9 26-10,Customs and Border Protection,CBPO Nationwide,https://www.usajobs.gov:443/job/874290300,2026-07-01T00:00:00.0000,information security,cybersecurity,
Security Guard (Instructor),"About the Position: Position is located in Concord, CA with the 834th U.S. Army Transportation Battalion.",usajobs,MCGT-26-13007379-MP,ARMY TRANSPORTATION,"Concord, California",https://www.usajobs.gov:443/job/877127700,2026-07-17T00:00:00.0000,information security,cybersecurity,
Division Chief Government and Industry Affairs Division,"This position is located in the Office of Safety Recommendations & Communications, Government and Industry Affairs Division. The incumbent will serve as a first-level supervisor with managerial responsibilities and facilitate meetings between members of Congress and NTSB Board members and staff, respond to inquiries from lawmakers, and prepare testimony related to our investigations and recommendations.",usajobs,SRC-13002588-26-SL,National Transportation Safety Board,"Washington, District of Columbia",https://www.usajobs.gov:443/job/876484700,2026-07-15T14:19:50.6330,information security,cybersecurity,
Homeland Defender (Immigration Services Officer),"Protect your homeland and defend your culture. Join USCIS, America's frontline defense against illegal foreign infiltration and fraud. This entry-level role requires no college degree and offers up to $50,000 in signing and retention bonuses. If you're driven and ready to serve with pride, join USCIS and become a vital part of homeland security!",usajobs,12808934-ADJ-DHA-25,Citizenship and Immigration Services,Anywhere in the U.S. (remote job),https://www.usajobs.gov:443/job/847039500,2025-09-30T00:00:00.0000,information security,cybersecurity,
Security Specialist (International Port),"This vacancy is for a GS-080-13, Security Specialist (International Port), located in the Assistant Commandant for Prevention Policy, Director of Inspections and Compliance, Office of Int'l & Domestic Port Security Assessment, International Port Security Assessments Division in Washington, DC.",usajobs,26-12987688-HQ-DC-ST,U.S. Coast Guard,"Washington, District of Columbia",https://www.usajobs.gov:443/job/877095600,2026-07-17T15:11:30.3170,information security,cybersecurity,cybersecurity
Criminal Analyst,"This assignment is a 1-year non-reimbursable assignment. U.S. Immigration and Custom Enforcement Criminal Analyst Series Requested: 1805, 0132 Security Clearance: Top Secret Virtual/Remote: No Only current, full-time federal employees are eligible. Resumes are reviewed every 30 days until selection/closing date. This is a Detail, not a Developmental Rotation. Supervisory approval form must be signed.",usajobs,JDP-12961583-26-DJ,Department of Homeland Security - Agency Wide,"Washington, District of Columbia",https://www.usajobs.gov:443/job/870278200,2026-06-01T16:31:58.3570,information security,cybersecurity,
Correctional Treatment Specialist (Specialty Treatment Program Specialist - Challenge),Corrections professionals who foster a humane and secure environment and ensure public safety by preparing individuals for successful reentry into our communities.,usajobs,THA-2026-0092,Bureau of Prisons/Federal Prison System,"Terre Haute, Indiana",https://www.usajobs.gov:443/job/876894200,2026-07-16T15:16:45.1370,information security,cybersecurity,
Correctional Treatment Specialist (Specialty Treatment Program Specialist - BRAVE),Corrections professionals who foster a humane and secure environment and ensure public safety by preparing individuals for successful reentry into our communities.,usajobs,TDG-2026-0025,Bureau of Prisons/Federal Prison System,"Talladega, Alabama",https://www.usajobs.gov:443/job/877137500,2026-07-20T00:00:00.0000,information security,cybersecurity,
METEOROLOGICAL TECHNICIAN - TITLE 32,"THIS IS A NATIONAL GUARD TITLE 32 EXCEPTED SERVICE POSITION. This National Guard position is for a Meteorological Technician, Position Description D1817000 and is part of the Georgia Air National Guard. This is a full-time, Excepted Permanent, dual status position which requires Georgia Air National Guard Membership. Area of Consideration: Open to current members of the Air National Guard, Air Force Reserve or Air Force Active Duty.",usajobs,GA-12843324-AF-26-025,Air National Guard Units,"Robins AFB, Georgia",https://www.usajobs.gov:443/job/851247100,2026-01-02T00:00:00.0000,information security,cybersecurity,
Lead Security Assistant,This position is located in Police Service. The primary purpose of the position is to lead a team of Security Assistants responsible for monitoring physical security equipment and systems.,usajobs,CBSR-13008135-26-SA,Veterans Health Administration,"Dayton, Ohio",https://www.usajobs.gov:443/job/877210800,2026-07-20T12:12:39.4000,information security,cybersecurity,
Diagnostic Radiologic Technologist PACS,"This position is eligible for the Education Debt Reduction Program (EDRP), a student loan payment reimbursement program. You must meet specific individual eligibility requirements in accordance with VHA policy and submit your EDRP application within four months of appointment. Program Approval, award amount (up to $200,000) and eligibility period (one to five years) are determined by the VHA Education Loan Repayment Services program office after complete review of the EDRP application.",usajobs,CBSZ-13010622-26-DG,Veterans Health Administration,"Pittsburgh, Pennsylvania",https://www.usajobs.gov:443/job/877177700,2026-07-20T10:19:53.8900,information security,cybersecurity,
Recreation aid (Community),"NAF incumbent's duties in support of the Recreation Program that may include Morale, Welfare, and Recreation (MWR) special events, MWR information/resources, command events, visiting ships or fleet support, community events, trips, tours, outings, party and picnic rental equipment, resale tickets, Library, Liberty, leisure skill classes and outdoor recreation or other similar MWR recreational services including grab-n-go, bowling and movies, fitness and sports.",usajobs,EUR26-020,"Commander, Navy Installations Command","Naples, Italy",https://www.usajobs.gov:443/job/849809400,2025-11-10T00:00:00.0000,information security,cybersecurity,
Recreation Aid (Community Recreation),"This position is assigned to the NAF Fleet and Family Readiness Programs, Naval Station Great Lakes. Performs a variety of duties to support the Recreation Program; may include MWR special events, MWR information/resources, command events, visiting ships/fleet support, community events, trips/tours/ outings, party/picnic rental equipment, resale tickets, Library, Liberty, leisure skill classes, outdoor recreation or similar MWR recreational services. MWR, Great Lakes, IL Community Recreation",usajobs,26-12978759,"Commander, Navy Installations Command","Great Lakes, Illinois",https://www.usajobs.gov:443/job/872218700,2026-06-04T00:00:00.0000,information security,cybersecurity,
Specialty Treatment Program Specialist (Life Skills Laboratory Program),Corrections professionals who foster a humane and secure environment and ensure public safety by preparing individuals for successful reentry into our communities.,usajobs,SPG-2026-0135,Bureau of Prisons/Federal Prison System,"Springfield, Missouri",https://www.usajobs.gov:443/job/876305000,2026-07-13T14:07:52.7470,information security,cybersecurity,
Recreation Aid (Sports),"This position is located at the Fitness Branch, Sports section, of the Fleet Readiness Department, US Naval Air Station Sigonella, Italy. Incumbent performs a variety of duties in support of the Sports programs.",usajobs,NUS-26-009R2,"Commander, Navy Installations Command","Sigonella Sicily, Italy",https://www.usajobs.gov:443/job/876948100,2026-07-17T00:00:00.0000,information security,cybersecurity,
Recreation Assistant (Range Operations) NF-02,"This position is located at: Fort Riley, Kansas. Join our team at For Riley. DFMWR provides family support activities and services; social, fitness and recreational activities that enhance community life, fosters Soldier and unit readiness and promotes mental and physical fitness; and wellness programs that directly support readiness and resiliency. This is an open continuous announcement. All qualified applicants will be forwarded to management on a weekly or as needed basis.",usajobs,O2NAFEM-26-13014284,United States Army Installation Management Command,"Fort Riley, Kansas",https://www.usajobs.gov:443/job/877113900,2026-07-17T16:29:19.2730,information security,cybersecurity,
Special Agent (Lateral),"The United States Capitol Police (USCP) safeguards the Congress, Members of Congress, employees, visitors, and Congressional buildings and grounds from crime, disruption, and terrorism. The USCP protects and secures Congress so it can fulfill its constitutional and legislative responsibilities in a safe, secure, and open environment.",usajobs,req773,U.S. Capitol Police,"Washington, District of Columbia",https://www.usajobs.gov:443/job/874910400,2026-07-01T15:02:36.5000,information security,cybersecurity,
Psychiatric Nursing Assistant,"About the Position: The incumbent will perform full range of receptionist, record-keeping, and miscellaneous clerical duties. This is a Direct Hire Solicitation utilizing the DHA for Certain Personnel of the DoD Workforce to recruit and appoint qualified candidates to positions in the competitive service. This is an open continuous announcement. Certificates will be issued at two (2) week intervals. The First cutoff will be 12 Jun 2026 The Second cutoff will be 1 Jul 2026",usajobs,HSJG-26-12958646-DHA,Military Treatment Facilities under DHA,"Naval Medical Center, San Diego, California",https://www.usajobs.gov:443/job/870916000,2026-07-06T00:00:00.0000,information security,cybersecurity,
IT SPECIALIST (DATA MANAGEMENT) - DIRECT HIRE AUTHORITY,"Click on ""Learn more about this agency"" button below to view Eligibilities being considered and other IMPORTANT information. The primary purpose of this position is to provide expert-level data management and database administration for the Air Force Services Center enterprise systems, primarily the Oracle E-Business Suite.",usajobs,AFMC-2210-03-13000124-ARG,Air Force Materiel Command,"Kelly AFB, Texas",https://www.usajobs.gov:443/job/875650600,2026-07-08T06:58:12.6030,information security,cybersecurity,
IT Specialist (Enterprise Architecture),"This position is located in the Information Technology Architecture Office (ITAO), Office of the Chief Information Officer (OCIO), Office of the Director (OD), National Institutes of Health (NIH). As an Enterprise Architecture, the incumbent will focus on the hardware, software, network, and security infrastructure that enables the technology and information architecture that support the business processes and information needs of the NIH and its Institutes/Centers (ICs).",usajobs,NIH-OCIO-MP-26-12994888,National Institutes of Health,"Montgomery County, Maryland",https://www.usajobs.gov:443/job/875673800,2026-07-13T00:00:00.0000,information security,cybersecurity,
MATERIALS HANDLING INSPECTOR LEADER,You will serve as a MATERIALS HANDLING INSPECTOR LEADER of NMC CWD DET NORTH ISLAND/SCI ANNEX.,usajobs,ST-13001145-26-CKW,U.S. Pacific Fleet,"San Clemente Naval Reserve Island, California",https://www.usajobs.gov:443/job/876702100,2026-07-16T00:00:00.0000,information security,cybersecurity,
Legal Assistant,Corrections professionals who foster a humane and secure environment and ensure public safety by preparing individuals for successful reentry into our communities.,usajobs,BRO-2026-0071,Bureau of Prisons/Federal Prison System,"Kings, New York",https://www.usajobs.gov:443/job/876327900,2026-07-13T15:39:28.8430,information security,cybersecurity,
Assistant United States Attorney,"This is an open continuous announcement that is intended to continually solicit applications in order to fill immediate and future vacancies. Applications will be reviewed and referred as vacancies occur. Applications must be submitted by August 13, 2026. For more information regarding the office, visit https://www.justice.gov/usao-mn. These positions are located in Minneapolis, Minnesota. As needed, additional positions may be filled using this announcement.",usajobs,26-MN-12832010-AUSA-CRM,Executive Office for U.S. Attorneys and the Office of the U.S. Attorneys,"Minneapolis, Minnesota",https://www.usajobs.gov:443/job/851069300,2025-11-26T09:21:15.6500,information security,cybersecurity,
Chief Privacy Officer,"The Internal Revenue Service (IRS) is a bureau of the Department of the Treasury. The U.S. Department of the Treasury has a distinguished history dating back to the founding of our nation. As the steward of U.S. economic and financial systems, Treasury is a major and influential leader in today's global economy. We have over 100,000 employees across the country and around the world. Come Join the Department of the Treasury and Invest in Tomorrow.",usajobs,ST-26-13008155-MR,Internal Revenue Service,Multiple Locations,https://www.usajobs.gov:443/job/876903200,2026-07-17T00:00:00.0000,information security,cybersecurity,
Supervisory Personnel Security Specialist-Temp NTE 1 year,"This position serves as the Supervisory Personnel Security Specialist, and the work assigned is of a very confidential, complex and highly sensitive nature. This position performs the security-related functions in support of a Network Personnel Suitability and Credentialing Program (hereinafter, ""Personnel Security Program"") within a Shared Services Unit, and assures that all appointees have the appropriate level of security/suitability clearance commensurate with their assignment.",usajobs,CBSU-13007835-26-RLS,Veterans Health Administration,Multiple Locations,https://www.usajobs.gov:443/job/876805200,2026-07-16T00:00:00.0000,information security,cybersecurity,
Claims and Program Representative,This position is located in the Railroad Retirement Board's Field Service. The incumbent will be responsible for providing a full-range of client services regarding benefits available under the various programs administered by the RRB. This job announcement may be used to fill one or more vacancies. This is a bargaining unit position. This position is represented by the Council of AFGE Locals in the Board.,usajobs,260036DE-13001020-YA,Railroad Retirement Board,Multiple Locations,https://www.usajobs.gov:443/job/876569800,2026-07-15T08:45:54.3430,information security,cybersecurity,
Lead IT Specialist (Program Manager),Direct-Hire Authority (DHA) is a hiring authority granted by the Office of Personnel Management (OPM) to address critical hiring needs or severe candidate shortages.,usajobs,DE-13003790-26-TGM,"Offices, Boards and Divisions","Washington, District of Columbia",https://www.usajobs.gov:443/job/877098000,2026-07-17T15:21:34.7770,information security,cybersecurity,
Recreation Aid,"Incumbent performs a variety of duties in support of the Community Recreation Program that may include Morale, Welfare, and Recreation (MWR) special events, MWR information/resources, command events, visiting ships or fleet support, community events, trips, tours, outings, party and picnic rental equipment, resale tickets, Library, Liberty, leisure skill classes and outdoor recreation or other similar MWR recreational services including grab-n-go, bowling and movies, fitness and sports.",usajobs,26-13001857,"Commander, Navy Installations Command","Great Lakes, Illinois",https://www.usajobs.gov:443/job/875821700,2026-07-08T19:36:06.8830,information security,cybersecurity,
Head of Direct Services SE,"The Head of Direct Services, Southeast serves as the principal executive responsible for leading, directing, and coordinating Social Security Administration (SSA) field operations across a major geographic segment of the US. The Head provides senior-level leadership for a geographically dispersed, direct-to-consumer organization, ensuring the effective delivery of SSA programs and services.",usajobs,SSA-EX-635,Social Security Administration,Location Negotiable After Selection,https://www.usajobs.gov:443/job/876842800,2026-07-16T12:48:26.2970,information security,cybersecurity,business
Operations Assistant NF-02,"This position is located at The Peak & Pine Plains Bowling Center. Join our team at the Directorate of Family and Morale, Welfare and Recreation (FMWR) at Fort Drum. We are dedicated to enhancing the lives of Soldiers and their Families by providing essential support services, including child and youth programs and a variety of recreational activities that directly contribute to Soldier readiness and well-being. Incentives and Bonuses Incentives will NOT be paid.",usajobs,O2NAFBN-26-12857185,United States Army Installation Management Command,"Fort Drum, New York",https://www.usajobs.gov:443/job/853012900,2026-01-01T00:00:00.0000,information security,cybersecurity,
Operations Assistant NF-02,"This position is located at: FMWR - Business and Recreation Division - Belton Lake Outdoor Recreation Area (BLORA). - Fort Hood, Texas. Belton Lake Outdoor Recreation Area (BLORA) is a reservoir located near Fort Hood and offers patrons a vast variety of activities, including but not limited to: camping, boating, hiking, fishing, kayaking, paintball, horseback riding and mountain biking.",usajobs,O2NAFEF-26-12975608,United States Army Installation Management Command,"Fort Hood, Texas",https://www.usajobs.gov:443/job/871469800,2026-06-02T17:09:06.6900,information security,cybersecurity,
Operations Assistant NF-02,This position is located at The West Point Club. Incentives and Bonuses Incentives will not be paid.,usajobs,O3NAFBR-26-13008187,United States Army Installation Management Command,"West Point, New York",https://www.usajobs.gov:443/job/877032400,2026-07-17T11:44:14.0330,information security,cybersecurity,
Economist,"Organizational Location: This position is with the Department of Homeland Security, within U.S. Customs and Border Protection, Office of Trade, Regulations and Rulings, Economic Impact Analysis Branch, located in Washington, DC.",usajobs,OT-IMP-12995937-KEG,Customs and Border Protection,"Washington, District of Columbia",https://www.usajobs.gov:443/job/876818300,2026-07-20T00:00:00.0000,information security,cybersecurity,
Assistant United States Attorney (Criminal) Open Continuous,"This announcement will be open until positions are filled. However, first round consideration will be given to applications submitted by April 22, 2026, 11:59 pm, Eastern Standard Time. Applicant lists will be reviewed approximately every 30 days. The positions advertised are located in Albuquerque & Las Cruces, New Mexico.",usajobs,26-NM-12929971-AUSA,Executive Office for U.S. Attorneys and the Office of the U.S. Attorneys,Multiple Locations,https://www.usajobs.gov:443/job/864341300,2026-04-08T10:10:39.2800,information security,cybersecurity,
General Engineer,This vacancy is for a General Engineer in the National Telecommunications and Information Administration within the Department of Commerce.,usajobs,NTIA-OSM-DHA-26-12998644,National Telecommunications and Information Administration,Multiple Locations,https://www.usajobs.gov:443/job/875252500,2026-07-06T00:00:00.0000,information security,cybersecurity,
HR Specialist (Accountability & Policy),"This position is located in the Office of Human Capital Management and Training (HCT). As a technical authority in Human Capital Management, serves as an accountability auditor and policy manager responsible for conducting the full range of activities associated with accountability reviews and policy development. The work has special significance for the success of the agency and the granting or revoking of Agency-level delegations from the Office of Personnel Management.",usajobs,HCT-13000825-26-KM,National Transportation Safety Board,"Washington, District of Columbia",https://www.usajobs.gov:443/job/875616800,2026-07-08T00:00:00.0000,information security,cybersecurity,
Supervisory Criminal Investigator (Special Agent in Charge),"This vacancy is for a Supervisory Criminal Investigator (Special Agent in Charge) in the Office of Export Enforcement (OEE), Office of the Assistant Secretary for Export Enforcement (EE), Bureau of Industry and Security (BIS) within the Department of Commerce.",usajobs,BIS-OEE-DHA-26-13001704,Bureau of Industry and Security,Multiple Locations,https://www.usajobs.gov:443/job/876230300,2026-07-13T08:52:19.4370,information security,cybersecurity,
Police Officer,The FBI is looking for Police Officers and seeking qualified candidates from a variety of backgrounds and professional disciplines who are committed to combating crime and terrorism while protecting the American public. All New Police Officers will be offered their working location based on the needs of the Bureau and must sign a two-year service agreement agreeing to stay in the Police Officer Program and their office of assignment location for a period two years.,usajobs,DESTIMP-12924674-26-VL,Federal Bureau of Investigation,Multiple Locations,https://www.usajobs.gov:443/job/863031900,2026-03-30T16:32:42.8070,information security,cybersecurity,
Supervisory Personnel Security Specialist,"View Common Definitions of terms found in this announcement. Organizational Location: This position is located in the Department of Homeland Security, U.S. Immigration and Customs Enforcement, Office of Professional Responsibility, in Farmers Branch, Texas. This is a non-bargaining unit position.",usajobs,OPR-13000938-MP-DS,Immigration and Customs Enforcement,"Farmers Branch, Texas",https://www.usajobs.gov:443/job/876500900,2026-07-15T00:00:00.0000,information security,cybersecurity,
Airway Transportation Systems Specialist,"The Airway Transportation Systems Specialist (ATSS) at this level is recognized as the subject matter expert in their field. All duties of an ATSS are tied to maintaining safe and efficient operating capacity of the vast and complex network of electronics systems required for the world's largest air traffic control and navigation system. ATSS personnel install, evaluate, maintain, modify, and certify facilities, services and equipment that support the National Airspace System (NAS).",usajobs,ANM-ATO-26-1506549-99556,Federal Aviation Administration,Multiple Locations,https://www.usajobs.gov:443/job/876999700,2026-07-18T00:00:00.0000,information security,cybersecurity,
Assistant United States Attorney,"The United States Attorney's Office (USAO) for the Southern District of Florida (SDFL) is seeking experienced attorneys to serve as Assistant United States Attorneys (AUSAs) in our Criminal, National Security, Civil, Appellate, and Asset Forfeiture Divisions. These positions are in Miami, Fort Lauderdale, West Palm Beach and Fort Pierce, Florida. When applying, please note in your cover letter which division and office location you are interested in.",usajobs,26-FLS AUSA-12868011-09,Executive Office for U.S. Attorneys and the Office of the U.S. Attorneys,Multiple Locations,https://www.usajobs.gov:443/job/854797400,2026-01-16T00:00:00.0000,information security,cybersecurity,
Principal Deputy Chief Information Officer,"The Principal Deputy Chief Information Officer (PDCIO) reports directly to the U.S. Department of Commerce (DOC) CIO, serving as the alter ego and principal executive partner to the DOC CIO with full responsibility and accountability for the leadership, governance, and execution of the Department's enterprise-wide information technology (IT), data, cybersecurity, and digital modernization portfolio in support of DOC mission delivery.",usajobs,26-OS-12970808-ES,Office of the Secretary,"Washington, District of Columbia",https://www.usajobs.gov:443/job/875741700,2026-07-09T00:00:00.0000,information security,cybersecurity,business
Financial System Analyst,"1-year non-reimbursable assignment United States Secret Service Financial System Analyst Series Requested: 0501 Security Clearance: TS Onsite Only Only current, full-time federal employees are eligible. Resumes are reviewed every 30 days until selection/closing date. This is a Detail, not a Developmental Rotation. You will be expected to perform as an incumbent in this position. Supervisory approval form must be signed. Read the entire announcement prior to submitting.",usajobs,JDP-12690464-25-KJ,Department of Homeland Security - Agency Wide,"Washington, District of Columbia",https://www.usajobs.gov:443/job/831497100,2026-05-13T17:09:13.7730,information security,cybersecurity,
Business Operations Analyst,"The National Institute of General Medical Sciences (NIGMS) is seeking a Business Operations Analyst to provide expert analysis and strategic advice on business operations, grants administration, and organizational processes. The incumbent evaluates business practices and operational performance to improve efficiency, effectiveness, and compliance with NIH and federal policies while supporting leadership in managing a nationally recognized biomedical research portfolio.",usajobs,NIH-NIGMS-CTAP-13006124,National Institutes of Health,"Bethesda, Maryland",https://www.usajobs.gov:443/job/876615100,2026-07-16T00:00:00.0000,business analyst,business,cybersecurity
Small Business Program Analyst,"As a Small Business Program Analyst, you will be responsible for GSA's small business programs and chief advocate for small businesses within GSA. Location of position: Office of Small & Disadvantaged Business Utilization, Fort Worth, TX, Kansas City, MO, Lakewood, CO, Raleigh, NC, Tacoma, WA & Washington, DC We are currently filling one vacancy, but additional vacancies may be filled as needed.",usajobs,E-2026-0007,Office of Small Business Utilization,Multiple Locations,https://www.usajobs.gov:443/job/875746900,2026-07-09T00:00:00.0000,business analyst,business,
SUPERVISORY FINANCIAL MANAGEMENT ANALYST,"You will serve as a SUPERVISORY FINANCIAL MANAGEMENT ANALYST in the BUSINESS OPERATIONS MANAGEMENT DEPARTMENT, WORKFORCE AND BUSINESS OPERATIONS DIRECTORATE of OFFICE OF CIVILIAN HUMAN RESOURCES OPERATIONS.",usajobs,ST-13000516-26-MML,Secretary of the Navy Offices (SECNAV),Multiple Locations,https://www.usajobs.gov:443/job/875859900,2026-07-09T09:25:40.1400,business analyst,business,business
Supervisory General Engineer/Architect (Director),"The Architect of the Capitol is seeking a Director to support the Executive Director and Deputy Executive Director in the management, administration, and supervisory responsibility for the preservation, maintenance, and ongoing operations of the U.S. Capitol and Capitol Visitor Center. Oversees and directs the activities of the jurisdiction's engineering and facility operations staff and the Planning, Evaluation and Operations Branch, including the Business Financial Analyst (BFA).",usajobs,CB-2026-270,Architect of the Capitol,"Washington, District of Columbia",https://www.usajobs.gov:443/job/876703700,2026-07-15T15:55:21.2070,business analyst,business,
Operations Research Analyst,"This position is located in the Department of Homeland Security (DHS), Office of the Chief Readiness Support Officer (OCRSO). The primary purpose of this position is to provide support and oversight in all aspects of cost estimating, program analysis, and resource decision-making for asset management and logistics support programs across DHS. Non-BU: This is a non-bargaining unit position.",usajobs,ST-12956290-26-OCRSO,DHS Headquarters,"Springfield, Virginia",https://www.usajobs.gov:443/job/876824300,2026-07-17T00:00:00.0000,business analyst,business,
Program Analyst,"This position is located in the Department of Homeland Security (DHS), Office of the Chief Financial Officer (CFO), Under Secretary for Management (USM). The primary purpose of this position is application of qualitative and quantitative methods for assessment of complex management processes, systems, and mission support programs, with additional responsibility for training and development initiatives. Non-BU: This is a non-bargaining unit position.",usajobs,IMP-12993020-26-OCFO,DHS Headquarters,"Springfield, Virginia",https://www.usajobs.gov:443/job/876820100,2026-07-16T11:40:52.5070,business analyst,business,
Program Analyst,"This position is part of the Department of Defense (DoD), Missile Defense Agency (MDA). The incumbent will be responsible for: Advising leadership on all matters related to program cost, schedule, and performance across the Missile Defense System to provide comprehensive situational awareness. This position is part of a planned Transfer of Function from the Missile Defense Agency to the Department of the Army. This action is projected to be effective on or about October 1, 2026.",usajobs,MDA-26-13003841-DH,Missile Defense Agency,"Redstone Arsenal, Alabama",https://www.usajobs.gov:443/job/876272400,2026-07-13T13:16:04.1170,business analyst,business,business
Supervisory Budget Analyst,"This position is located in the Department of Homeland Security (DHS), Office of the Chief Financial Officer (OCFO), Under Secretary for Management (USM). The primary purpose of this position is to formulate, advise on, coordinate, and carry out policies and procedures to assure the financial soundness of the Department's programs and to support staff functions in terms of planning for future program budgets and general operating expenses. Non-BU: This is a non-bargaining unit position.",usajobs,ST-12997072-26-OCFO,DHS Headquarters,"Springfield, Virginia",https://www.usajobs.gov:443/job/876715100,2026-07-16T09:34:08.0900,business analyst,business,
Management and Program Analyst,"This position is located with Bonneville Power Administration, in various Transmission Field Services (TF) organizations, Transmission Services (T). A successful candidate in the Management and Program Analyst position will serve as an analyst and project manager responsible for planning, organizing, and managing projects and initiatives to assess and promote program efficiency.",usajobs,26-BPA-52104-13007787-BPA,Bonneville Power Administration,Multiple Locations,https://www.usajobs.gov:443/job/876682300,2026-07-15T00:00:00.0000,business analyst,business,
Supervisory Program Analyst,"This position is located in the Department of Homeland Security (DHS), Office of the Chief Financial Officer (CFO), Departmental Audit Liaison (DAL) Division, Under Secretary for Management (USM).. The primary purpose of this position is shaping DHS-wide audit liaison policy, influencing national security, and supporting executive-level decision-making. Non-BU: This is a non-bargaining unit position.",usajobs,IMP-12996403-26-OCFO,DHS Headquarters,"Springfield, Virginia",https://www.usajobs.gov:443/job/876675600,2026-07-16T00:00:00.0000,business analyst,business,
Senior Correspondence Analyst,"This position is located in the Department of Homeland Security (DHS), Under Secretary for Management (USM). The primary purpose of this position is to serve as the Senior Correspondence Analyst (Deputy Director), providing leadership and oversight for executive-level correspondence management and coordination across MGMT and DHS components. . Non-BU: This is a non-bargaining unit position.",usajobs,ST-13006391-26-USM,DHS Headquarters,"Washington, District of Columbia",https://www.usajobs.gov:443/job/876805800,2026-07-20T00:00:00.0000,business analyst,business,business
Supervisory Program Analyst,"The incumbent serves as the Chief for HCS's Human Resources Liaison Team and is responsible for providing guidance and assistance in management practices and procedures related to personnel administration, human resources management, talent management, administrative and support services, and performing Human Resource (HR) Liaison assignments for HCS staffs.",usajobs,101-HCS-13007437-26-ER-NBU,Veterans Benefits Administration,Location Negotiable After Selection,https://www.usajobs.gov:443/job/876957400,2026-07-17T07:50:51.4130,business analyst,business,business
Supervisory Appeals Officer,WHAT IS THE APPEALS DIVISION? A description of the business units can be found at: https://www.jobs.irs.gov/about/who/business-divisions Position(s) are to be filled in following area(s): Appeals - Specialized Exam Prog and Ref This job (or announcement) is open to current permanent IRS competitive service employees in the Appeals business unit. REVIEW THE ADDITIONAL INFORMATION BELOW FOR FURTHER DETAILS,usajobs,26-13002130C-APM-930-4,Internal Revenue Service,Multiple Locations,https://www.usajobs.gov:443/job/876803700,2026-07-17T00:00:00.0000,business analyst,business,
PROCUREMENT ANALYST,"This is a public notice flyer to notify interested applicants of anticipated vacancies. Applications will NOT be accepted through this flyer. Interested applicants should review the ""How to Apply"" section of this flyer for more information on how to be considered. This flyer will be used as positions become available. There may or may not be actual vacancies filled from this flyer.",usajobs,CEDA-26-13004299-DHA-F,U.S. Army Corps of Engineers,"Wiesbaden, Germany",https://www.usajobs.gov:443/job/876032700,2026-07-10T06:13:36.5600,business analyst,business,
Program Analyst,"The position is at the full performance level located in the Department of Veterans Affairs (VA), Veterans Benefits Administration (VBA), within Education Service (EDU), in the Policy and Procedures (PP) Division.",usajobs,101-EDU-13007147-26-LB-NBU,Veterans Benefits Administration,"Murfreesboro, Tennessee",https://www.usajobs.gov:443/job/876764300,2026-07-16T08:41:02.7830,business analyst,business,
Resource Analyst,"Resource Analysts strategically plan, develop, analyze, and prioritize internal program budgets in support of CIA and Intelligence Community mission objectives.",usajobs,23-11942882-7015/SEHD,Central Intelligence Agency,"Washington, District of Columbia",https://www.usajobs.gov:443/job/722317000,2025-10-01T00:00:00.0000,business analyst,business,
SUPERVISORY OPERATIONS RESEARCH ANALYST,"About the Position: Serves as the Supervisory Operations Research Analyst for the Office of the Assistant Secretary of the Army (Manpower and Reserve Affairs), Deputy Assistant Secretary of the Army (Civilian Personnel).",usajobs,DAHT-26-13000950-MP,Office of the Secretary of the Army,"Fort Belvoir, Virginia",https://www.usajobs.gov:443/job/876076500,2026-07-10T00:00:00.0000,business analyst,business,
"Management and Program Analyst, GS-0343-13 (Direct Hire) (Open-Continuous)","These positions are located in the Department of Education, Federal Student Aid (FSA). To deliver the best possible experience for students and their families.",usajobs,FSA-2026-0107,Federal Student Aid,Multiple Locations,https://www.usajobs.gov:443/job/874318700,2026-06-25T10:06:02.3200,business analyst,business,
TITLE 32 BUDGET ANALYST (MI USPFO BUDGET BENCH),"THIS IS AN ARMY NATIONAL GUARD TITLE 32 EXCEPTED SERVICE POSITION. This National Guard position is for a TITLE 32 BUDGET ANALYST (MI USPFO BUDGET BENCH), Position Description Number NGD1008000 and NGD2370000 and is part of the MI USPFO, Michigan Army National Guard. MICHIGAN ARMY NATIONAL GUARD MEMBERSHIP IS REQUIRED. If you are not sure you are eligible for military membership, please contact a Michigan Army National Guard recruiter prior to applying for this position.",usajobs,MI-13000807-AR-26-181,Army National Guard Units,"Lansing, Michigan",https://www.usajobs.gov:443/job/875524300,2026-07-07T11:02:11.1400,business analyst,business,
Program Analyst,"Serves as a Program Specialist within their respective business line, reporting directly to the Contracts Management Operations Manager, for the Contracts Management Directorate of Integrated External Networks (IEN) providing a wide variety of technical and administrative responsibilities to support a full range of contract administration responsibilities for community care or ancillary contracts.",usajobs,CBZY-12991965-26-YH,Veterans Health Administration,Multiple Locations,https://www.usajobs.gov:443/job/876667700,2026-07-16T00:00:00.0000,business analyst,business,
MANAGEMENT ANALYST,"THIS IS A NATIONAL GUARD TITLE 5 EXCEPTED SERVICE POSITION. This National Guard position is for a MANAGEMENT ANALYST, Position Description Number T5645000 and is part of the 105TH AW, National Guard. This vacancy does not meet the criteria for appointment of annuitants. Veterans' preference does not apply to this vacancy due to internal merit promotion.",usajobs,NY-12993213-AF-T5026-395,Air National Guard Units,"Newburgh, New York",https://www.usajobs.gov:443/job/875660000,2026-07-08T08:34:25.5470,management analyst,business,
MANAGEMENT ANALYST,You will serve as a MANAGEMENT ANALYST of MARCORSYSCOM.,usajobs,ST-13006893-26-ALK,U.S. Marine Corps,"Quantico, Virginia",https://www.usajobs.gov:443/job/876519800,2026-07-14T16:23:08.1970,management analyst,business,
MANAGEMENT ANALYST,You will serve as a MANAGEMENT ANALYST in the FACILITY & INFRASTRUCTURE MANAGEMENT DEPARTMENT of FLTREADCEN EAST.,usajobs,ST-13005771-26-SPS,Naval Air Systems Command,"Cherry Point, North Carolina",https://www.usajobs.gov:443/job/876317800,2026-07-17T00:00:00.0000,management analyst,business,
MANAGEMENT ANALYST,You will serve as a MANAGEMENT ANALYST in the Enlisted Distribution Division (PERS-40) of NAVY PERSONNEL COMMAND.,usajobs,ST-13008475-26-CLS,Bureau of Naval Personnel,"Millington, Tennessee",https://www.usajobs.gov:443/job/876866900,2026-07-20T00:00:00.0000,management analyst,business,
MANAGEMENT ANALYST,You will serve as a MANAGEMENT ANALYST in the TRANSFORMATION OFFICE (INNOVATION AND TECHNOLOGY INSERTION DIVISION) of PEARL HARBOR NSY AND IMF.,usajobs,ST-13005683-26-AMC,U.S. Pacific Fleet,"Pearl Harbor Naval Base, Oahu, Hawaii",https://www.usajobs.gov:443/job/876557200,2026-07-15T07:23:14.6300,management analyst,business,
Management Analyst,"You will serve as a management analyst with the Information Workforce Division, Deputy Commandant for Information at the GG-13 level. This position is located at HQ US MARINE CORPS.",usajobs,DE-13004699-26-LE,U.S. Marine Corps,"Arlington, Virginia",https://www.usajobs.gov:443/job/876453700,2026-07-15T00:00:00.0000,management analyst,business,
MANAGEMENT ANALYST,"You will serve as a non-supervisory Manpower Management Analyst at the GG-13 grade level for the N7 Readiness & Training Department at Cryptologic Warfare Group Six, responsible for providing advice and support for workforce management and manpower analysis for CWG-SIX and six subordinate commands, one overseas detachment as well as multiple overseas Unit Identification Codes (UIC).",usajobs,DE-13007055-26-RWK,United States Fleet Forces Command,"Fort Meade Naval Facilities, Maryland",https://www.usajobs.gov:443/job/876508800,2026-07-16T00:00:00.0000,management analyst,business,
MANAGEMENT ANALYST,"THIS IS A NATIONAL GUARD TITLE 32 EXCEPTED SERVICE POSITION. This National Guard position is for a MANAGEMENT ANALYST, Position Description Number D2505000 and is part of the WY 153d Maintenance Operations Flight, Wyoming Air National Guard. This is a Title 32 Dual Status Technician Excepted Service position. Military affiliation is required.",usajobs,WY-12962286-AF-26-096,Air National Guard Units,"Cheyenne, Wyoming",https://www.usajobs.gov:443/job/875701800,2026-07-08T10:50:08.5670,management analyst,business,
MANAGEMENT ANALYST T32,"THIS IS A NATIONAL GUARD TITLE 32 EXCEPTED SERVICE POSITION. This National Guard position is for a MANAGEMENT ANALYST T32, PDD1256000 and is part of the AZ SMM, National Guard.",usajobs,AZ-12769832-26-SW-26-032T,Army National Guard Units,"Phoenix, Arizona",https://www.usajobs.gov:443/job/849316000,2025-10-31T00:00:00.0000,management analyst,business,
Management Analyst,"This position is located in the Department of Health and Human Services, Administration for Children and Families, headquartered in Washington, District of Columbia.",usajobs,HHS-ACF-CTAP-26-13006629,Administration for Children and Families,Location Negotiable After Selection,https://www.usajobs.gov:443/job/876613600,2026-07-17T00:00:00.0000,management analyst,business,
MANAGEMENT & PROGRAM ANALYST,You will serve as a MANAGEMENT & PROGRAM ANALYST in the RESOURCES MANAGEMENT BRANCH (CODE 1102.2) of PORTSMOUTH NAVAL SHIPYARD.,usajobs,ST-13005337-26-TBT,United States Fleet Forces Command,"Kittery, Maine",https://www.usajobs.gov:443/job/876299700,2026-07-14T00:00:00.0000,management analyst,business,
FINANCIAL MANAGEMENT ANALYST,You will serve as a FINANCIAL MANAGEMENT ANALYST in the DEPT OF THE NAVY of COMFLTREADCEN.,usajobs,ST-13003163-26-BJM,Naval Air Systems Command,"Patuxent River, Maryland",https://www.usajobs.gov:443/job/875927800,2026-07-15T07:09:04.1630,management analyst,business,
FINANCIAL MANAGEMENT ANALYST,You will serve as a FINANCIAL MANAGEMENT ANALYST in the Comptroller Department of COMNAVREG MIDLANT NORFOLK.,usajobs,ST-13013237-26-ERS,"Commander, Navy Installations Command","Naval Base, Norfolk, Virginia",https://www.usajobs.gov:443/job/876959200,2026-07-20T00:00:00.0000,management analyst,business,
FINANCIAL MANAGEMENT ANALYST,You will serve as a FINANCIAL MANAGEMENT ANALYST in the COMPTROLLER DEPARTMENT (N8) of MILITARY SEALIFT COMMAND.,usajobs,ST-13003886-26-SRM,Military Sealift Command,"Naval Base, Norfolk, Virginia",https://www.usajobs.gov:443/job/876557000,2026-07-16T00:00:00.0000,management analyst,business,
MANAGEMENT AND PROGRAM ANALYST,You will serve as a MANAGEMENT AND PROGRAM ANALYST in the PROGRAM MANAGEMENT-INFO TECH DIVISION of NORFOLK NAVAL SHIPYARD.,usajobs,ST-13004630-26-MJR,United States Fleet Forces Command,"Naval Shipyard, Portsmouth, Virginia",https://www.usajobs.gov:443/job/876381600,2026-07-15T00:00:00.0000,management analyst,business,
FINANCIAL MANAGEMENT ANALYST,"You will serve as a FINANCIAL MANAGEMENT ANALYST in the FLT COMPTROLLER, FINANCIAL MGMT of COMMANDER US FLEET FORCES COMMAND.",usajobs,ST-13003947-26-ARB,United States Fleet Forces Command,"Norfolk, Virginia",https://www.usajobs.gov:443/job/876245600,2026-07-15T00:00:00.0000,management analyst,business,
MANAGEMENT AND PROGRAM ANALYST,You will serve as a MANAGEMENT AND PROGRAM ANALYST of MARINE CORPS AIR STATION YUMA.,usajobs,ST-13011972-26-JN,U.S. Marine Corps,"Yuma, Arizona",https://www.usajobs.gov:443/job/876895400,2026-07-16T15:20:50.7130,management analyst,business,
Management and Program Analyst,"Serves as Management and Program Analyst for the Distribution Group (AJW-L600), Technical Support Team (AJW-L610).",usajobs,AAC-ATO-26-AJWL610-99029,Federal Aviation Administration,"Oklahoma City, Oklahoma",https://www.usajobs.gov:443/job/875300800,2026-07-07T00:00:00.0000,management analyst,business,
Management and Program Analyst,"About the Position: Serves as a Senior Management and Program Analyst, providing strategic resource management of one or more diverse portfolios for the United States Africa Command (USAFRICOM).",usajobs,EUHR-26-12957573,Joint Activities,"Stuttgart, Germany",https://www.usajobs.gov:443/job/876213100,2026-07-13T00:00:00.0000,management analyst,business,
MANAGEMENT AND PROGRAM ANALYST,You will serve as a MANAGEMENT AND PROGRAM ANALYST in the Naval Acquisition Career Center (NACC) of FIELD OFC.,usajobs,ST-13006263-26-BLB,Secretary of the Navy Offices (SECNAV),"Naval Support Activity, Mechanicsburg, Pennsylvania",https://www.usajobs.gov:443/job/876959400,2026-07-20T00:00:00.0000,management analyst,business,
FINANCIAL MANAGEMENT ANALYST,"You will serve as a FINANCIAL MANAGEMENT ANALYST in the NWCF POM/Budget (N811), Budget (N81), Comptroller Department (N8), Military Sealift Command (MSC) of MILITARY SEALIFT COMMAND.",usajobs,ST-13003131-26-RMM,Military Sealift Command,"Naval Base, Norfolk, Virginia",https://www.usajobs.gov:443/job/876363700,2026-07-15T00:00:00.0000,management analyst,business,
FINANCIAL MANAGEMENT ANALYST,"You will serve as a FINANCIAL MANAGEMENT ANALYST of SURFACE WARFARE OFFICERS SCHOOL. Salary for the GS-12 position: $101,375 - $131,790. Salary for the GS-11 position: $84,579 - $109,959.",usajobs,ST-13008190-26-DLU,Naval Education and Training Command,"Newport, Rhode Island",https://www.usajobs.gov:443/job/876929600,2026-07-20T00:00:00.0000,management analyst,business,
Management and Program Analyst,"Protect your homeland and defend your culture. Join USCIS, America's frontline defense against illegal foreign infiltration and fraud. As a Management and Program Analyst, you will implement, coordinate, and analyze a variety of management trainings and resource management functions.",usajobs,13007052-IDPPRD-IMP-26,Citizenship and Immigration Services,Multiple Locations,https://www.usajobs.gov:443/job/876979700,2026-07-17T09:31:25.7900,management analyst,business,
FINANCIAL MANAGEMENT ANALYST,"You will serve as a FINANCIAL MANAGEMENT ANALYST in the OPTAR Accounting Division of PAC FLEET SUB FORCE OPS COMPONENT. Pay range FOR GS-11: $77,964 - $101,359 FOR GS-09: $64,438 - $83,774",usajobs,ST-13014283-26-JLK,U.S. Pacific Fleet,"Pearl Harbor, Hawaii",https://www.usajobs.gov:443/job/877170700,2026-07-20T09:48:42.2970,management analyst,business,
Management/Program Analyst,"This assignment is a 1-year non-reimbursable assignment. Homeland Security Investigations (HSI) Management/Program Analyst Series Requested: 0301 Security Clearance: Secret Virtual/Remote: No Only current, full-time federal employees are eligible. Resumes are reviewed every 30 days until selection/closing date. This is a Detail, not a Developmental Rotation. Supervisory approval form must be signed.",usajobs,JDP-12961528-26-DJ,Department of Homeland Security - Agency Wide,"Washington, District of Columbia",https://www.usajobs.gov:443/job/869242100,2026-05-13T00:00:00.0000,management analyst,business,
MANAGEMENT & PROGRAM ANALYST (MANPOWER),You will serve as a MANAGEMENT & PROGRAM ANALYST (MANPOWER) in the MANPOWER OPERATIONS (N122) DIRECTORATE OF MANPOWER AND PERSONNEL of BUREAU OF MEDICINE AND SURGERY. This is a RE-ADVERTISEMENT of Announcement Number:ST-12990276-26-ATW. Applicants that have previously applied NEED to re-apply to this announcement.,usajobs,ST-13007016-26-ATW,Naval Medical Command,"Falls Church, Virginia",https://www.usajobs.gov:443/job/876500100,2026-07-14T15:24:40.9200,management analyst,business,
Management and Program Analyst,Serves as a management and program analyst for the Planning and Requirements Group at the Western Service Center of the Federal Aviation Administration (FAA).,usajobs,ANM-ATO-26-1542732-99443,Federal Aviation Administration,"Des Moines, Washington",https://www.usajobs.gov:443/job/875548100,2026-07-08T00:00:00.0000,management analyst,business,
Management and Program Analyst (Finance Analyst),Incumbent serves as a management and program analyst for an organizational entity of the Federal Aviation Administration (FAA). Provides a wide range of administrative and analytical duties in the conduct of projects and studies of substantive functions to improve the overall work operations of the organization assigned.,usajobs,ANE-ATO-26-AJVE630-99466,Federal Aviation Administration,"College Park, Georgia",https://www.usajobs.gov:443/job/875594400,2026-07-08T00:00:00.0000,management analyst,business,
FINANCIAL MANAGEMENT ANALYST,"This is a Direct Hire Authority (DHA) solicitation utilizing the DHA for certain Competitive Service Positions to recruit and appoint qualified candidates to positions in the competitive service. About the Position: The incumbent will serve as a Financial Management Analyst at USSOUTHCOM Resources and Analysis Directorate - Financial Management and Comptroller Division in Miami, FL.",usajobs,SDSE-26-13008196-DHA,Joint Activities,"Miami, Florida",https://www.usajobs.gov:443/job/876793900,2026-07-16T10:23:51.9630,management analyst,business,
Management and Program Analyst,"This position is located at Departmental Offices,Management CFO - Strategy, Planning, and Performance Improvement. As a Management and Program Analyst, you will be a senior level consultant who leads complex, sensitive, and high-visibility management consulting projects for Treasury's most senior leaders. The work involves studying, evaluating, and providing policy and procedural recommendations concerning internal administrative operations, organizational structures, and management initiatives.",usajobs,26-DO-13001055,"Treasury, Departmental Offices","Washington, District of Columbia",https://www.usajobs.gov:443/job/876474300,2026-07-15T00:00:00.0000,management analyst,business,
Management and Program Analyst,"Protect your homeland and defend your culture. Join USCIS, America's frontline defense against illegal foreign infiltration and fraud. As a Management and Program Analyst, you will implement, coordinate, and analyze a variety of management programs, prepare and provide briefings and presentations, and develop and evaluate policies.",usajobs,13001526-FDSZAR-IMP-26,Citizenship and Immigration Services,"Arlington, Virginia",https://www.usajobs.gov:443/job/876078900,2026-07-10T10:35:16.8300,management analyst,business,
FINANCIAL MANAGEMENT ANALYST,You will serve as a FINANCIAL MANAGEMENT ANALYST in the Transportation Working Capital Fund Budget Execution Branch of MILITARY SEALIFT COMMAND. This is a RE-ADVERTISEMENT of Announcement Number:ST-12899039-26-ASK. Applicants that have previously applied NEED to re-apply to this announcement.,usajobs,ST-13003143-26-ASK,Military Sealift Command,"Naval Base, Norfolk, Virginia",https://www.usajobs.gov:443/job/875851200,2026-07-13T00:00:00.0000,management analyst,business,
SUPERVISORY MANAGEMENT ANALYST,"You will serve as a GG-0343-15 Supervisory Management Analyst for NAVAL INTELLIGENCE ACTIVITY in Springfield, VA. As the Deputy Chief of Staff, you will be responsible for the management of Research and Development Support Activity (RDSA) personnel, facilities, and corporate management functions.",usajobs,DEST-13006500-26-ELP,Naval Intelligence Activity,"Springfield, Virginia",https://www.usajobs.gov:443/job/876638000,2026-07-15T12:31:51.2200,management analyst,business,
Management and Program Analyst,"The position is located in the Architect of the Capitol (AOC), Capitol Grounds and Arboretum (CGA). The Analyst performs tasks in support of program and administrative functions including budgeting and financial management, procurement and inventory controls, advising management on effective strategic program operations, program analysis and special projects.",usajobs,CGA-2026-218,Architect of the Capitol,"Washington, District of Columbia",https://www.usajobs.gov:443/job/875269200,2026-07-02T13:05:20.1530,management analyst,business,business
MANAGEMENT AND PROGRAM ANALYST,"You will serve as a Management and Program Analyst in the Fleet and Family Readiness (FFR) Department (N9), Fleet Readiness Division (N92), Navy Ashore Food Service (Galley) (N925) of COMMANDER - NAVAL INSTALLATIONS COMMAND (CNIC).",usajobs,ST-13003822-26-BLB,"Commander, Navy Installations Command","Washington Navy Yard, District of Columbia",https://www.usajobs.gov:443/job/876602300,2026-07-20T00:00:00.0000,management analyst,business,
Management Analyst,"Click on ""Learn more about this agency"" button below to view Eligibilities being considered and other IMPORTANT information. The primary purpose of this position is to develop broad gauged individuals who can deal effectively with change complexity within the Air Force environment as it relates to the Manpower and Organization career field.",usajobs,U-26-DHA-12797234-JLE,Air Education and Training Command,Multiple Locations,https://www.usajobs.gov:443/job/846781700,2025-09-29T06:02:49.5330,management analyst,business,
Management Analyst,"About the Position: This position is located at USAJFK Special Warfare Center & School, Fort Bragg, NC.",usajobs,MCGT-26-13003358-MP,U.S. Special Operations Command (Army),"Fort Bragg, North Carolina",https://www.usajobs.gov:443/job/876222400,2026-07-13T07:59:29.0730,management analyst,business,
Management Analyst,"About the Position: This position is located at the Directorate of Resource Management at Tripler Army Medical Center (TAMC), which is on the Island of Oahu, Hawaii. This is a Direct Hire Authority (DHA) solicitation utilizing the DHA for Certain Personnel of the DoD to recruit and appoint qualified candidates to positions in the competitive service.",usajobs,HSJG-26-13001826-DHA,Military Treatment Facilities under DHA,"Tripler Army Medical Center, Hawaii",https://www.usajobs.gov:443/job/876348800,2026-07-13T00:00:00.0000,management analyst,business,
Management Analyst,Corrections professionals who foster a humane and secure environment and ensure public safety by preparing individuals for successful reentry into our communities.,usajobs,CO-2026-0421,Bureau of Prisons/Federal Prison System,"Washington, District of Columbia",https://www.usajobs.gov:443/job/876483600,2026-07-14T14:42:31.9200,management analyst,business,
Management Analyst,"About the Position: This position is in the Defense Civilian Intelligence Personnel System (DCIPS). Employees occupying DCIPS positions are in the Excepted Service and must adhere to U.S. Code, Title 10, as well as Department of Defense Instruction 1400.25. This position is located at the ST-IC-W00YAA US ARMY INTELLIGENCE AND SECURITY CMD. This position is located at Fort Belvoir, Virginia.",usajobs,SDST-26-1299718-DCIPS,U.S. Army Intelligence and Security Command,"Fort Belvoir, Virginia",https://www.usajobs.gov:443/job/876751300,2026-07-20T00:00:00.0000,management analyst,business,
FINANCIAL MANAGEMENT ANALYST,"You will serve as a Financial Management Analyst of COMMANDER NAVY REGION HAWAII. A post allowance amount, (otherwise known as: COLA), of 8.64% will be added to the stated salary. Post allowance is subject to change at any time. For additional information, please refer to the Joint Travel Regulations (JTR), Chapter 5 Part B.",usajobs,ST-13007538-26-DAC,"Commander, Navy Installations Command","Pearl Harbor, Hawaii",https://www.usajobs.gov:443/job/876592100,2026-07-20T00:00:00.0000,management analyst,business,
Management and Program Analyst,Incumbent serves as a management and program analyst for an organizational entity of the Federal Aviation Administration (FAA). Provides a wide range of administrative and analytical duties in the conduct of projects and studies of substantive functions to improve the overall work operations of the organization assigned.,usajobs,ANE-ATO-26-AJVE640-99472,Federal Aviation Administration,"College Park, Georgia",https://www.usajobs.gov:443/job/875614600,2026-07-09T13:58:05.7070,management analyst,business,
Management and Program Analyst,"Protect your homeland and defend your culture. Join USCIS, America's frontline defense against illegal foreign infiltration and fraud. As a Management and Program Analyst, you will develop new, or recommend changes to, existing issuances and directive to improve the efficiency and effectiveness of the program office.",usajobs,13007705-VEROM-IMP-26,Citizenship and Immigration Services,Location Negotiable After Selection,https://www.usajobs.gov:443/job/876796900,2026-07-16T10:30:18.8600,management analyst,business,
MANAGEMENT & PROGRAM ANALYST,"This is a public notice flyer to notify interested applicants of anticipated vacancies. Applications will not be accepted through this flyer. Interested applicants must follow the directions in the ""How to Apply"" section of this flyer to be considered. There may or may not be actual vacancies filled from this flyer. Notice of Result letters will not be sent to applicants who respond to this flyer.",usajobs,DE-13005363-26-MJR,United States Fleet Forces Command,"Naval Weapons Station, Yorktown, Virginia",https://www.usajobs.gov:443/job/876405900,2026-07-15T00:00:00.0000,management analyst,business,
FINANCIAL MANAGEMENT ANALYST,"THIS IS A NATIONAL GUARD TITLE 5 EXCEPTED SERVICE POSITION. This National Guard position is for a FINANCIAL MANAGEMENT ANALYST, Position Description Number PDT5636P01 and is part of the MA ANG 102nd IW, National Guard. This is a Non-Bargaining Unit position. The unit point of contact and contact phone for this position is: SMSgt Christopher Benoit at email: christopher.benoit@us.af.mil.",usajobs,MA-13011920-T5-26-102-014,Air National Guard Units,"Otis ANG Base, Massachusetts",https://www.usajobs.gov:443/job/876882800,2026-07-16T14:47:41.3470,management analyst,business,
Management and Program Analyst,"PLEASE NOTE: Based on the current hiring restrictions, selectees may be subject to additional approvals prior to an offer being extended. This position is located at Bureau of the Fiscal Service, Retail Payments and Accounting Division. As a Management and Program Analyst, you will be responsible for analysis of the efficiency and effectiveness of programs, development of improvements, implementation of new methods and procedures, and formation of long-range plans for the assigned organization.",usajobs,26-FS-13003228-MPA,Bureau of the Fiscal Service,"Parkersburg, West Virginia",https://www.usajobs.gov:443/job/876128200,2026-07-13T00:00:00.0000,management analyst,business,
SUPERVISORY MANAGEMENT & PROGRAM ANALYST,You will serve as a SUPERVISORY MANAGEMENT & PROGRAM ANALYST in the Operations Department of NAVSEA INACTIVE SHIPS MANAGEMENT.,usajobs,ST-13006018-26-JAS,Naval Sea Systems Command,"Portsmouth, Virginia",https://www.usajobs.gov:443/job/876764500,2026-07-17T00:00:00.0000,management analyst,business,
Management and Program Analyst,"Organizational Location: These positions are located in the Department of Homeland Security, U.S. Immigration and Customs Enforcement, Homeland Security Investigations (HSI), in Mount Laurel, New Jersey; Spring, Texas. Salary: The salary range indicated in this announcement will be adjusted to include locality payment for selected duty location. General Schedule locality pay tables may be found under Salaries & Wages.",usajobs,OPM-ICE-13005744-DHA-ER,Immigration and Customs Enforcement,Multiple Locations,https://www.usajobs.gov:443/job/876602800,2026-07-16T00:00:00.0000,management analyst,business,
Management and Program Analyst,"TTB's mission is steeped in America's history, from the time of the Whiskey Rebellion to the work of agents like Eliot Ness. We are a nationwide team dedicated to collect alcohol, tobacco, firearms, and ammunition excise taxes and ensure that alcohol beverages are labeled, advertised, and marketed by law. We rank among the top 15% of agency subcomponents in the 2024 Best Places to Work in the Federal Government.",usajobs,26-TTB-13001240,Alcohol and Tobacco Tax and Trade Bureau,"Cincinnati, Ohio",https://www.usajobs.gov:443/job/876147800,2026-07-10T14:21:59.3430,management analyst,business,
Management and Program Analyst,"The Smithsonian Institution is the world's largest museum, education, and research complex, with 21 museums and the National Zoo. This position is located in the Smithsonian Office of Protection Services (SOPS) which is responsible for the protection and security of all Smithsonian Institution facilities. OPS integrates and manages the work of all OPS security units across the Smithsonian, approximately 1200 staff and contractors, in a 24/7 operation.",usajobs,26R-LJ-314360-MPA-OPS,Smithsonian Institution ,"Washington, District of Columbia",https://www.usajobs.gov:443/job/876916200,2026-07-17T00:00:00.0000,management analyst,business,
SUPERVISORY FINANCIAL MANAGEMENT ANALYST,You will serve as a Supervisory Financial Management Analyst in the Financial Management Division of NAVY PERSONNEL COMMAND.,usajobs,ST-13007871-26-KGC,Bureau of Naval Personnel,"Millington, Tennessee",https://www.usajobs.gov:443/job/876654600,2026-07-16T00:00:00.0000,management analyst,business,
SUPERVISORY FINANCIAL MANAGEMENT ANALYST,You will serve as a SUPERVISORY FINANCIAL MANAGEMENT ANALYST in the Assistant Secretary of Navy (FM&C) of ASN.,usajobs,ST-13012002-26-RLN,Secretary of the Navy Offices (SECNAV),"Pentagon, Arlington, Virginia",https://www.usajobs.gov:443/job/876989400,2026-07-17T10:05:09.7730,management analyst,business,
SUPERVISORY FINANCIAL MANAGEMENT ANALYST,You will serve as a SUPERVISORY FINANCIAL MANAGEMENT ANALYST in the FINANCIAL ACCOUNTING DIVISION of COMMANDER NAVY REGION HAWAII A Cost-of-Living-Allowance (COLA) of 8.64% will be added to the stated salary. COLA is subject to change at any time.,usajobs,ST-13004409-26-DEM,"Commander, Navy Installations Command","Pearl Harbor, Hawaii",https://www.usajobs.gov:443/job/876953300,2026-07-20T00:00:00.0000,management analyst,business,
SUPERVISORY MANAGEMENT AND PROGRAM ANALYST,You will serve as a SUPERVISORY MANAGEMENT AND PROGRAM ANALYST in the headquarters element of the Marine Corps Warfighting Laboratory/Futures Directorate (MCWL/FD) under the Deputy Commandant of the Marine Corps for Combat Development and Integration.,usajobs,DE-13013380-26-JMM,U.S. Marine Corps,"Quantico, Virginia",https://www.usajobs.gov:443/job/876951200,2026-07-20T00:00:00.0000,management analyst,business,
FINANCIAL MANAGEMENT ANALYST,"This is a public notice flyer to notify interested applicants of anticipated vacancies through the STRL Mission Support Direct Hire Authority . Applications will not be accepted through this flyer. Interested applicants must follow the directions in the ""How to Apply"" section of this flyer to be considered. There may or may not be actual vacancies filled from this flyer. Notice of Result letters will not be sent to applicants who respond to this flyer.",usajobs,DE-12978473-26-MJP,Naval Air Systems Command,"China Lake, California",https://www.usajobs.gov:443/job/871866600,2026-06-09T00:00:00.0000,management analyst,business,
FINANCIAL MANAGEMENT ANALYST,"This is a public notice flyer to notify interested applicants of anticipated vacancies. Applications will not be accepted through this flyer. Interested applicants must follow the directions in the ""How to Apply"" section of this flyer to be considered. There may or may not be actual vacancies filled from this flyer. Notice of Result letters will not be sent to applicants who respond to this flyer. Salary by Grade Level: GS-09: $61,722 - $80,243 GS-11: $74,678 - $97,087",usajobs,DE-12987025-26-SAG,Naval Sea Systems Command,"Pascagoula, Mississippi",https://www.usajobs.gov:443/job/873391400,2026-06-17T00:00:00.0000,management analyst,business,
FINANCIAL MANAGEMENT ANALYST,"This job announcement uses the USA Hire Assessment to evaluate applicants. For more information, visit USA Hire Assessment. This vacancy announcement will be used to fill current vacancies and anticipated future vacancies. Onboarding is dependent upon favorable security/suitability determination and availability of work and vacancies. In some instances, individuals may not be employed for six months or more from the time they are approved by security.",usajobs,DFAS-DHA-LI-13000099-26,Defense Finance and Accounting Service,"Limestone, Maine",https://www.usajobs.gov:443/job/875738700,2026-07-08T13:05:19.4070,management analyst,business,business
FINANCIAL MANAGEMENT ANALYST,"This job announcement uses the USA Hire Assessment to evaluate applicants. For more information, visit USA Hire Assessment.",usajobs,ML-13000916-26,Defense Finance and Accounting Service,Multiple Locations,https://www.usajobs.gov:443/job/876086700,2026-07-14T00:00:00.0000,management analyst,business,
SUPERVISORY MANAGEMENT AND PROGRAM ANALYST,"Protect your homeland and defend your culture. Join USCIS, America's frontline defense against illegal foreign infiltration and fraud. As a SUPERVISORY MANAGEMENT AND PROGRAM ANALYST, you will provide oversight of a wide range of administrative and analytical duties in support of the intake and processing of immigration applications and benefits.",usajobs,13011917-IDPIOD-IMP-26,Citizenship and Immigration Services,Multiple Locations,https://www.usajobs.gov:443/job/876916800,2026-07-16T16:20:05.4700,management analyst,business,
Supervisory Management and Program Analyst,"Reclamation is seeking a career professional looking for an opportunity to capitalize on their expertise as a Supervisory Management and Program Analyst as the Group Manager of the Technical Service Center's Client Support Services Group. You can make a difference in the West by assisting in meeting increasing water demands while protecting the environment. Duty Location: Lakewood, CO",usajobs,BOR-DO-26-IMP-13006711-ERW,Bureau of Reclamation,"Lakewood, Colorado",https://www.usajobs.gov:443/job/876777700,2026-07-16T09:31:41.6970,management analyst,business,
Management and Program Analyst,"Position provides effective coaching, consulting and advising to management officials throughout the organization, upon request or as directed by management, in support of developing individual leaders and leadership teams, to ensure alignment with FAA/AVS/FS policy and guidance and organizational development strategies.",usajobs,AAL-AFB-26-AKDCB-99411,Federal Aviation Administration,FAA Nationwide-Selectee Remains in Current Duty Location,https://www.usajobs.gov:443/job/875356200,2026-07-07T00:00:00.0000,management analyst,business,business
MANAGEMENT AND PROGRAM ANALYST,"Click on ""Learn more about this agency"" button below to view Eligibilities being considered and other IMPORTANT information.",usajobs,9L-AFPC-13001329-373231-BHD,HQ USAF and Support Elements,"Arlington, Virginia",https://www.usajobs.gov:443/job/875602600,2026-07-07T15:15:43.2230,management analyst,business,
Management and Program Analyst,"Organizational Location: This position is with the Department of Homeland Security, within U.S. Customs and Border Protection, Office of Professional Responsibility (OPR), Mission Support Division (MSD), Human Capital Training Branch (HCTB) located in Washington, D.C. Additional selections may be made to include other organizational divisions and/or units within the duty location(s) listed above.",usajobs,OPR-IMP-12992429-ADS,Customs and Border Protection,"Washington, District of Columbia",https://www.usajobs.gov:443/job/875846100,2026-07-20T00:00:00.0000,management analyst,business,
Management and Program Analyst,Serves as an Administrative Support employee that is capable of supporting any and all technical programs associated with air traffic.,usajobs,AEA-ATO-26-BKY-99298,Federal Aviation Administration,"Ronkonkoma, New York",https://www.usajobs.gov:443/job/876069600,2026-07-11T00:00:00.0000,management analyst,business,
Management and Program Analyst,"Organizational Location: This position is with the Department of Homeland Security, within U.S. Customs and Border Protection, Office of International Affairs, Passport and Visa Branch, located in Washington DC. Additional selections may be made to include other organizational divisions and/or units within the duty location(s) listed above.",usajobs,INA-IMP-13006089-CCL,Customs and Border Protection,"Washington, District of Columbia",https://www.usajobs.gov:443/job/876435600,2026-07-15T00:00:00.0000,management analyst,business,
Management and Program Analyst,WHAT IS THE INDEPENDENT OFFICE OF APPEALS? A description of the business units can be found at: https://www.jobs.irs.gov/about/who/business-divisions Position(s) are to be filled in following area(s): Appeals - Collection Appeals This job (or announcement) is open to current permanent IRS competitive service employees in the Independent Office of Appeals business units. REVIEW THE ADDITIONAL INFORMATION BELOW FOR FURTHER DETAILS,usajobs,26-13000907C-APN-0343-15,Internal Revenue Service,Multiple Locations,https://www.usajobs.gov:443/job/876498600,2026-07-14T15:22:05.8230,management analyst,business,
Management and Program Analyst,"The System Tools & Information Management (STIM) Branch is a multi-disciplinary team of FAA employees and contractors responsible for mission-enabling, innovative technology such as Big Data, Data Science, Advanced Technologies (e.g., autonomous systems, robotic systems, data streaming), Cyber Security, Mobile Technologies, Process Engineering, Advanced Analytics (e.g. artificial intelligence, machine learning) and Human Factors to name a few.",usajobs,AAL-AFB-26-AKDCB-99552,Federal Aviation Administration,FAA Nationwide-Selectee Remains in Current Duty Location,https://www.usajobs.gov:443/job/876527900,2026-07-15T00:00:00.0000,management analyst,business,data_science
Management and Program Analyst,"Organizational Location: This position is with the Department of Homeland Security, within U.S. Customs and Border Protection, Office of Field Operations, San Francisco Field Office, Area port of San Francisco, located in San Francisco, California. Additional selections may be made beyond the total number of vacancies specified using this vacancy announcement. Further selections may also be made for additional organizational divisions and/or units within the duty location(s) listed above.",usajobs,OFO-DE-13007051-MLH,Customs and Border Protection,"San Francisco, California",https://www.usajobs.gov:443/job/876601600,2026-07-20T00:00:00.0000,management analyst,business,
Management and Program Analyst,WHAT IS TAXPAYER SERVICES? A description of the business units can be found at: https://www.jobs.irs.gov/about/who/business-divisions Position(s) are to be filled in following area(s): Taxpayer Services Service Center - DATA MGMT ANALYSIS & SUPPORT The range reflects the minimum locality to maximum locality for locations listed in the announcement. Salary will be based on selected duty location. REVIEW THE ADDITIONAL INFORMATION BELOW FOR FURTHER DETAILS,usajobs,26-13001813P-TSN-0343-11/12,Internal Revenue Service,Multiple Locations,https://www.usajobs.gov:443/job/876746500,2026-07-16T06:09:15.3270,management analyst,business,
Management and Program Analyst,"This position is located in the Bureau of Human Resources, Office of Employee Relations (HR/ER) which promotes the use of Department human resources (HR) by developing, implementing and promoting quality of life policy and programs, maintaining HR regulations, administering discipline processes and communicating to employees these programs. This position serves as a subject matter expert for client care of employees and family members affected by Anomalous Health Incidents (AHIs).",usajobs,M/HR-MPI-2026-0036,Department of State - Agency Wide,"Washington, District of Columbia",https://www.usajobs.gov:443/job/876978900,2026-07-20T00:00:00.0000,management analyst,business,business
Management and Program Analyst,"This position is located in the Architect of the Capitol (AOC), Office of the Chief of Operations, House Office Buildings, Office of the Executive Director. The incumbent assesses HOB strategic priorities and assists in developing a business plan targeting improvements in both effectiveness and efficiency of AOC priorities and objectives as outlined in the AOC Strategic Plan and Core Values.",usajobs,HOB-2026-293,Architect of the Capitol,"Washington, District of Columbia",https://www.usajobs.gov:443/job/877031600,2026-07-17T11:42:46.9900,management analyst,business,
Supervisory Management and Program Analyst,"This position is located in the Department of Health and Human Services, Administration for Strategic Preparedness and Response, headquartered in Washington, District of Columbia.",usajobs,HHS-ASPR-MP-26-12987594,Administration for Strategic Preparedness and Response,"Washington, District of Columbia",https://www.usajobs.gov:443/job/876797500,2026-07-20T00:00:00.0000,management analyst,business,
Management and Program Analyst (Term Position),"Organizational Location: These positions are located in the Department of Homeland Security, U.S. Immigration and Customs Enforcement, Homeland Security Investigations, in Washington, D.C. to include the Headquarters National Capitol Region. This is a term position Not to Exceed (NTE) 1 year and 1 day. These are non-bargaining unit positions. Additional selections may be made across the National Capitol Region through this vacancy announcement.",usajobs,HSI-12972614-DHA-RW,Immigration and Customs Enforcement,"Washington, District of Columbia",https://www.usajobs.gov:443/job/876501300,2026-07-15T00:00:00.0000,management analyst,business,
Supervisory Management Analyst (Branch Chief),"This position is located under the Office of Intelligence Operations, Operational Intelligence Division, Denial Enforcement & NICS Intelligence Branch in Martinsburg, WV. The purpose of this position is to provide a central point of control and continuity for the management of all ISOS employees, procedures, and analytic studies related to the sale of firearms to ATF and other Federal, State and local law enforcement agencies.",usajobs,26-OIO-MP-12967329-CLG,"Bureau of Alcohol, Tobacco, Firearms and Explosives","Martinsburg, West Virginia",https://www.usajobs.gov:443/job/876756300,2026-07-16T07:56:46.8170,management analyst,business,
MANAGEMENT AND PROGRAM ANALYST (COOPERATIVE AGREEMENTS),"THIS IS A NATIONAL GUARD TITLE 5 EXCEPTED SERVICE POSITION. This National Guard position is for a MANAGEMENT AND PROGRAM ANALYST (COOPERATIVE AGREEMENTS), Position Description Number T5111P01 and is part of the LA ARNG J8 JOINT RESOURCE MANAGEMENT OFFICE, National Guard.",usajobs,26LAHRO000012998126,Army National Guard Units,"Pineville, Louisiana",https://www.usajobs.gov:443/job/876091300,2026-07-10T11:14:07.2330,management analyst,business,
Management & Program Analyst (Policy and Regulation),"This position is in Education Service in of the Veterans Benefits Administration (VBA) in VA Central Office. The incumbent serves as member of a team of program analysts who draft the regulations and develop the policy needed to implement the programs administered by the Education Service of VBA. Programs administered by the Education Service include chapters 30, 32, 33, and 35 of title 38 U.S.C., section 510 and chapters 1606 and 1607 of title 10, and sections 901 and 903 of Public Law 93-342.",usajobs,101-EDU-12991562-26-LC-BU,Veterans Benefits Administration,Multiple Locations,https://www.usajobs.gov:443/job/876762500,2026-07-16T00:00:00.0000,management analyst,business,
Management and Program Analyst (MEPRS),"About the Position: This position is located at Brooke Army Medical Center, Fort Sam Houston, Texas. This is a Direct Hire Solicitation",usajobs,HSJW-26-13013271-DHA,Military Treatment Facilities under DHA,"Fort Sam Houston, Texas",https://www.usajobs.gov:443/job/876922400,2026-07-18T00:00:00.0000,management analyst,business,
MANAGEMENT & PROGRAM ANALYST (MILITARY & CIVILIAN ADMINISTRATIVE),"You will serve as a MANAGEMENT & PROGRAM ANALYST (MILITARY & CIVILIAN ADMINISTRATIVE) in the STAFF ADMINISTRATIVE & LOGISTICS DIRECTORATE, JOINT RESERVE INTELLIGENCE CENTER of NAVINFOWARDEVCEN NORFOLK.",usajobs,ST-13008485-26-MLV,United States Fleet Forces Command,"Naval Base, Norfolk, Virginia",https://www.usajobs.gov:443/job/876816700,2026-07-17T00:00:00.0000,management analyst,business,
Supervisory Financial Management Analyst,WHAT IS FACILITIES MANAGEMENT AND SECURITY SERVICES? A description of the business units can be found at: https://www.jobs.irs.gov/about/who/business-divisions Position(s) are to be filled in following area(s): FMSS-Budget REVIEW THE ADDITIONAL INFORMATION BELOW FOR FURTHER DETAILS,usajobs,26-12998965B-FMM-501-4,Internal Revenue Service,Multiple Locations,https://www.usajobs.gov:443/job/875808000,2026-07-09T00:00:00.0000,management analyst,business,
SUPERVISORY FINANCIAL MANAGEMENT ANALYST,"About the Position: This position supports the mission of J-8 Financial Operations Directorate, Direct Care Financial Management Division and is located in JBSA Fort Sam Houston, Texas. A recruitment or relocation incentive may be authorized. Salary negotiation may be available for those candidates who are new to Federal service. Leave accrual negotiation may be available for those candidates who are new to the Federal service.",usajobs,HQKF-26-13007698-MP,Defense Health Agency,"Fort Sam Houston, Texas",https://www.usajobs.gov:443/job/876642100,2026-07-17T00:00:00.0000,management analyst,business,
Supervisory Management and Program Analyst,WHAT IS FACILITIES MANAGEMENT & SECURITY SERVICES (FMSS)? A description of the business units can be found at: https://www.jobs.irs.gov/about/who/business-divisions Position(s) are to be filled in following area(s): FMSS- ENVIRONMENTAL HEALTH & SAFETY This job (or announcement) is open to current permanent IRS competitive service employees in FMSS - Facilities Management and Security Services business units. REVIEW THE ADDITIONAL INFORMATION BELOW FOR FURTHER DETAILS,usajobs,26-12999253B-FMM-0343-04,Internal Revenue Service,Multiple Locations,https://www.usajobs.gov:443/job/875443300,2026-07-08T00:00:00.0000,management analyst,business,
Supervisory Management and Program Analyst,"The position is located in the Architect of the Capitol (AOC), Office of the Chief of Operations, House Office Buildings (HOB), Office of the Executive Director. The incumbent serves as the jurisdiction lead over family and medical leave act and workers compensation.",usajobs,HOB-2026-288,Architect of the Capitol,"Washington, District of Columbia",https://www.usajobs.gov:443/job/875841500,2026-07-09T19:24:37.2770,management analyst,business,
Supervisory Program and Management Analyst,"Provides guidance, operational direction and administrative services supporting activities protecting the health, welfare and value of our nation's plants, animals and natural resources. Leads complex studies, evaluates programs, and develops recommendations to improve agency operations, resolving issues, and strengthen mission delivery, while enhancing program readiness and effectiveness. APHIS is an emergency response agency.",usajobs,MP-13004616-26-APH,Animal and Plant Health Inspection Service,Location Negotiable After Selection,https://www.usajobs.gov:443/job/876454200,2026-07-15T00:00:00.0000,management analyst,business,
Supervisory Management and Program Analyst,WHAT IS FACILITIES MANAGENENT AND SECURITY SERVICES? A description of the business units can be found at: https://www.jobs.irs.gov/about/who/business-divisions Position(s) are to be filled in following area(s): FMSS This job (or announcement) is open to current permanent IRS competitive service employees in Facilities Management and Security Services business units. REVIEW THE ADDITIONAL INFORMATION BELOW FOR FURTHER DETAILS,usajobs,26-13003797B-FMM-0343-04,Internal Revenue Service,Multiple Locations,https://www.usajobs.gov:443/job/876537800,2026-07-15T00:00:00.0000,management analyst,business,
Supervisory Management and Program Analyst,"This position is located in the Drug Enforcement Administration (DEA), New Orleans Division. This position(s) primary purpose is to manage and oversee of all aspects of the Business Operations Program (BOP) within the respective DEA Domestic Division.",usajobs,H-DEA-26-13005583-IMP-AS,Drug Enforcement Administration,"Metairie, Louisiana",https://www.usajobs.gov:443/job/876658800,2026-07-15T13:38:32.0670,management analyst,business,
Supervisory Management and Program Analyst,This is a Direct Hire Authority (DHA) solicitation utilizing the DHA for Domestic Defense Industrial Base (DIB) & Major Range and Test Facilities Base (MRTFB) to recruit and appoint qualified candidates to positions in the competitive service.,usajobs,MCGM-26-13008090-DHA,Army Tank-Automotive and Armament Command (TACOM),"Herlong Sierra Ordnance Depot, California",https://www.usajobs.gov:443/job/876709900,2026-07-16T00:00:00.0000,management analyst,business,
Management and Program Analyst (Technical Support Management Specialist),"Administrative support employee that can support any and all technical programs (i.e. Training, QC, Planning and requirements, and Airspace and procedures), project, policies and procedures associated with air traffic.",usajobs,AWP-ATO-26-14AJS-99634,Federal Aviation Administration,"Fremont, California",https://www.usajobs.gov:443/job/876941000,2026-07-20T00:00:00.0000,management analyst,business,
Management and Program Analyst (Correspondence),Incumbent serves as a management and program analyst for an organizational entity of the Federal Aviation Administration (FAA). Provides a wide range of administrative and analytical duties in the conduct of projects and studies of substantive functions to improve the overall work operations of the organization assigned.,usajobs,ANE-ATO-26-AJVE640-99469,Federal Aviation Administration,"College Park, Georgia",https://www.usajobs.gov:443/job/875578400,2026-07-09T00:00:00.0000,management analyst,business,
Management and Program Analyst (Acquisitions),"Organizational Location: This position is with the Department of Homeland Security, within U.S. Customs and Border Protection, Office of Office of Trade/Trade Transformation Office/Automated Commercial Environment Division located in one of the following locations Ashburn, VA Washington, DC Additional selections may be made for other organizational divisions and/or units within the duty location(s) listed above.",usajobs,OT-SMP-12998349-MWD,Customs and Border Protection,Multiple Locations,https://www.usajobs.gov:443/job/876247500,2026-07-14T00:00:00.0000,management analyst,business,
Program Analyst (Property Management Officer),"This position is in the FSIS Office of Management's Administrative Services Division (ASD), Property Management Branch (PMB). The Property Management Branch provides overall control, utilization, disposition, and management of FSIS personal property, both in headquarters and in the field for the Food Safety and Inspection Service.",usajobs,FSIS-26-MCE-13005612-JKM,Food Safety and Inspection Service,"Urbandale, Iowa",https://www.usajobs.gov:443/job/876781000,2026-07-16T09:41:55.7570,management analyst,business,
Manpower & Force Management Analyst (Hiring Event),"Manpower and Force Management Analysts are responsible for manpower planning, execution, and management of NGA's civilian and military positions. They provide manpower data, analysis, and recommendations for management decisions based on mission and Agency priorities. They manage manpower data, answer data queries, and ensure audit compliance. Manpower and Force Management Analysts implement NGA p",usajobs,20260238,National Geospatial-Intelligence Agency,"Springfield, Virginia",https://www.usajobs.gov:443/job/876033500,2026-07-13T00:00:00.0000,management analyst,business,cybersecurity
"Management Program Analyst (UX/UI Designer), GS-0343-13, FPL GS-13, (Direct Hire) (Open Continuous)","This position is in the U.S. Department of Education (ED), Federal Student Aid (FSA), Technology Directorate (TD). The Technology Directorate provides information technology services for all FSA systems, promoting the effective and secure use of technology to achieve FSA's strategic objectives through sound planning, investments, integrated technology architectures and standards, effective systems development, production support, and cybersecurity services.",usajobs,FSA-2026-0092,Federal Student Aid,Multiple Locations,https://www.usajobs.gov:443/job/873663000,2026-06-18T00:00:00.0000,management analyst,business,
"Management Program Analyst (UX/UI Designer), GS-0343-13, FPL GS-13 (TERM) (Direct Hire) (Continuous)","This position is located in the U.S. Department of Education (ED) Office of Federal Student Aid (FSA), Office of the Chief Technology Officer. FSA is a Principal Office of the United States Department of Education responsible for awarding billions of dollars in federal student aid funds. Our vision is to be the most trusted and reliable source of student financial aid, information, and services in the nation.",usajobs,FSA-2026-0102,Federal Student Aid,Multiple Locations,https://www.usajobs.gov:443/job/873673300,2026-06-18T00:00:00.0000,management analyst,business,
SUPERVISORY MANAGEMENT ANALYST - DIRECT HIRE AUTHORITY,"Click on ""Learn more about this agency"" button below to view Eligibilities being considered and other IMPORTANT information. The primary purpose of this position is to deliver center-level human resources policy, planning, resourcing, and services that enhances the Center's ability to support the warfighter as the Director of AFLCMC/DP.",usajobs,AFMC-034304-12988052-TGO,Air Force Materiel Command,"Wright-Patterson AFB, Ohio",https://www.usajobs.gov:443/job/873670600,2026-06-18T13:09:25.0970,management analyst,business,business
MANAGEMENT AND PROGRAM ANALYST (COOPERATIVE AGREEMENTS),"THIS IS A NATIONAL GUARD TITLE 32 EXCEPTED SERVICE POSITION. This position is located in the United State Property and Fiscal Officer (USPFO), Agreements Branch. DEFINITION OF AREA(S) OF CONSIDERATION: Area 1 = On-board technicians currently assigned to the Louisiana National Guard.",usajobs,26LAHRO000013003464,Army National Guard Units,"Pineville, Louisiana",https://www.usajobs.gov:443/job/876089200,2026-07-10T11:05:13.9970,management analyst,business,
Management Analyst (Medical Expense and Performance Reporting System),"About the Position: This position is located at Naval Branch Health Clinic Groton, Groton, Connecticut. A recruitment or relocation incentive may be authorized. Non-Federal work experience may be creditable for leave purposes. This is a Direct Hire Solicitation",usajobs,HSJT-26-13002526-DHA,Military Treatment Facilities under DHA,"Groton Submarine Base, Connecticut",https://www.usajobs.gov:443/job/875837900,2026-07-10T00:00:00.0000,management analyst,business,
Supervisory Resource Management Analyst (Medical Expense and Performance Reporting System),"About the Position: This position is located at Dwight D. Eisenhower Army Medical Center in Fort Gordon, GA. The position oversees the Medical Expense and Performance Reporting System (MEPRS) cost, workload, and performance reporting to support healthcare operations, resource management, and decision making. Provides supervisory oversight, technical direction, and system coordination to ensure accuracy, efficiency, and compliance. This is a Direct Hire Solicitation.",usajobs,HSJA-26-13005258-DHA,Military Treatment Facilities under DHA,"Fort Gordon, Georgia",https://www.usajobs.gov:443/job/876364300,2026-07-14T06:31:07.5970,management analyst,business,cybersecurity
Senior Program Analyst - DIRECT HIRE,"This position serves as a Senior Program Analyst in the Federal Transit Administration's (FTA) Guidance Division and provides expert leadership in the interpretation and application of OMB Uniform Guidance, federal grants management requirements, transportation laws, and agency policies.",usajobs,FTA.TPM-2026-0007,Federal Transit Administration,"Washington, District of Columbia",https://www.usajobs.gov:443/job/876634800,2026-07-16T00:00:00.0000,management analyst,business,business
Program Analyst (DTMO Travel Programs),"This position is part of the Defense Human Resources Activity. The incumbent serves as a Program Analyst providing advice on a broad range of programmatic and program management issues. The incumbent provides an essential service by integrating technical aspects with program management, including planning and scheduling, budgeting, expenditure accounting, and program analysis reporting.",usajobs,DHRA-DTMO-26-13010627-MP,Defense Human Resources Activity,"Alexandria, Virginia",https://www.usajobs.gov:443/job/876954300,2026-07-17T07:30:43.0200,management analyst,business,business
Budget Analyst,"The Budget Analyst performs budget administration functions in the management of research and medical care appropriated funds for the Veterans Rural Health Resource Center (VRHRC), Health Services Research (HSR) and associated research and operations programs.",usajobs,CBSY-13004602-26-LCS,Veterans Health Administration,"Iowa City, Iowa",https://www.usajobs.gov:443/job/876176400,2026-07-11T00:00:00.0000,management analyst,business,
PROGRAM ANALYST,You will serve as a Program Analyst in the Supply Management Department of NAVSUP FLT LOGISTICS CNTR SAN DIEGO.,usajobs,ST-13006624-26-AB,Naval Supply Systems Command,"Naval Station Complex, San Diego, California",https://www.usajobs.gov:443/job/876566400,2026-07-20T00:00:00.0000,management analyst,business,
PROGRAM ANALYST,You will serve as a PROGRAM ANALYST in the Office of the Assistant Secretary of the Navy (Financial Management and Comptroller (OASN (FM&C)) of ASN.,usajobs,ST-13003311-26-RLN,Secretary of the Navy Offices (SECNAV),"Pentagon, Arlington, Virginia",https://www.usajobs.gov:443/job/876364900,2026-07-14T06:42:26.7230,management analyst,business,
Program Analyst,"Serves as Program Analyst responsible for developing, analyzing, coordinating, and recommending Deputy Assistant Secretary of War for Nuclear Programs and Portfolio Management (DASW NPPM), OUSW(A&S) positions.",usajobs,DHA-12997813-26-NMP,Office of the Secretary of Defense,"Pentagon, Arlington, Virginia",https://www.usajobs.gov:443/job/875866400,2026-07-15T00:00:00.0000,management analyst,business,
County Program Analyst,"This is a County Program Analyst position, located in the Brown County FSA Office, in Green Bay, Wisconsin. This is a Shared Management office with Kewaunee County FSA Office. Major Responsibilities for this position can be found below.",usajobs,FSACO-13002261-26-WI-KM,Farm Service Agency,"Green Bay, Wisconsin",https://www.usajobs.gov:443/job/875727100,2026-07-10T00:00:00.0000,management analyst,business,
SUPERVISORY PROGRAM ANALYST,"This position is located in the Bureau of Consular Affairs, Passport Services Directorate, Office of Program Management and Operations Support, Internal Controls Division (CA/PPT/PMO/IC). The incumbent serves as a Supervisory Program Analyst of the Internal Controls Division.",usajobs,M/CA-MPI-2026-0038,Department of State - Agency Wide,"Washington, District of Columbia",https://www.usajobs.gov:443/job/875864000,2026-07-10T00:00:00.0000,management analyst,business,
"Environment, Safety, Health and Quality Specialist","The Management and Program Analyst will serve as an Environment, Safety, Health, and Quality (ESH&Q) Specialist, a senior professional role that supports the National Nuclear Security Administration's (NNSA) contractor oversight, performance evaluation, and safety validation mission in the Savannah River Field Office.",usajobs,26-NA-SV-XE-00784-DEU,National Nuclear Security Administration,"Aiken, South Carolina",https://www.usajobs.gov:443/job/875536300,2026-07-07T11:46:27.0700,management analyst,business,
SUPERVISORY PROGRAM ANALYST (PROJECT CONTROLS),"About the Position: Serves as Supervisory Program Analyst (Project Controls) providing centralized project management support in planning, scheduling, estimating, costing, project accounting, change management, and risk assessments for Civil Construction, Environmental, Operations, and Work for Others across the Army Corps of Engineers (USACE) - Pittsburgh District. Coordinates with leadership, managers, and HQ staff to ensure effective project controls and customer satisfaction.",usajobs,CEDB-26-13000566 MP,U.S. Army Corps of Engineers,"Pittsburgh, Pennsylvania",https://www.usajobs.gov:443/job/877264600,2026-07-20T15:30:22.4100,management analyst,business,business
Budget Analyst,"The Budget Analyst performs budget administration functions in the management of research and medical care appropriated funds for the Veteran's Rural Health Resource Center (VRHRC), Health Services Research and Development (HSR&D) and associated research and operations programs at the Iowa City VA Medical Center in Iowa City, IA.",usajobs,CARZ-13007188-26-SCH,Veterans Health Administration,"Iowa City, Iowa",https://www.usajobs.gov:443/job/876843700,2026-07-17T00:00:00.0000,management analyst,business,
Human Resources Specialist,"About the Position: Serves as a Human Resources Specialist and information analyst/integrator within the Human Resources Management Dir, under the Office of the Administrative Assistant to the Secretary of the Army. As a member of a multi-disciplined human resources team, provides analysis of key workforce indicators that support recommendations and decisions made by all levels of management officials within the Headquarters, Department of Army Principal Officials and subordinate elements.",usajobs,DAHT-26-13014080-MP,"Joint Services and Activities Supported by the Office, Secretary of the Army","Fort Belvoir, Virginia",https://www.usajobs.gov:443/job/877085300,2026-07-17T14:31:52.6200,management analyst,business,business
Supervisory Emergency Management Specialist (Federal Coordinating Officer),"The ideal candidate will have strong and sincere commitment to advancing FEMA's mission of helping people before, during, and after disasters, The Federal Coordinating Officer (FCO) will supervise the following levels or higher: Supervisory Emergency Management Specialist, Supervisory Program Manager, Supervisory Program Analyst, Division/Branch/Section Chief, Commanding Officer, Response Team Leader, Commissioner, Vice President and Directors.",usajobs,FEMA-KH-13005074-CORE,Federal Emergency Management Agency,Multiple Locations,https://www.usajobs.gov:443/job/876188900,2026-07-10T17:01:48.7830,management analyst,business,
Supervisory Budget Analyst,"This position serves as a Supervisory Budget Analyst within the Bureau of International Narcotics and Law Enforcement Affairs (INL), leading a team of Budget and Financial Management Analysts overseeing complex, high-visibility international assistance programs. Provides strategic budget planning, resource allocation, financial oversight, and develops and defends budget recommendations aligned with U.S. foreign policy priorities and program objectives.",usajobs,T/INL-MPI-2026-0014,Department of State - Agency Wide,"Washington, District of Columbia",https://www.usajobs.gov:443/job/876332700,2026-07-14T00:00:00.0000,management analyst,business,
Management Anaylst,"This position will serve as a Management Analyst for the Dept. of Labor, Occupational Safety and Health Administration, San Francisco Region, Portland Area Office with duty location of Portland, OR. This position is at the full performance level. This position is outside the bargaining unit. This position is NOT remote. Selectee will be expected to report to the office listed above.",usajobs,MS-26-BOS-OSHA-13005928-DDH,Occupational Safety and Health Administration,"Portland, Oregon",https://www.usajobs.gov:443/job/876374800,2026-07-14T08:19:43.9600,management analyst,business,
Selective Placement Program (Noncompetitive Appointments for Applicants with Disabilities),The Library of Congress is accepting applications from people who wish to be considered for employment at the Library under its Selective Placement Program (SPP). It is the policy of the Library to recruit and hire qualified applicants with targeted disabilities by assisting these individuals in obtaining employment consistent with their level of skills and abilities and their capacity for safe and efficient job performance.,usajobs,SPP- Register 2026,Library of Congress,Multiple Locations,https://www.usajobs.gov:443/job/850999700,2025-11-25T00:00:00.0000,management analyst,business,
Program Analyst,"As a Program Analyst with the Spaceport Management Office (SMO) within the Center Director's organization, you will be responsible for managing all elements of the program's workforce portfolio. You will serve as the Alternative Contracting Officer's Representative (COR) for contracts managed by the program. This position will oversee contract cost and schedule performance for services within the program's portfolio, ensuring Center services meet the varied needs of the Spaceport's customers.",usajobs,KSC-26-IMP-13006078-BP,John F. Kennedy Space Center,"Kennedy Space Center, Florida",https://www.usajobs.gov:443/job/876882300,2026-07-20T00:00:00.0000,management analyst,business,
BUDGET ANALYST T32,"THIS IS A NATIONAL GUARD TITLE 32 EXCEPTED SERVICE POSITION. This National Guard position is for a BUDGET ANALYST T32, PDD1008000 and is part of the AZ G4, National Guard.",usajobs,AZ-12876346-26-SW-26-075T,Army National Guard Units,"Phoenix, Arizona",https://www.usajobs.gov:443/job/857598500,2026-02-12T00:00:00.0000,management analyst,business,
PROGRAM ANALYST,"THIS IS A NATIONAL GUARD TITLE 32 EXCEPTED SERVICE POSITION. This National Guard position is for a PROGRAM ANALYST, Position Description Number PDD1911P01 and is part of the KS Joint Forces Headquarters, National Guard.",usajobs,KS-13002761-AR-26-171,Army National Guard Units,"Topeka, Kansas",https://www.usajobs.gov:443/job/876496200,2026-07-14T15:16:44.0330,management analyst,business,
INTELLIGENCE SPECIALIST - ALTERNATE HIRING AUTHORITY,"Click on ""Learn more about this agency"" button below for IMPORTANT additional information. The primary purpose of this position is to serve as the AFSC Software Directorate Intelligence Section Senior Cyber Intelligence Analyst & Subject Matter Expert for the Security & Intelligence Operations Branch, providing specialized cyber threat intelligence & Software Directorate intelligence support to facilitate the effective research, development, & sustainment of Air Force capabilities.",usajobs,AFMC-013214-12992011-CHH,Air Force Materiel Command,"Tinker AFB, Oklahoma",https://www.usajobs.gov:443/job/873962700,2026-06-24T00:00:00.0000,management analyst,business,
Program Analyst -DIRECT HIRE,"The Program Analyst supports the Federal Transit Administration (FTA) team by conducting analysis and research on critical program and policy matters. The role involves making strategic recommendations for communications activities, crafting public announcements, and developing high-quality online content. This position also manages internal and external communications, fosters public engagement, and produces essential speeches and comprehensive briefing materials for senior leadership.",usajobs,FTA.TCA-2026-0002,Federal Transit Administration,"Washington, District of Columbia",https://www.usajobs.gov:443/job/877106700,2026-07-20T00:00:00.0000,management analyst,business,business
Program Specialist (Human Resources),"About the Position: This position is in the Defense Civilian Intelligence Personnel System (DCIPS). Employees occupying DCIPS positions are in the Excepted Service and must adhere to U.S. Code, Title 10, as well as Department of Defense Instruction 1400.25. This position is located at the ST-IC-W1U301 US ARMY INTELLIGENCE AND SECURITY CMD Military Intelligence Civilian Excepted Career Program (MICECP) Human Resources Team..",usajobs,SDST-26-13002745-DCIPS,U.S. Army Intelligence and Security Command,"Fort Meade, Maryland",https://www.usajobs.gov:443/job/875989800,2026-07-13T00:00:00.0000,management analyst,business,business
Supervisory Procurement Analyst,"About the Position: You will serve as a full Deputy to the Division Chief, Business Oversight Branch Chief and as a Contracting Officer with unlimited monetary warrant authority and assist the Contracting Division Chief in all phases of the work of the division, sharing full and concurrent authority with the Chief for planning, scheduling, coordinating, supervising, and accomplishing programs and functions within Contracting Division's responsibility.",usajobs,CEDE-26-13014173-MP,U.S. Army Corps of Engineers,"Portland, Oregon",https://www.usajobs.gov:443/job/877257800,2026-07-20T15:05:06.1470,management analyst,business,
Market Compliance Specialist,"TTB's mission is steeped in America's history, from the time of the Whiskey Rebellion to the work of agents like Eliot Ness. We are a nationwide team dedicated to collect alcohol, tobacco, firearms, and ammunition excise taxes and ensure that alcohol beverages are labeled, advertised, and marketed by law. We rank among the top 15% of agency subcomponents in the 2024 Best Places to Work in the Federal Government.",usajobs,26-TTB-12996433,Alcohol and Tobacco Tax and Trade Bureau,"Washington, District of Columbia",https://www.usajobs.gov:443/job/875077500,2026-07-06T00:00:00.0000,management analyst,business,cybersecurity
"Management and Program Assistant (Office Automation), Temp NTE 1 year, May be extended up to 5 years",WHAT IS Taxpayer Services? A description of the business units can be found at: https://www.jobs.irs.gov/about/who/business-divisions Position(s) are to be filled in following area(s): TS SC - Submission Processing - Taxpayer Services REVIEW THE ADDITIONAL INFORMATION BELOW FOR FURTHER DETAILS,usajobs,26-12990841P-TSN-0344-05T06,Internal Revenue Service,Multiple Locations,https://www.usajobs.gov:443/job/876637300,2026-07-16T00:00:00.0000,management analyst,business,
Budget Analyst,"For more information on the Department of Justice and the United States Attorneys' Offices, visit http://www.justice.gov/usao/. As needed, additional positions may be filled using this announcement. This position is also being announced to applicants eligible to apply through Merit Staffing procedures under 26-WAW-12999677-MS.",usajobs,26-WAW-12999676-DE,Executive Office for U.S. Attorneys and the Office of the U.S. Attorneys,"Seattle, Washington",https://www.usajobs.gov:443/job/875414400,2026-07-07T00:00:00.0000,management analyst,business,
Budget Analyst,"For more information on the Department of Justice and the United States Attorneys' Offices, visit http://www.justice.gov/usao/. As needed, additional positions may be filled using this announcement. This position is also being announced to All U.S. Citizens and Nationals under 26-WAW-12999676-DE.",usajobs,26-WAW-12999677-MS,Executive Office for U.S. Attorneys and the Office of the U.S. Attorneys,"Seattle, Washington",https://www.usajobs.gov:443/job/875414900,2026-07-07T00:00:00.0000,management analyst,business,
Program Support Specialist,"This position is located in Everglades National Park, in the South Florida Natural Resources Center (SFNRC). This is a temporary promotion not to exceed 1 year, and can be extended up to 5 years.",usajobs,SE-1628-EVER-26-13000155-MP,National Park Service,"Homestead, Florida",https://www.usajobs.gov:443/job/875679700,2026-07-09T00:00:00.0000,management analyst,business,
Medical Administrative Specialist,"Located in historic downtown Charleston, SC, the Ralph H. Johnson VA Medical Center is a tertiary care teaching hospital providing the highest level quality for more than 75,000 Veterans along the South Carolina and Georgia coast. The Ralph H. Johnson VA is rated is the second fastest growing VA in the U.S. for percentage patient growth. For the past three years, the Charleston VA has been rated a 5-Star medical center for quality and efficiency.",usajobs,CBTB-12978883-26-AF,Veterans Health Administration,"Charleston, South Carolina",https://www.usajobs.gov:443/job/875823400,2026-07-09T10:04:22.9400,management analyst,business,
Budget Analyst,"This position is located in the Farm Production and Conservation (FPAC) Business Center (BC), Chief Financial Operations Office, Budget Division. The incumbent performs a full range of budgetary functions and duties associated with all phases of the FPAC-FBC-BD budget process for certain assigned program areas and implements budgetary policies affecting the financing.",usajobs,FPCBC-26-13004683-ST-BD-CM,Farm Production and Conservation (FPAC) Business Center,Multiple Locations,https://www.usajobs.gov:443/job/876469200,2026-07-14T13:57:08.7730,management analyst,business,
Supervisory Public Health Analyst,"This position is located in the Department of Health and Human Services, Health Resources and Services Administration, headquartered in Rockville, Maryland.",usajobs,HHS-HRSA-IMP-26-12980791,Health Resources and Services Administration,"Rockville, Maryland",https://www.usajobs.gov:443/job/876417200,2026-07-15T00:00:00.0000,management analyst,business,
"National Bank Examiner (Analyst to ADC), NB-0570-V.2","As a National Bank Examiner (Analyst to Assistant Deputy Comptroller), you will use advanced knowledge, judgment, and decision-making skills to advise and assist the Assistant Deputy Comptroller (ADC) in planning, organizing, and implementing functions of the field office. This position is located in Community Banks.",usajobs,MP2-CA-26-5502-12991447,Office of the Comptroller of the Currency,Multiple Locations,https://www.usajobs.gov:443/job/876612700,2026-07-15T11:12:41.5700,management analyst,business,
"National Bank Examiner (Analyst to ADC), NB-570-V.2","As a National Bank Examiner (Analyst to Assistant Deputy Comptroller), you will use advanced knowledge, judgment, and decision-making skills to advise and assist the Assistant Deputy Comptroller (ADC) in planning, organizing, and implementing functions of the field office. This position is located in Community Banks in one of the following locations: Cleveland, OH Pittsburgh, PA Detroit, MI",usajobs,MP-HQ-DB-26-5505-12997341,Office of the Comptroller of the Currency,Multiple Locations,https://www.usajobs.gov:443/job/877094200,2026-07-17T15:06:34.1200,management analyst,business,
Program Analyst,"The San Diego VA Healthcare System is currently hiring for a Program Analyst to serve as the Project Manager/Analyst in the Projects/Planning/Design Section of the Engineering Service. The incumbent is responsible for the development, implementation and monitoring of projects/programs with significant scope or complexity related to facility improvement upgrades.",usajobs,CBSX-12977375-26-JP,Veterans Health Administration,"San Diego, California",https://www.usajobs.gov:443/job/876937800,2026-07-17T00:00:00.0000,management analyst,business,
Supervisory Budget Analyst,"Organizational Location: This position is with the Department of Homeland Security, within U.S. Customs and Border Protection, Office of Human Resources Management, Mission Support Division, located in the following: Washington D.C. Indianapolis, IN Minneapolis, MN Additional selections may be made for other organizational divisions and/or units within the duty location(s) listed above.",usajobs,HRM-IMP-13004350-KMC,Customs and Border Protection,Multiple Locations,https://www.usajobs.gov:443/job/876252900,2026-07-16T00:00:00.0000,management analyst,business,business
SUPPLY TECHNICIAN (TITLE 32),"THIS IS A NATIONAL GUARD TITLE 32 EXCEPTED SERVICE POSITION. This National Guard position is for a SUPPLY TECHNICIAN (TITLE 32), Position Description Number D0889000 and is part of the IL USPFO, National Guard.",usajobs,IL-12993738-AR-26-211,Army National Guard Units,"Springfield, Illinois",https://www.usajobs.gov:443/job/874215000,2026-06-29T00:00:00.0000,management analyst,business,
Administrative Support Assistant (OA),"These positions are located in Southern Arizona Office, in the Administrative Division. Open to the first 50 applicants or until 07/24/2026 whichever comes first. All applications submitted by 11:59 (EST) on the closing day will receive consideration.",usajobs,IM-1541-SOAR-26-13005205-MP,National Park Service,Multiple Locations,https://www.usajobs.gov:443/job/877183700,2026-07-20T10:41:38.8830,management analyst,business,
Administrative Officer,"This position is established in the Department Veterans Affairs (VA), Veterans Benefits Administration (VBA), Office of Human Capital Services (HCS), Office of Staff Operations (OSO) Division, at HRC Jackson. The position is responsible for supporting the operations of the HRC, which is responsible for rendering recruitment and staffing services for the purpose of filling General Schedule Title 5 and Wage Grade positions throughout VBA which services all human resource needs within its purview.",usajobs,101-26-MM-13006985-NBU,Veterans Benefits Administration,Location Negotiable After Selection,https://www.usajobs.gov:443/job/876797100,2026-07-16T10:31:12.9630,management analyst,business,
Supervisory Program Analyst,"This position is in the Food and Drug Administration's (FDA's) Office of the Commissioner (OC), Office of Operations (OO), Office of Finance, Budget, and Acquisitions (OFBA). The incumbent serves as a Branch Chief providing the full range of supervisory responsibilities over multiple team leaders and subordinate specialist. Serves as subject matter authority on all aspects of travel programs and activities under the purview of the office.",usajobs,FDA-OO-26-IMP-13008160-PE,Food and Drug Administration,"Silver Spring, Maryland",https://www.usajobs.gov:443/job/876921400,2026-07-17T00:00:00.0000,management analyst,business,
Accounting Analyst,"*PLEASE NOTE THAT THIS VACANCY ANNOUNCEMENT IS ONLY OPEN TO CURRENT UNITED STATES POSTAL SERVICE OFFICE OF INSPECTOR GENERAL, UNITED STATES POSTAL SERVICE, UNITED STATES POSTAL INSPECTION SERVICE AND POSTAL REGULATORY COMMISSION EMPLOYEES. OTHER APPLICANTS WILL NOT BE CONSIDERED.",usajobs,IA-26-131A-13001327-PC,"Office of the Inspector General, USPS","Arlington, Virginia",https://www.usajobs.gov:443/job/875694800,2026-07-08T10:32:32.6330,management analyst,business,
Financial Analyst,"About the Position: Serves as a senior Financial Analyst for US Africa Command (AFRICOM) in the Comptroller Division. Acts as a subject-matter expert overseeing internal audits, travel programs, government purchase cards (GPC), and government travel cards (GTC). Partners with branch chiefs and program managers to deliver continuous financial analysis and track command-wide performance metrics.",usajobs,EUHR-26-12978604-MP,Joint Activities,"Stuttgart, Germany",https://www.usajobs.gov:443/job/876252400,2026-07-13T10:38:28.2400,financial analyst,business,business
Financial Analyst,"This position is in the Financial Department of the Clerk's Office, reporting directly to the Financial Manager. The employee performs and coordinates administrative, technical and professional work related to financial and accounting activities of the Court, including ensuring compliance with the appropriate guidelines, policies, and approved internal controls.",usajobs,26-19,U.S. Courts,"Detroit, Michigan",https://www.usajobs.gov:443/job/875830100,2026-06-29T00:00:00.0000,financial analyst,business,cybersecurity
Financial Analyst,"About the Position: This position is a DOD Cyber Excepted Service (CES) personnel system position in the Excepted Service under 10 USC 1599f. Employees occupying CES positions are in the Excepted Service and must adhere to U.S. Code, Title 10, as well as Department of Defense Instruction 1400.25. This position is located at the USCYBERCOM - Fort Meade, Maryland. .",usajobs,DAKB-26-13002428 MP,Joint Activities,"Fort Meade, Maryland",https://www.usajobs.gov:443/job/876317600,2026-07-14T12:25:52.8730,financial analyst,business,
SUPERVISORY FINANCIAL ANALYST - DIRECT HIRE AUTHORITY,"Click on ""Learn more about this agency"" button below to view Eligibilities being considered and other IMPORTANT information. The primary purpose of this position is to a first level supervisor, providing planning, directing, organizing, and exercising control over nonsupervisory employees assigned to the Resources Section, Resources and Requirements Branch, Resources & Requirements Division, Financial Management & Comptroller Directorate.",usajobs,AFMC-50103-12969988-JWJ,Air Force Materiel Command,"Lackland AFB, Texas",https://www.usajobs.gov:443/job/870439400,2026-05-22T12:43:08.7870,financial analyst,business,
Budget Analyst,These positions are located at a National Park Service unit and are responsible for performing a variety of substantive budgeting functions. Applicant Limit: Open to the first 100 applicants or until 07/24/2026 whichever comes first. All applications submitted by 11:59 (EST) on the closing day will receive consideration.,usajobs,NE-1611-NERO-26-12986314-ST,National Park Service,"Philadelphia, Pennsylvania",https://www.usajobs.gov:443/job/875899600,2026-07-10T00:00:00.0000,financial analyst,business,business
Practical Nurse,"The primary purpose of the Licensed Practical/License Vocational Nurse (LPN/LVN) is to perform assigned duties in a manner that promotes quality health care, positive customer service and the maintenance of an environment committed to serving the Veteran.",usajobs,CAZP-13013417-26-KME,Veterans Health Administration,"Iron Mountain, Michigan",https://www.usajobs.gov:443/job/877033100,2026-07-17T11:46:13.0770,financial analyst,business,
Business Intelligence Platform Developer,"IT Specialist (APPSW) Business Intelligence Platform Developer positions are being filled through the Office of Personnel Management's delegated Direct Hire Authority, open to all U.S. citizens. Selections made under this bulletin will be processed as new appointments to the civil service. Current civil service employees would, therefore, be given new appointments to the civil service. Under the provisions of the Direct Hire Authority, Veterans Preference and the ""Rule of Many"" do not apply.",usajobs,SSA12900535-26-DHA-CIO,Social Security Administration,"Woodlawn, Maryland",https://www.usajobs.gov:443/job/859667400,2026-03-04T00:00:00.0000,user experience designer,design,
